user_id,text_id,timestamp,state_change_valence_pred,state_change_arousal_pred
1,200,2021-06-09T12:41:57.000000,0.3175555555555555,-0.4359578947368421
1,201,2021-06-11T12:01:45.000000,-0.658040404040404,-0.03202729044834318
1,202,2021-06-13T13:15:07.000000,1.3748181818181822,0.28726851851851865
1,203,2021-06-16T12:03:12.000000,0.14156000000000013,-0.2321702898550726
1,204,2021-06-17T12:38:38.000000,,
2,23,2021-06-08T15:11:55.000000,0.31200000000000006,-0.32600000000000007
2,24,2021-06-11T17:10:13.000000,1.7143999999999997,-0.8523999999999999
2,25,2021-06-15T16:35:44.000000,-0.14539999999999997,0.6594
2,22,2021-06-18T15:36:22.000000,0.027000000000000135,-0.26580000000000004
2,34,2022-02-11T12:51:15.000000,-1.2368000000000001,-0.034399999999999986
2,35,2022-02-11T15:01:04.000000,1.2567999999999997,0.3927999999999999
2,36,2022-02-12T20:06:00.000000,-0.2223999999999995,-1.1519999999999997
2,37,2022-02-14T15:01:30.000000,0.06239999999999979,0.0823999999999998
2,38,2022-02-14T20:55:39.000000,-0.15039999999999987,0.7235999999999999
2,39,2022-02-15T15:16:55.000000,-0.10959999999999948,-0.47909999999999997
2,40,2022-02-15T20:02:31.000000,-0.4360000000000004,-0.0797000000000001
2,41,2022-02-16T11:56:54.000000,-1.3104000000000002,1.6122
2,42,2022-02-17T15:03:31.000000,0.2754000000000001,-0.7336666666666666
2,43,2022-02-17T20:01:03.000000,-0.4274,-0.5945333333333335
2,44,2022-02-18T10:16:46.000000,2.1839999999999997,-0.17759999999999998
2,45,2022-02-18T20:07:53.000000,-0.6768000000000001,-0.1552
2,46,2022-02-19T12:49:41.000000,-1.1855999999999995,0.4650000000000001
2,47,2022-02-19T15:05:34.000000,0.6399999999999998,-0.2993999999999999
2,48,2022-02-19T20:03:29.000000,1.2464000000000004,-0.1544000000000001
2,26,2022-02-20T20:02:31.000000,-1.2464000000000004,0.15439999999999987
2,27,2022-02-21T17:00:05.000000,-0.33279999999999976,0.33520000000000005
2,28,2022-02-21T20:34:57.000000,1.3232,-0.2671999999999999
2,29,2022-02-22T15:08:59.000000,-0.03259999999999996,0.4297333333333332
2,30,2022-02-22T20:07:38.000000,-0.16900000000000004,-0.5373333333333332
2,31,2022-02-23T11:03:27.000000,-2.042,0.31899999999999995
2,32,2022-02-23T16:13:47.000000,0.019600000000000006,0.30699999999999994
2,33,2022-02-23T20:01:13.000000,0.784,-0.4375999999999999
2,60,2022-05-12T10:02:00.000000,-0.24559999999999993,0.46709999999999996
2,61,2022-05-12T17:35:00.000000,1.875,0.06699999999999995
2,62,2022-05-12T20:01:00.000000,-0.08939999999999992,-0.20289999999999997
2,63,2022-05-13T10:20:00.000000,0.3039999999999998,0.7071999999999999
2,64,2022-05-13T15:45:00.000000,-0.14800000000000013,-1.3416
2,65,2022-05-13T20:00:00.000000,-0.6515999999999997,0.28779999999999994
2,66,2022-05-14T12:39:00.000000,0.8603999999999998,-0.09739999999999993
2,67,2022-05-14T15:09:00.000000,-0.8503999999999996,-0.4375999999999999
2,68,2022-05-14T20:00:00.000000,0.12959999999999994,0.33279999999999976
2,69,2022-05-15T11:51:00.000000,-1.1016000000000001,1.0818666666666668
2,70,2022-05-15T16:33:00.000000,0.5816000000000001,-0.5442666666666667
2,71,2022-05-15T20:17:00.000000,-0.6640000000000001,-0.32000000000000006
2,72,2022-05-16T10:55:00.000000,0.6367999999999998,-0.01759999999999995
2,73,2022-05-16T15:23:00.000000,1.0672,-0.6399999999999998
2,74,2022-05-16T20:28:00.000000,0.06879999999999997,0.25839999999999974
2,75,2022-05-17T15:22:00.000000,-0.488,-0.34620000000000006
2,76,2022-05-17T20:00:00.000000,0.4320000000000004,0.18940000000000023
2,77,2022-05-18T15:04:00.000000,-0.0047999999999999154,0.2567999999999999
2,78,2022-05-18T20:32:00.000000,-1.9456000000000002,0.2512
2,79,2022-05-19T10:00:00.000000,0.786,-0.5783999999999999
2,80,2022-05-19T15:09:00.000000,-2.6740000000000004,1.1223999999999998
2,81,2022-05-19T20:21:00.000000,0.5424000000000002,-0.11120000000000008
2,82,2022-05-20T11:08:00.000000,-1.4604000000000001,0.5648
2,83,2022-05-20T15:51:00.000000,2.5228,-0.8368000000000001
2,84,2022-05-20T20:00:00.000000,0.6511999999999999,0.04160000000000019
2,49,2022-05-21T15:08:00.000000,1.14,0.3416
2,50,2022-05-21T21:00:00.000000,-0.2599999999999998,-0.35840000000000005
2,51,2022-05-22T10:20:00.000000,-1.0192,-0.6776000000000001
2,52,2022-05-22T20:00:00.000000,-0.9120000000000001,0.6848000000000001
2,53,2022-05-23T10:14:00.000000,-0.5087999999999999,1.0888
2,54,2022-05-23T15:02:00.000000,2.9984,-1.6176
2,55,2022-05-23T20:01:00.000000,-0.28800000000000026,0.8184
2,56,2022-05-24T11:53:00.000000,0.35519999999999996,-0.4848
2,57,2022-05-24T15:34:00.000000,-0.17359999999999998,0.06280000000000008
2,58,2022-05-24T20:00:00.000000,-1.0199999999999998,-0.20600000000000007
2,59,2022-05-25T15:06:00.000000,1.0679999999999998,0.7452
2,100,2022-09-05T20:01:52.000000,-1.1799999999999997,-0.5843999999999999
2,101,2022-09-06T11:51:38.000000,1.19,0.2727999999999998
2,102,2022-09-06T15:03:01.000000,0.16599999999999993,-0.3487999999999998
2,103,2022-09-06T20:00:44.000000,-0.3064,-0.2168000000000001
2,104,2022-09-07T12:22:50.000000,-1.8824,1.7042
2,105,2022-09-07T15:03:55.000000,-0.8331999999999998,-0.19833333333333325
2,106,2022-09-07T20:00:27.000000,2.298,-1.4418666666666666
2,107,2022-09-08T10:03:51.000000,-0.30600000000000005,1.2511999999999999
2,108,2022-09-08T16:56:45.000000,-1.4108,-0.9247999999999998
2,109,2022-09-08T20:00:46.000000,2.0048,-0.2352000000000002
2,110,2022-09-09T11:48:47.000000,0.6280000000000001,1.2200000000000002
2,111,2022-09-09T15:03:05.000000,-0.2749999999999999,-1.0445
2,112,2022-09-09T20:03:17.000000,-2.5962,-0.10910000000000009
2,113,2022-09-10T11:58:39.000000,1.9352000000000003,0.35760000000000003
2,114,2022-09-10T16:09:08.000000,-5.09,0.784
2,115,2022-09-10T20:57:53.000000,4.974,0.8733333333333337
2,116,2022-09-11T10:48:10.000000,-0.8266666666666669,-0.3653333333333335
2,117,2022-09-11T15:02:50.000000,-1.1541333333333332,-1.4488
2,118,2022-09-11T20:43:57.000000,1.3663999999999998,-0.057600000000000096
2,119,2022-09-12T10:05:17.000000,-0.9515999999999998,1.0530666666666666
2,120,2022-09-12T15:15:41.000000,1.1723999999999999,-1.2378666666666667
2,121,2022-09-12T20:03:28.000000,-0.7807999999999998,-0.2832
2,122,2022-09-13T15:21:44.000000,-0.38880000000000003,0.4616
2,123,2022-09-13T20:07:03.000000,0.4768,-0.30879999999999996
2,85,2022-09-14T11:54:08.000000,-0.5936,0.6615999999999999
2,86,2022-09-14T15:26:22.000000,0.9792000000000002,-0.809
2,87,2022-09-14T21:24:50.000000,-0.0464,0.03620000000000001
2,88,2022-09-15T10:14:08.000000,-0.8808000000000002,1.9234666666666667
2,89,2022-09-15T15:00:48.000000,-0.3063999999999999,-1.6210666666666667
2,90,2022-09-15T20:08:19.000000,2.6752000000000002,-0.42479999999999984
2,91,2022-09-16T12:35:34.000000,-1.0752000000000002,0.3841999999999999
2,92,2022-09-16T20:01:48.000000,-1.4128,0.2702
2,93,2022-09-17T11:05:25.000000,-0.9208000000000001,0.41779999999999995
2,94,2022-09-17T15:57:32.000000,-0.4423999999999999,-0.5593999999999999
2,95,2022-09-17T20:04:56.000000,0.8064,1.1644
2,96,2022-09-18T16:11:56.000000,0.5312,-1.4916
2,97,2022-09-18T20:45:26.000000,-1.3536,0.42399999999999993
2,98,2022-09-19T10:24:21.000000,0.14879999999999993,0.20799999999999996
2,99,2022-09-19T15:03:35.000000,1.3088000000000002,-0.396
2,141,2023-03-10T20:10:29.000000,-2.7712,0.6976000000000001
2,142,2023-03-11T15:11:51.000000,5.5984,-0.8640000000000001
2,143,2023-03-11T20:00:37.000000,-2.6672000000000002,0.3056000000000001
2,144,2023-03-12T15:01:57.000000,-3.6575999999999995,1.0015999999999998
2,145,2023-03-12T22:00:17.000000,4.335999999999999,-1.0528
2,146,2023-03-13T10:16:27.000000,-0.2128,0.5446
2,147,2023-03-13T16:20:45.000000,-0.5872000000000002,-0.2133999999999998
2,148,2023-03-13T20:01:02.000000,-0.5695999999999999,-0.41280000000000017
2,149,2023-03-14T10:34:15.000000,-0.4820000000000001,0.8672000000000001
2,150,2023-03-14T15:43:34.000000,1.3523999999999998,-0.7047999999999999
2,151,2023-03-14T20:07:45.000000,-0.6735999999999996,0.25039999999999984
2,152,2023-03-15T11:07:34.000000,2.9903999999999997,-0.7375999999999999
2,153,2023-03-15T15:08:34.000000,-0.12159999999999993,0.10319999999999996
2,154,2023-03-15T21:13:49.000000,-1.3791999999999998,-0.03600000000000003
2,155,2023-03-16T10:15:36.000000,-0.22639999999999993,0.016800000000000148
2,156,2023-03-16T17:53:55.000000,0.3320000000000001,0.6431999999999998
2,157,2023-03-16T20:12:17.000000,-2.4464000000000006,0.5448000000000002
2,158,2023-03-17T15:39:27.000000,1.1352000000000002,-0.5744
2,159,2023-03-17T20:15:51.000000,2.1719999999999997,-0.8919999999999999
2,160,2023-03-18T10:25:09.000000,0.6215999999999999,0.4879999999999999
2,161,2023-03-18T15:05:32.000000,0.07460000000000022,0.8664
2,162,2023-03-18T20:03:11.000000,-1.1458000000000004,-0.8672000000000001
2,124,2023-03-19T10:40:55.000000,1.0392000000000001,0.0928000000000001
2,125,2023-03-19T16:01:29.000000,0.03200000000000003,-0.09199999999999997
2,126,2023-03-19T21:51:43.000000,-0.21999999999999975,0.055199999999999916
2,127,2023-03-20T10:01:51.000000,-2.5728,0.2360000000000001
2,128,2023-03-20T17:03:02.000000,0.04959999999999998,-0.2664000000000001
2,129,2023-03-20T21:28:09.000000,2.0608,-0.11599999999999999
2,130,2023-03-21T11:27:16.000000,-0.7056,-0.24320000000000008
2,131,2023-03-21T17:31:20.000000,0.0,2.220446049250313e-16
2,132,2023-03-21T21:49:23.000000,1.3007999999999997,0.04079999999999995
2,133,2023-03-22T11:22:36.000000,-0.028799999999999937,0.5055999999999999
2,134,2023-03-22T15:00:58.000000,-0.5055999999999998,-0.7000000000000001
2,135,2023-03-22T22:12:32.000000,-1.9216,0.5888
2,136,2023-03-23T10:47:53.000000,1.0712,-0.6248
2,137,2023-03-23T15:03:09.000000,0.3448000000000002,0.20160000000000022
2,138,2023-03-23T21:25:36.000000,-1.016,0.37119999999999986
2,139,2023-03-24T11:13:43.000000,0.2719999999999999,-0.05679999999999996
2,140,2023-03-24T15:01:07.000000,1.2784000000000004,-0.33519999999999983
2,176,2023-06-27T15:00:27.000000,0.46079999999999943,0.05679999999999974
2,177,2023-06-27T20:00:31.000000,-1.6175999999999997,0.26080000000000003
2,178,2023-06-28T10:16:43.000000,-2.9264,1.2559999999999998
2,179,2023-06-28T17:29:55.000000,0.7632000000000001,-0.9351999999999998
2,180,2023-06-29T10:22:22.000000,2.0031999999999996,-0.7224000000000002
2,181,2023-06-29T15:26:13.000000,0.10400000000000009,0.15680000000000005
2,182,2023-06-29T21:20:18.000000,-0.0048000000000003595,0.21760000000000002
2,183,2023-06-30T11:59:05.000000,0.4224000000000001,-0.2816000000000001
2,184,2023-06-30T17:13:09.000000,1.0672000000000001,-0.06559999999999988
2,185,2023-06-30T20:26:32.000000,-2.3168,0.5456000000000001
2,186,2023-07-01T10:02:54.000000,2.5712,-0.6032
2,187,2023-07-01T16:47:20.000000,0.06639999999999979,0.4575999999999999
2,188,2023-07-01T20:55:14.000000,-0.3719999999999999,-0.33840000000000015
2,189,2023-07-02T10:44:30.000000,-0.38439999999999985,-0.0481999999999998
2,190,2023-07-02T20:08:41.000000,0.5235999999999996,0.34020000000000006
2,191,2023-07-03T12:59:27.000000,-0.2415999999999996,-0.20520000000000005
2,192,2023-07-03T15:28:20.000000,-0.9136000000000002,-0.08279999999999998
2,193,2023-07-03T20:30:41.000000,1.1071999999999997,0.019999999999999796
2,194,2023-07-04T10:04:44.000000,-0.23839999999999995,0.22480000000000022
2,195,2023-07-04T15:12:53.000000,-2.5936,-0.039200000000000235
2,196,2023-07-04T21:59:35.000000,1.6239999999999999,-0.35519999999999996
2,197,2023-07-05T11:33:48.000000,0.9104000000000001,0.03640000000000021
2,198,2023-07-05T15:54:38.000000,0.3639999999999999,0.4515999999999998
2,199,2023-07-05T20:03:13.000000,0.0823999999999998,-0.2904
2,163,2023-07-06T11:26:59.000000,0.2056,0.6348
2,164,2023-07-06T17:15:45.000000,-0.5951999999999997,-0.44120000000000004
2,165,2023-07-06T22:40:10.000000,0.4321999999999999,0.12519999999999998
2,166,2023-07-07T12:30:48.000000,0.10380000000000011,0.21320000000000017
2,167,2023-07-07T16:03:28.000000,0.0,-1.1102230246251565e-16
2,168,2023-07-07T21:11:09.000000,-0.33519999999999994,-0.6456
2,169,2023-07-08T12:00:30.000000,-0.3615999999999997,0.6474
2,170,2023-07-08T17:21:54.000000,0.06079999999999952,-0.7353999999999998
2,172,2023-07-09T12:01:21.000000,-3.2767999999999997,0.6063999999999998
2,173,2023-07-09T15:18:29.000000,2.6,0.006399999999999961
2,174,2023-07-10T17:44:51.000000,1.2215999999999998,-0.028799999999999826
2,175,2023-07-10T21:53:13.000000,,
3,251,2021-06-08T12:26:16.000000,-0.6236842105263161,0.5061111111111111
3,252,2021-06-09T13:41:40.000000,-0.01995215311004772,-0.23715873015873012
3,253,2021-06-11T15:13:48.000000,-0.9309636363636364,0.42388819875776407
3,254,2021-06-12T12:20:03.000000,0.7473272727272726,-0.41141200828157354
3,255,2021-06-13T14:54:41.000000,,
4,279,2021-06-11T13:42:03.000000,-0.5167999999999998,-0.3445999999999998
4,280,2021-06-12T19:43:30.000000,-1.44,0.2295999999999998
4,281,2021-06-13T14:06:41.000000,-1.7144000000000004,-0.15999999999999992
4,282,2021-06-14T14:01:15.000000,-0.05039999999999978,0.20879999999999987
4,283,2021-06-15T12:03:56.000000,0.6126,-0.048799999999999955
4,284,2021-06-16T12:24:40.000000,4.3786,-1.221
4,285,2021-06-17T14:02:11.000000,-4.542399999999999,1.4739999999999998
4,286,2021-06-18T13:58:56.000000,,
6,307,2022-02-12T22:19:32.000000,1.0237999999999998,0.06319999999999992
6,308,2022-02-13T20:21:12.000000,-3.5221999999999998,1.2152
6,309,2022-02-14T20:51:50.000000,2.6984000000000004,0.29359999999999986
6,310,2022-02-15T12:17:14.000000,-1.2592,-0.7296
6,311,2022-02-16T10:40:46.000000,1.9088,-0.4119999999999999
6,312,2022-02-17T15:00:49.000000,0.28400000000000025,-1.1792
6,313,2022-02-17T20:00:44.000000,0.7431999999999994,0.756
6,314,2022-02-18T10:01:24.000000,-1.5631999999999993,0.6448
6,315,2022-02-19T20:56:13.000000,-0.5858000000000002,0.26960000000000006
6,316,2022-02-20T21:52:40.000000,-0.03739999999999999,-1.4634
6,304,2022-02-21T22:59:42.000000,-1.7624,1.617
6,305,2022-02-22T10:00:40.000000,0.8695999999999998,-0.2008000000000001
6,306,2022-02-24T10:00:33.000000,2.8762000000000003,1.0218000000000003
6,321,2022-05-15T10:03:00.000000,-0.6840000000000002,-0.8200000000000003
6,322,2022-05-16T12:47:00.000000,-3.257,-0.4905999999999999
6,323,2022-05-16T15:06:00.000000,0.3400000000000001,-0.7112
6,324,2022-05-18T20:07:00.000000,4.7448,-0.1352
6,325,2022-05-19T10:09:00.000000,-4.251799999999999,-0.16159999999999997
6,326,2022-05-19T16:19:00.000000,-1.9986000000000002,0.8096
6,327,2022-05-19T20:34:00.000000,0.5152000000000001,1.1880000000000002
6,328,2022-05-20T15:02:00.000000,,
7,347,2021-03-11T12:10:58.000000,-0.49400000000000044,-0.041529411764705815
7,348,2021-03-12T12:43:39.000000,,
8,368,2021-03-29T13:41:30.000000,-0.200222222222222,0.1892105263157895
8,369,2021-03-30T12:32:23.000000,,
10,407,2021-06-09T12:11:03.000000,0.9928000000000001,-0.8328
10,408,2021-06-10T17:08:20.000000,1.3929999999999998,0.5019999999999999
10,409,2021-06-11T12:03:33.000000,0.0,-1.1102230246251565e-16
10,410,2021-06-11T17:18:21.000000,,
11,439,2021-06-12T12:26:16.000000,1.4804444444444447,0.14627272727272733
11,440,2021-06-12T17:18:50.000000,-0.8872000000000001,-0.13497402597402608
11,441,2021-06-13T12:11:18.000000,0.9197333333333334,-0.03285714285714281
11,442,2021-06-14T12:09:02.000000,-1.7720333333333333,-0.11787428571428582
11,457,2022-02-16T10:05:52.000000,0.7041666666666667,0.17996000000000012
11,458,2022-02-16T16:34:30.000000,-0.29939393939393943,0.15862105263157888
11,459,2022-02-17T12:06:21.000000,1.4317939393939394,0.030801169590643274
11,460,2022-02-17T15:16:07.000000,-2.3020666666666667,0.24995959595959594
11,461,2022-02-18T10:01:18.000000,1.6841111111111111,-0.44507070707070695
11,462,2022-02-18T15:27:03.000000,-0.274711111111111,0.11458119658119648
11,463,2022-02-18T21:56:30.000000,0.20234999999999992,0.3234895104895106
11,464,2022-02-19T10:04:46.000000,-0.30927631578947323,0.11097607655502384
11,465,2022-02-19T15:21:06.000000,0.9891929824561397,-0.4213318077803203
11,466,2022-02-19T21:11:38.000000,-0.0891111111111107,0.09287391304347825
11,467,2022-02-20T10:04:37.000000,-1.0971345029239767,0.14349047619047617
11,468,2022-02-20T15:01:24.000000,1.0098011695906435,-0.25739047619047617
11,469,2022-02-20T20:04:48.000000,-1.2026928104575165,0.014463157894736844
11,470,2022-02-21T10:02:28.000000,0.4029705882352941,-0.09566315789473678
11,471,2022-02-21T15:10:39.000000,0.03649999999999998,0.15563076923076913
11,472,2022-02-22T10:16:59.000000,-0.023363636363636253,-0.24019373219373208
11,473,2022-02-22T15:28:13.000000,-0.12663636363636388,0.12287962962962962
11,474,2022-02-22T20:35:45.000000,0.34384210526315817,-0.24638725490196078
11,475,2022-02-23T10:01:15.000000,0.21077694235588962,0.31692513368983943
11,476,2022-02-23T15:08:16.000000,-0.47901904761904757,-0.14941454545454536
11,477,2022-02-23T21:07:47.000000,-0.3489636363636365,0.042059999999999986
11,478,2022-02-24T10:32:47.000000,-0.010363636363636186,0.19553636363636362
11,479,2022-02-24T15:00:50.000000,-0.8174949494949495,-0.08572727272727276
11,480,2022-02-24T20:02:13.000000,1.4965700483091784,-0.1124090909090909
11,443,2022-02-25T10:03:02.000000,-0.3921996779388083,-0.008203703703703602
11,444,2022-02-25T15:12:37.000000,-0.03174814814814808,0.06979461279461274
11,445,2022-02-25T20:03:18.000000,0.9392000000000004,-0.3878051948051948
11,446,2022-02-26T10:21:24.000000,-0.5198500000000004,0.7640672268907563
11,447,2022-02-26T15:01:25.000000,0.21982894736842074,-0.655686274509804
11,448,2022-02-26T21:37:07.000000,-0.3824678362573094,0.24217543859649127
11,449,2022-02-27T10:08:10.000000,0.0819797979797976,0.22493567251462
11,450,2022-02-27T15:09:16.000000,0.06533014354067002,-0.5168304093567253
11,451,2022-02-27T20:03:35.000000,-0.430921052631579,0.5064643962848299
11,452,2022-02-28T10:27:16.000000,0.7473000000000001,-0.37983281733746144
11,453,2022-02-28T15:00:39.000000,-0.17584761904761903,-0.08357894736842109
11,454,2022-02-28T20:28:30.000000,-0.32510622710622705,-0.04437037037037039
11,455,2022-03-01T15:01:14.000000,-0.3358461538461538,0.3106861598440547
11,456,2022-03-01T20:04:34.000000,0.325111111111111,-0.06095215311004776
11,490,2022-04-20T20:26:00.000000,-0.21238383838383834,0.2175454545454545
11,491,2022-04-21T10:00:00.000000,0.8143496503496501,-0.24090909090909085
11,492,2022-04-21T15:10:00.000000,-0.601804195804196,0.15909090909090906
11,493,2022-04-21T20:53:00.000000,-0.36597860962566797,-0.14186868686868692
11,494,2022-04-22T10:14:00.000000,0.5120392156862744,0.26068686868686874
11,495,2022-04-22T15:15:00.000000,1.0366666666666662,-0.08962337662337672
11,496,2022-04-22T22:02:00.000000,-1.1990588235294113,0.3490779220779222
11,497,2022-04-23T10:12:00.000000,-0.0058935574229692644,-0.4558899521531101
11,498,2022-04-23T15:13:00.000000,0.058666666666666756,0.13841520467836255
11,499,2022-04-23T22:06:00.000000,-0.28192481203007524,-0.012079365079365023
11,500,2022-04-24T10:01:00.000000,-0.6260751879699248,0.013190476190476197
11,501,2022-04-25T11:05:00.000000,-0.20921428571428557,-0.36722222222222234
11,502,2022-04-25T20:01:00.000000,0.4367727272727271,0.5304126984126984
11,503,2022-04-26T15:46:00.000000,0.03529870129870122,-0.6827619047619047
11,504,2022-04-26T20:52:00.000000,0.7152180451127821,0.47511688311688305
11,505,2022-04-27T10:01:00.000000,0.5760438596491224,-0.33179545454545467
11,506,2022-04-28T10:55:00.000000,0.13832051282051294,0.37502777777777796
11,507,2022-04-28T20:29:00.000000,-0.4292447552447549,-0.16625777777777784
11,481,2022-04-29T10:25:00.000000,-0.023797979797979707,-0.06197454545454539
11,482,2022-04-29T15:53:00.000000,0.18379797979797963,0.376802371541502
11,483,2022-04-29T21:23:00.000000,,
14,724,2021-06-08T18:11:57.000000,1.1516654545454545,-0.17717142857142865
14,725,2021-06-15T16:29:45.000000,-1.4586584615384617,0.5198128078817734
14,723,2021-06-17T13:11:30.000000,,
15,802,2021-06-09T20:12:27.000000,-0.16700000000000004,0.3648
15,803,2021-06-10T13:56:17.000000,-1.0415999999999999,-0.16720000000000002
15,804,2021-06-11T13:10:56.000000,1.2086,-0.35360000000000014
15,805,2021-06-12T16:27:18.000000,-3.1622,0.3264
15,806,2021-06-13T19:27:24.000000,3.7831999999999995,0.5376000000000001
15,807,2021-06-14T16:02:56.000000,-1.7999999999999996,-0.41400000000000015
15,808,2021-06-15T17:08:05.000000,1.4056000000000002,-0.9443999999999999
15,809,2021-06-16T17:34:55.000000,-0.7560000000000002,1.0634000000000001
15,810,2021-06-17T20:17:26.000000,-0.5005999999999999,-0.2270000000000001
15,801,2021-06-18T13:50:21.000000,,
16,822,2021-05-04T12:11:22.000000,0.7099999999999995,-0.18199999999999994
16,823,2021-05-05T21:33:02.000000,-0.13999999999999968,-0.7823333333333333
16,824,2021-05-06T12:03:49.000000,-0.7839999999999998,1.036
16,825,2021-05-07T12:28:59.000000,0.5859999999999994,0.2633333333333332
16,826,2021-05-08T12:46:49.000000,-0.39133333333333287,-0.47399999999999975
16,827,2021-05-09T12:40:11.000000,1.133333333333333,-0.20800000000000007
16,828,2021-05-10T15:56:13.000000,-0.450666666666667,-0.1186666666666667
16,829,2021-05-11T12:12:00.000000,5.476666666666667,0.6726666666666666
16,830,2021-05-12T12:48:40.000000,-4.049,-1.7434999999999998
16,816,2021-05-13T12:38:22.000000,3.5669999999999997,0.6194999999999999
16,817,2021-05-14T12:02:23.000000,-5.4559999999999995,1.7326666666666668
16,818,2021-05-15T12:57:14.000000,1.0880000000000003,-1.8940000000000001
16,819,2021-05-16T12:02:49.000000,-0.474666666666667,1.0673333333333335
16,820,2021-05-17T13:26:43.000000,3.5406666666666666,-0.35450000000000004
16,821,2021-05-18T12:00:23.000000,-3.7606666666666664,0.9265000000000003
16,844,2022-01-26T10:01:24.000000,-0.10533333333333328,-0.24800000000000022
16,845,2022-01-26T15:33:17.000000,-0.5653333333333332,-1.0106666666666668
16,846,2022-01-26T20:18:39.000000,5.365333333333333,-1.3833333333333335
16,847,2022-01-27T12:55:17.000000,-0.21333333333333293,0.46799999999999997
16,848,2022-01-27T16:17:09.000000,-4.453333333333333,0.7073333333333337
16,849,2022-01-27T22:13:41.000000,0.24400000000000022,1.3466666666666667
16,850,2022-01-28T10:28:27.000000,0.4826666666666666,0.34533333333333305
16,851,2022-01-28T15:00:58.000000,-1.4253333333333333,-0.3039999999999998
16,852,2022-01-28T20:15:55.000000,2.564,-1.512
16,853,2022-01-29T15:38:22.000000,2.3440000000000003,0.16133333333333322
16,854,2022-01-29T20:20:52.000000,-3.760266666666667,0.32533333333333336
16,855,2022-01-30T12:06:34.000000,-0.6677333333333331,1.4906666666666666
16,856,2022-01-30T15:36:49.000000,-0.05366666666666653,-0.5476666666666665
16,857,2022-01-31T10:03:58.000000,3.981,-1.3825
16,858,2022-01-31T15:11:47.000000,0.9579999999999997,-1.0985000000000003
16,859,2022-01-31T21:26:44.000000,-3.4799999999999995,0.8840000000000002
16,860,2022-02-02T20:01:17.000000,3.8208,-0.5096000000000002
16,861,2022-02-03T15:04:24.000000,-2.9424,0.4944000000000002
16,862,2022-02-03T20:28:44.000000,-2.8584,1.0952
16,831,2022-02-04T10:01:23.000000,5.46,-1.9639999999999997
16,832,2022-02-04T15:14:57.000000,-3.4106666666666667,1.174
16,833,2022-02-05T10:06:40.000000,0.3973333333333333,0.508
16,834,2022-02-05T15:36:44.000000,1.4593333333333334,-1.1644999999999999
16,835,2022-02-06T10:00:47.000000,0.04999999999999993,1.0695000000000001
16,836,2022-02-06T15:03:52.000000,-2.7279999999999998,-0.397
16,837,2022-02-07T12:39:02.000000,-0.5693333333333332,0.8079999999999999
16,838,2022-02-07T15:03:27.000000,5.874666666666666,0.1080000000000001
16,839,2022-02-08T10:00:49.000000,-2.0319999999999996,-0.18399999999999994
16,840,2022-02-08T15:07:19.000000,0.9586666666666663,-1.922
16,841,2022-02-08T20:09:01.000000,-0.9266666666666665,2.4619999999999997
16,842,2022-02-09T10:28:19.000000,-1.0706666666666667,-0.42733333333333356
16,843,2022-02-09T15:34:04.000000,-0.34054901960784306,-0.09737254901960779
16,867,2022-04-27T20:35:00.000000,0.06740616246498593,-0.6169783281733746
16,868,2022-04-28T15:19:00.000000,1.415476190476191,0.040160401002506285
16,869,2022-04-29T15:01:00.000000,-0.1318888888888894,0.16922380952380955
16,870,2022-04-30T10:03:00.000000,0.1651497584541064,-0.09281111111111118
16,871,2022-04-30T15:24:00.000000,-0.19500161030595797,0.16795726495726504
16,872,2022-05-01T15:04:00.000000,-2.3360925925925926,0.06124080267558529
16,873,2022-05-01T21:23:00.000000,3.059656862745097,-0.04765217391304344
16,874,2022-05-03T11:09:00.000000,-4.153394957983193,-0.8114347826086963
16,875,2022-05-03T20:45:00.000000,3.0848872180451137,1.0597777777777784
16,876,2022-05-04T10:47:00.000000,1.2568842105263154,-0.3682063492063492
16,877,2022-05-04T15:55:00.000000,-1.7627789473684212,0.25732857142857135
16,863,2022-05-08T15:03:00.000000,0.9209907120743033,0.03950000000000009
16,864,2022-05-09T15:23:00.000000,-2.3719302832244007,-0.3049384615384614
16,865,2022-05-10T16:13:00.000000,2.1593756613756607,0.23328039702233228
16,866,2022-05-10T20:20:00.000000,1.3171428571428572,-1.7237419354838712
16,887,2022-08-31T21:07:48.000000,-4.862,2.49
16,888,2022-09-01T10:02:28.000000,1.2373333333333332,-1.2693333333333334
16,889,2022-09-01T15:03:14.000000,-1.8693333333333333,0.07733333333333337
16,890,2022-09-01T20:31:43.000000,0.5920000000000001,0.9226666666666667
16,891,2022-09-02T10:06:33.000000,4.109333333333334,-0.6066666666666667
16,892,2022-09-02T15:02:50.000000,-4.164333333333333,-0.7846666666666667
16,893,2022-09-02T20:09:53.000000,0.07500000000000018,-0.0006666666666665932
16,894,2022-09-03T10:00:37.000000,2.2066666666666666,0.5418333333333333
16,895,2022-09-03T15:11:50.000000,2.506666666666667,-0.3178333333333334
16,896,2022-09-03T20:37:39.000000,-4.229333333333334,0.6333333333333334
16,897,2022-09-04T10:00:36.000000,-0.8293333333333333,-0.7159999999999999
16,898,2022-09-05T11:11:54.000000,5.035333333333334,0.3375999999999998
16,899,2022-09-05T15:35:44.000000,-1.0353333333333334,-0.5942666666666666
16,900,2022-09-05T20:17:26.000000,,
17,972,2021-06-12T12:19:10.000000,-0.016280000000000294,0.19227173913043483
17,973,2021-06-12T17:32:25.000000,0.05298000000000025,-0.16175000000000017
17,974,2021-06-13T12:16:35.000000,0.16710000000000003,0.151263157894737
17,975,2021-06-13T17:05:56.000000,0.41404705882352966,-0.037473684210526326
17,976,2021-06-14T12:08:34.000000,-0.17924705882352998,0.04521052631578937
17,977,2021-06-14T17:35:57.000000,-1.2423999999999997,0.014076923076923098
17,978,2021-06-15T22:03:14.000000,0.8539047619047619,-0.08764835164835161
17,979,2021-06-16T12:36:09.000000,0.43333333333333335,-0.08058646616541354
17,980,2021-06-16T17:50:43.000000,-0.3669523809523807,-0.01987914230019494
17,981,2021-06-16T22:44:13.000000,-0.2732857142857147,0.39253703703703713
17,1000,2022-01-25T10:01:40.000000,0.22743478260869543,-0.11525000000000007
17,1001,2022-01-25T15:05:12.000000,-0.4052681159420287,0.10999242424242428
17,1002,2022-01-25T20:03:39.000000,0.8927463768115945,-0.32601165501165497
17,1003,2022-01-26T10:39:06.000000,-0.2751304347826091,0.1716923076923077
17,1004,2022-01-26T15:22:06.000000,0.3376618357487924,0.150076923076923
17,1005,2022-01-26T21:43:55.000000,-0.37465134099616826,-0.03648484848484845
17,1006,2022-01-27T10:02:43.000000,-0.4622731034482762,-0.18682765151515157
17,1007,2022-01-27T20:01:40.000000,0.11592827586206922,0.06561250000000007
17,1008,2022-01-28T10:02:36.000000,0.005313628899835554,0.17656666666666654
17,1009,2022-01-28T15:20:22.000000,-0.05142857142857138,-0.06486666666666652
17,1010,2022-01-28T20:00:59.000000,0.6697066666666669,-0.29455172413793107
17,1011,2022-01-29T10:19:50.000000,-0.6862400000000003,0.006649285113540682
17,1012,2022-01-29T16:34:41.000000,-0.3529904761904762,0.01316559691912711
17,1013,2022-01-29T20:35:08.000000,0.3138375350140056,0.17408819345661453
17,1014,2022-01-30T10:12:37.000000,-0.39064705882352935,0.04951531531531539
17,1015,2022-01-30T15:01:33.000000,-0.4575454545454546,-0.07611666666666672
17,1016,2022-01-30T20:01:21.000000,0.8706883116883117,-0.0422499999999999
17,1017,2022-01-31T10:16:26.000000,0.32490062111801254,0.05588461538461531
17,1018,2022-01-31T20:13:35.000000,-0.19704347826086965,-0.044940170940171
17,1019,2022-02-02T21:36:24.000000,1.020774193548387,-0.04137547892720295
17,982,2022-02-03T10:18:19.000000,-0.7574141935483871,0.11068103448275857
17,983,2022-02-03T16:57:19.000000,0.18149714285714325,0.10086111111111107
17,984,2022-02-03T22:33:29.000000,-0.1436679536679537,-0.20589018087855304
17,985,2022-02-04T10:11:13.000000,-0.7913225225225228,-0.009367989056087378
17,986,2022-02-04T15:01:44.000000,0.9407487179487176,0.15199188640973627
17,987,2022-02-04T21:34:24.000000,-0.4652307692307689,0.02269517241379304
17,988,2022-02-05T10:04:17.000000,-0.14805128205128204,-0.008692173913043444
17,989,2022-02-05T15:00:46.000000,-0.5244444444444445,-0.22855835240274602
17,990,2022-02-05T20:03:07.000000,0.9355726495726495,0.05259762308998295
17,991,2022-02-06T10:04:15.000000,-0.24280636604774486,-0.08838709677419343
17,992,2022-02-06T15:01:16.000000,-0.1342551724137937,-0.16808695652173922
17,993,2022-02-06T22:08:24.000000,-0.38192631578947345,0.38848695652173915
17,994,2022-02-07T10:43:57.000000,0.8771929824561404,-0.34178461538461535
17,995,2022-02-07T15:22:56.000000,-0.8859047619047621,0.28300000000000003
17,996,2022-02-07T20:27:53.000000,1.067064182194617,-0.0088275058275058
17,997,2022-02-08T10:33:54.000000,-0.14589505247376255,0.09603565062388586
17,998,2022-02-08T15:20:34.000000,0.09529973474800979,-0.11097167755991277
17,999,2022-02-08T21:44:51.000000,-4.2028307692307685,-0.00425185185185184
17,1037,2022-04-28T20:29:00.000000,5.0408,-0.23680000000000012
17,1038,2022-04-29T10:00:00.000000,-3.2005333333333335,-0.5222285714285714
17,1039,2022-04-29T15:47:00.000000,1.825333333333333,0.9354285714285714
17,1040,2022-04-29T20:38:00.000000,1.6354285714285717,0.4371428571428573
17,1041,2022-04-30T10:01:00.000000,-1.2274285714285715,0.011428571428571344
17,1042,2022-04-30T15:44:00.000000,-3.1706666666666665,-1.0712380952380953
17,1043,2022-04-30T20:20:00.000000,2.222666666666667,-0.5981333333333333
17,1044,2022-05-01T10:01:00.000000,-3.2688,0.6599999999999998
17,1045,2022-05-01T15:15:00.000000,1.8868000000000003,0.4674666666666668
17,1046,2022-05-01T20:13:00.000000,-1.2140000000000002,-0.3766666666666666
17,1047,2022-05-02T10:08:00.000000,5.332800000000001,0.9154999999999999
17,1048,2022-05-02T15:03:00.000000,-0.20159999999999956,-0.25349999999999984
17,1049,2022-05-02T20:01:00.000000,-2.7398666666666673,-0.27166666666666683
17,1050,2022-05-03T10:11:00.000000,-1.5841333333333336,0.3416666666666667
17,1051,2022-05-03T15:01:00.000000,2.7536000000000005,0.28466666666666685
17,1052,2022-05-03T20:10:00.000000,-4.192,-0.3946666666666667
17,1053,2022-05-04T10:09:00.000000,0.3679999999999999,-0.6368
17,1054,2022-05-04T15:06:00.000000,1.3592,0.06279999999999997
17,1055,2022-05-04T20:23:00.000000,3.177142857142857,0.267
17,1056,2022-05-05T10:00:00.000000,-1.0589206349206346,-0.2774000000000001
17,1057,2022-05-05T15:03:00.000000,1.1571111111111108,0.7284
17,1058,2022-05-05T20:11:00.000000,-0.752,-0.3568
17,1059,2022-05-06T10:09:00.000000,-1.5770476190476188,-0.5345333333333334
17,1060,2022-05-06T15:01:00.000000,0.2689142857142856,0.8490833333333335
17,1061,2022-05-06T20:46:00.000000,-1.2335999999999998,-1.01455
17,1020,2022-05-07T10:01:00.000000,-1.5551999999999995,0.3336
17,1021,2022-05-07T15:13:00.000000,2.0962666666666663,0.4152
17,1022,2022-05-07T20:21:00.000000,-0.3766666666666667,-0.13600000000000012
17,1023,2022-05-08T10:03:00.000000,-0.6124000000000002,0.3016
17,1024,2022-05-08T15:03:00.000000,2.1664000000000003,-0.27659999999999996
17,1025,2022-05-08T20:02:00.000000,0.1333333333333333,-0.22957142857142854
17,1026,2022-05-09T10:01:00.000000,-3.640533333333334,0.6105714285714285
17,1027,2022-05-09T15:03:00.000000,3.1132000000000004,-0.6225714285714286
17,1028,2022-05-09T20:17:00.000000,0.7300000000000002,0.05523809523809531
17,1029,2022-05-10T10:05:00.000000,0.5199999999999998,-0.39066666666666683
17,1030,2022-05-10T15:00:00.000000,-0.3913333333333333,0.7856000000000002
17,1031,2022-05-10T20:50:00.000000,-1.9193333333333333,-0.9116000000000002
17,1032,2022-05-11T11:39:00.000000,1.0930666666666666,0.07800000000000018
17,1033,2022-05-11T15:00:00.000000,-1.8912000000000004,0.8577142857142855
17,1034,2022-05-11T20:01:00.000000,2.069688888888889,-0.2702142857142855
17,1035,2022-05-12T10:01:00.000000,1.351911111111111,0.1831666666666666
17,1036,2022-05-12T15:19:00.000000,-0.7409379310344828,-0.09726126126126122
17,1075,2022-09-01T10:05:26.000000,0.09513793103448287,0.12244074844074837
17,1076,2022-09-01T15:09:48.000000,-0.5959090909090909,-0.22715384615384615
17,1077,2022-09-01T20:01:27.000000,0.30446464646464655,0.12487290969899656
17,1078,2022-09-02T15:00:55.000000,-0.5680888888888889,-0.08999378881987563
17,1079,2022-09-02T20:07:11.000000,0.7334933333333329,0.0012285714285713567
17,1080,2022-09-03T10:21:22.000000,-0.8074044444444441,0.20100000000000007
17,1081,2022-09-03T15:33:10.000000,-0.0715555555555556,-0.040010526315789496
17,1082,2022-09-03T20:26:59.000000,0.8726086956521739,-0.26218947368421053
17,1083,2022-09-04T12:43:53.000000,0.8997070938215106,0.07685454545454551
17,1084,2022-09-05T10:06:28.000000,-1.0878157894736846,-0.037883116883117074
17,1085,2022-09-05T15:01:04.000000,-0.38889999999999997,-0.10396273291925451
17,1086,2022-09-05T20:00:52.000000,0.9720363636363638,-0.012839464882943297
17,1087,2022-09-06T10:01:21.000000,0.1773110047846893,0.37231772575250854
17,1088,2022-09-06T15:40:17.000000,-0.10748070175438662,0.07273657289002555
17,1089,2022-09-06T21:18:45.000000,,
18,1292,2022-04-30T20:06:00.000000,-3.0487999999999995,0.344
18,1293,2022-05-01T10:05:00.000000,1.5293333333333332,-0.2767333333333334
18,1294,2022-05-01T15:00:00.000000,2.395666666666666,0.9823333333333334
18,1295,2022-05-01T22:29:00.000000,-1.5377999999999998,-0.48719999999999997
18,1296,2022-05-02T10:07:00.000000,1.7878000000000003,0.7971999999999998
18,1297,2022-05-02T15:05:00.000000,-1.4238000000000002,-0.6787999999999998
18,1298,2022-05-03T10:41:00.000000,-0.24079999999999968,-1.0104
18,1299,2022-05-04T12:09:00.000000,0.5424,0.4808
18,1300,2022-05-05T15:33:00.000000,-2.346514285714286,1.117257142857143
18,1301,2022-05-07T10:22:00.000000,,
19,1308,2021-06-10T12:01:06.000000,0.6688000000000003,0.07133333333333336
19,1309,2021-06-11T12:06:56.000000,-0.2991999999999997,0.3553333333333333
19,1310,2021-06-12T12:01:41.000000,0.49119999999999986,-0.30033333333333334
19,1311,2021-06-13T12:04:47.000000,0.43999999999999995,0.0726
19,1312,2021-06-14T12:01:34.000000,,
20,1317,2021-06-14T21:58:50.000000,2.0956666666666663,-1.0363333333333333
20,1318,2021-06-15T16:50:37.000000,,
21,1321,2021-05-04T12:03:19.000000,0.04083333333333372,-0.34107070707070697
21,1322,2021-05-04T17:01:07.000000,-0.4932619047619049,0.20974703557312246
21,1323,2021-05-04T22:02:43.000000,,
23,1341,2021-05-08T14:53:25.000000,-0.25171304347826107,0.020689393939393952
23,1342,2021-05-10T14:07:42.000000,-0.3566444444444442,-0.1281674641148326
23,1343,2021-05-11T13:21:34.000000,0.49482539682539717,0.094663967611336
23,1344,2021-05-12T22:26:54.000000,-0.849557422969188,-0.10494314381270908
23,1345,2021-05-13T14:31:14.000000,1.6905610859728508,0.4112572463768116
23,1346,2021-05-14T14:44:03.000000,-0.7861465201465208,0.025455128205128297
23,1347,2021-05-15T16:01:33.000000,,
24,1410,2021-06-08T12:57:17.000000,0.042999999999999705,0.4403999999999999
24,1411,2021-06-09T12:05:19.000000,-0.2839999999999998,0.01866666666666661
24,1412,2021-06-10T17:04:50.000000,-0.05799999999999983,-0.2778666666666665
24,1413,2021-06-11T17:01:48.000000,0.17300000000000004,-0.6483000000000001
24,1414,2021-06-11T22:19:34.000000,,
25,1487,2021-06-08T12:04:51.000000,0.22842857142857143,0.5426106442577031
25,1488,2021-06-09T12:01:59.000000,0.2989999999999997,-0.11810588235294117
25,1489,2021-06-10T22:00:33.000000,,
26,1537,2022-03-06T10:18:28.000000,-0.014226720647773528,-0.3669852631578946
26,1538,2022-03-06T16:18:51.000000,0.15701601830663647,0.0013195488721804427
26,1539,2022-03-06T20:00:26.000000,-0.0027339130434786973,-0.1339065934065935
26,1540,2022-03-07T11:11:02.000000,0.08122666666666722,0.3865811965811967
26,1541,2022-03-07T15:02:23.000000,0.28893333333333304,0.018321637426900517
26,1542,2022-03-07T20:01:12.000000,-0.015599999999999836,-0.49673684210526303
26,1543,2022-03-08T10:03:50.000000,0.2615555555555553,0.38968421052631574
26,1544,2022-03-08T16:09:48.000000,-0.9275555555555558,-0.001066985645933105
26,1545,2022-03-08T20:20:04.000000,-0.18165217391304345,-0.17559090909090902
26,1546,2022-03-09T12:22:46.000000,-0.1975144927536232,-0.12908333333333333
26,1547,2022-03-09T15:59:11.000000,1.0945784313725495,0.31899999999999995
26,1548,2022-03-09T22:09:52.000000,-0.12074509803921618,-0.10987820512820512
26,1549,2022-03-10T11:13:58.000000,0.11838095238095336,0.1320769230769231
26,1550,2022-03-10T17:22:04.000000,-1.0384476190476197,-0.17803205128205124
26,1551,2022-03-10T20:00:28.000000,0.5035904761904764,0.22693666666666656
26,1552,2022-03-11T10:07:33.000000,-0.37179047619047645,-0.2862472727272727
26,1553,2022-03-11T16:05:51.000000,0.41378181818181825,-0.12544664031620556
26,1554,2022-03-11T20:52:26.000000,-0.38525874125874116,0.06137391304347828
26,1555,2022-03-12T11:02:09.000000,0.6392874493927128,0.24309999999999998
26,1556,2022-03-12T15:15:32.000000,-0.7898105263157897,0.0020999999999999908
26,1557,2022-03-12T21:13:11.000000,0.1437176470588235,-0.216275
26,1558,2022-03-13T11:45:30.000000,-0.5818319327731094,0.14797499999999997
26,1559,2022-03-13T16:18:35.000000,0.5795403726708075,0.09694000000000003
26,1560,2022-03-14T11:13:55.000000,1.046291560102302,-0.23575999999999986
26,1561,2022-03-14T16:56:01.000000,-0.9081176470588238,-0.2986133333333334
26,1562,2022-03-14T20:46:00.000000,0.5671764705882351,0.2988333333333333
26,1524,2022-03-15T15:00:13.000000,-0.3098823529411763,0.07906000000000002
26,1525,2022-03-15T20:48:39.000000,-0.8470718954248366,0.15574769230769225
26,1526,2022-03-16T10:49:41.000000,0.5147777777777779,-0.22805769230769224
26,1527,2022-03-16T15:25:21.000000,1.0418000000000003,-0.3242499999999999
26,1528,2022-03-16T20:36:04.000000,-0.9200000000000004,0.4655454545454545
26,1529,2022-03-17T10:54:54.000000,-0.2070857142857141,-0.2475454545454545
26,1530,2022-03-17T16:27:32.000000,1.1940751879699252,0.1654
26,1531,2022-03-17T21:18:32.000000,-0.48168421052631616,-0.1336105263157895
26,1532,2022-03-18T11:50:47.000000,-0.5840000000000001,0.08466507177033489
26,1533,2022-03-18T15:29:05.000000,1.0890947368421053,0.19532323232323234
26,1534,2022-03-18T21:09:33.000000,-0.8538666666666666,0.014793650793650803
26,1535,2022-03-19T12:36:19.000000,0.15413333333333323,-0.3713214285714286
26,1536,2022-03-19T20:12:34.000000,,
27,1596,2021-05-04T12:20:50.000000,0.9020285714285717,-0.042671554252199484
27,1597,2021-05-04T17:38:05.000000,-0.07888311688311744,0.12829493087557609
27,1598,2021-05-04T22:02:09.000000,0.6174545454545455,0.11291729323308264
27,1599,2021-05-05T12:29:23.000000,-1.280380952380952,-0.36606015037593975
27,1600,2021-05-05T17:03:29.000000,1.204380952380952,-0.48257142857142854
27,1601,2021-05-05T22:01:20.000000,-0.7095,0.45666666666666667
27,1602,2021-05-06T17:06:28.000000,1.4548333333333339,0.9233333333333333
27,1603,2021-05-06T22:17:02.000000,-1.555666666666667,-0.19292307692307697
27,1604,2021-05-07T12:49:08.000000,0.40976190476190477,-0.47499358974358974
27,1605,2021-05-07T17:07:24.000000,-0.2817142857142858,-0.14562179487179483
27,1606,2021-05-07T22:10:51.000000,-0.7795809523809525,-0.2650329670329671
27,1607,2021-05-08T12:55:01.000000,0.5386285714285715,0.001671428571428546
27,1608,2021-05-08T22:01:30.000000,-1.9554285714285713,-0.29843333333333333
27,1621,2022-01-20T12:35:45.000000,2.869333333333333,0.021333333333333426
27,1622,2022-01-20T15:00:28.000000,-2.1346666666666665,1.1480000000000001
27,1623,2022-01-20T20:34:07.000000,1.9506666666666668,0.3739999999999999
27,1624,2022-01-21T20:24:47.000000,-4.193066666666667,-0.7315999999999999
27,1625,2022-01-22T11:49:47.000000,3.2224,-0.7024
27,1626,2022-01-22T15:27:47.000000,-3.188,0.372
27,1627,2022-01-23T10:02:08.000000,-0.6480000000000001,0.013999999999999901
27,1628,2022-01-23T15:05:58.000000,0.1160000000000001,-0.18599999999999994
27,1629,2022-01-23T20:01:14.000000,3.893333333333333,-0.08199999999999996
27,1630,2022-01-24T15:00:50.000000,1.9213333333333336,0.49
27,1631,2022-01-24T20:01:07.000000,-5.230666666666666,-0.396
27,1609,2022-01-25T15:06:23.000000,4.880800000000001,0.22960000000000003
27,1610,2022-01-25T20:00:46.000000,-3.8861333333333334,-0.7789333333333335
27,1611,2022-01-26T10:02:05.000000,3.777333333333333,0.12933333333333352
27,1612,2022-01-26T15:13:11.000000,-2.0386666666666664,0.08799999999999997
27,1613,2022-01-26T20:07:36.000000,1.2256666666666665,1.2526666666666668
27,1614,2022-01-27T20:15:09.000000,-4.2763333333333335,-1.2606666666666666
27,1615,2022-01-28T10:01:19.000000,5.795333333333334,1.0546666666666664
27,1616,2022-01-28T15:01:17.000000,-2.5468,-1.0854666666666664
27,1617,2022-01-28T22:08:33.000000,-2.1192,-0.5318666666666669
27,1618,2022-01-29T12:09:41.000000,5.397333333333334,1.32
27,1619,2022-01-29T16:20:19.000000,-1.5813333333333333,-0.6643333333333333
27,1620,2022-01-29T20:18:51.000000,-2.1702222222222223,0.43552631578947365
27,1647,2022-04-24T20:18:00.000000,0.46899145299145284,0.24335603715170284
27,1648,2022-04-25T11:40:00.000000,1.593897435897436,0.44754621848739495
27,1649,2022-04-25T16:43:00.000000,-0.10971929824561433,-0.6936390977443609
27,1650,2022-04-25T20:26:00.000000,-1.0227368421052634,0.3916390977443609
27,1651,2022-04-26T15:06:00.000000,0.6713684210526322,-0.33406015037593983
27,1652,2022-04-26T20:00:00.000000,-0.4313436532507744,-0.04089783281733739
27,1653,2022-04-27T15:31:00.000000,-0.36263529411764717,0.32419607843137244
27,1654,2022-04-27T20:07:00.000000,-0.6042666666666663,0.007523809523809488
27,1655,2022-04-28T15:01:00.000000,0.38186666666666663,-0.34019047619047615
27,1656,2022-04-28T20:12:00.000000,0.747657142857143,-0.11149999999999993
27,1657,2022-04-29T15:26:00.000000,-0.020571428571428685,0.2260714285714286
27,1658,2022-04-29T20:14:00.000000,0.11291428571428597,0.12009523809523814
27,1659,2022-04-30T15:09:00.000000,-1.1776000000000004,0.23266666666666658
27,1660,2022-04-30T21:28:00.000000,-1.1576,-0.8586666666666666
27,1661,2022-05-01T10:03:00.000000,2.207368421052631,0.7822424242424243
27,1662,2022-05-01T22:38:00.000000,-0.16613765182186224,-0.4526233766233767
27,1663,2022-05-02T10:04:00.000000,-0.9383418803418803,0.15497744360902255
27,1664,2022-05-02T15:01:00.000000,1.2789572649572651,0.48781376518218633
27,1665,2022-05-02T20:01:00.000000,-1.081206153846154,-0.4704102564102566
27,1632,2022-05-03T16:38:00.000000,0.32995999999999986,0.1679047619047619
27,1633,2022-05-03T20:09:00.000000,0.2906727272727273,0.14454857142857136
27,1634,2022-05-04T12:43:00.000000,-0.5719393939393937,-0.39134222222222204
27,1635,2022-05-04T15:23:00.000000,1.5596666666666665,-0.8177777777777777
27,1636,2022-05-04T22:54:00.000000,-0.7841666666666665,0.9844827586206896
27,1637,2022-05-05T10:01:00.000000,-0.4954047619047621,-0.022854851643945517
27,1638,2022-05-05T15:22:00.000000,-0.042942084942084846,0.024722093023255787
27,1639,2022-05-06T12:53:00.000000,-0.056486486486486465,0.4976499999999999
27,1640,2022-05-06T15:15:00.000000,0.5073333333333335,-0.23542857142857132
27,1641,2022-05-06T20:13:00.000000,-1.0834202898550727,-0.5820714285714285
27,1642,2022-05-07T12:34:00.000000,1.335801242236025,0.5379999999999999
27,1643,2022-05-07T15:02:00.000000,-1.971714285714286,-0.11650000000000005
27,1644,2022-05-07T20:20:00.000000,1.9019436619718306,0.11878481012658249
27,1645,2022-05-08T10:08:00.000000,-0.08102302705119557,-0.12494211349736895
27,1646,2022-05-08T17:37:00.000000,-0.30652063492063497,-0.35265751144402835
27,1679,2022-08-30T20:19:06.000000,-2.1516,-0.005185185185185293
27,1680,2022-08-31T10:31:34.000000,1.3618666666666666,0.037000000000000144
27,1681,2022-08-31T15:46:03.000000,1.1704761904761907,0.2975833333333333
27,1682,2022-08-31T20:40:33.000000,-1.106209523809524,-0.23995833333333338
27,1683,2022-09-01T12:34:30.000000,-0.8365333333333334,-0.17012499999999997
27,1684,2022-09-01T15:04:43.000000,1.4389333333333334,0.36510869565217396
27,1685,2022-09-01T20:08:06.000000,0.44774358974358985,-0.25840869565217395
27,1686,2022-09-02T11:47:50.000000,-0.7588547008547009,0.2452444444444445
27,1687,2022-09-02T15:39:54.000000,0.26327777777777783,0.014698412698412655
27,1688,2022-09-02T20:34:08.000000,0.2683666666666663,-0.3218984126984127
27,1689,2022-09-03T10:21:19.000000,-0.5906444444444442,-0.03049444444444438
27,1690,2022-09-03T15:51:58.000000,0.3520158730158732,0.14129999999999987
27,1691,2022-09-03T20:41:08.000000,0.43009523809523786,-0.037827777777777793
27,1692,2022-09-04T11:24:58.000000,-0.31204301075268814,-0.02051633986928103
27,1693,2022-09-04T15:31:17.000000,0.3867096774193548,0.5738941176470589
27,1694,2022-09-04T20:01:58.000000,-0.2890999999999997,-0.34486829268292685
27,1695,2022-09-05T15:10:06.000000,0.026458490566038106,-0.4175827711468604
27,1696,2022-09-05T21:09:35.000000,,
28,1790,2021-03-25T12:42:57.000000,0.7879999999999998,0.16399999999999992
28,1791,2021-03-26T12:28:44.000000,0.2056,-0.15100000000000002
28,1792,2021-03-30T12:03:34.000000,0.9272000000000005,-0.6779999999999999
28,1793,2021-04-01T15:03:05.000000,-0.5127999999999999,0.5002
28,1794,2021-04-02T12:11:32.000000,0.2767999999999997,-0.2962
28,1787,2021-04-05T12:47:17.000000,-0.0815999999999999,0.08499999999999996
28,1788,2021-04-07T18:16:20.000000,-2.52,-1.3456
28,1789,2021-04-10T16:28:41.000000,,
29,1804,2021-06-08T12:01:31.000000,-0.38739999999999997,-1.8922000000000003
29,1805,2021-06-08T17:02:19.000000,-0.04320000000000013,0.5032
29,1806,2021-06-09T12:04:45.000000,-5.4632000000000005,0.6664000000000001
29,1807,2021-06-10T17:01:06.000000,-0.1831999999999998,-0.21840000000000015
29,1808,2021-06-10T22:00:58.000000,1.7659999999999998,0.45100000000000007
29,1809,2021-06-11T12:04:13.000000,,
30,1906,2021-06-09T12:01:58.000000,1.6575714285714287,0.46604605263157906
30,1907,2021-06-12T12:03:50.000000,,
31,1961,2021-03-30T12:35:54.000000,-0.3461960784313727,0.02214285714285702
31,1962,2021-03-31T12:03:38.000000,0.009066666666666778,0.234757142857143
31,1963,2021-04-01T12:21:54.000000,-0.5394434782608694,0.10665999999999998
31,1964,2021-04-02T12:14:39.000000,,
32,2069,2021-03-29T15:35:44.000000,0.7400476190476188,-0.2598747826086957
32,2070,2021-03-31T13:34:24.000000,-0.17087370600414076,0.21176000000000006
32,2071,2021-04-05T17:58:39.000000,1.289159420289855,-0.03878153846153842
32,2072,2021-04-06T19:00:13.000000,-0.3085714285714283,-0.09620512820512828
32,2068,2021-04-09T17:30:10.000000,,
33,2090,2021-05-25T12:01:44.000000,-1.4728,0.16159999999999997
33,2091,2021-05-26T12:14:03.000000,0.31200000000000006,0.29200000000000004
33,2092,2021-05-27T12:01:17.000000,1.44,-0.7272
33,2093,2021-05-28T12:01:06.000000,0.8527999999999999,1.0423999999999998
33,2094,2021-05-29T12:05:28.000000,-0.584,-0.3847999999999998
33,2095,2021-05-30T12:04:38.000000,1.4992,-0.47440000000000015
33,2096,2021-05-31T13:25:20.000000,-3.208,0.5944
33,2097,2021-06-02T12:01:08.000000,0.26559999999999995,-0.19279999999999986
33,2084,2021-06-03T12:30:28.000000,-0.26559999999999995,0.19279999999999986
33,2085,2021-06-04T12:47:44.000000,0.43679999999999997,-0.15360000000000018
33,2086,2021-06-05T13:08:49.000000,-0.4416000000000001,0.5640000000000003
33,2087,2021-06-06T13:25:16.000000,-0.6167999999999998,-0.8984000000000001
33,2088,2021-06-07T13:40:49.000000,2.2744,0.42799999999999994
33,2089,2021-06-08T12:46:39.000000,0.8387151515151517,-0.7387076923076923
33,2115,2022-01-26T10:03:01.000000,-0.06786297760210802,-0.0699423076923078
33,2116,2022-01-26T15:03:33.000000,0.45123671497584517,0.39434090909090935
33,2117,2022-01-26T20:09:54.000000,0.05861111111111117,-0.17959090909090913
33,2118,2022-01-27T10:57:16.000000,0.4522599999999999,-0.0198846153846155
33,2119,2022-01-27T20:01:41.000000,-1.8251674074074073,-0.17029280397022317
33,2120,2022-01-28T10:38:51.000000,0.6854074074074074,0.09867741935483865
33,2121,2022-01-28T15:02:08.000000,0.14230769230769225,-0.04076000000000013
33,2122,2022-01-28T20:44:01.000000,0.07856730769230769,0.05328941176470603
33,2123,2022-01-29T10:42:45.000000,-0.8439949999999999,-0.08127941176470588
33,2124,2022-01-29T16:53:18.000000,1.0534678260869565,-0.14835526315789482
33,2125,2022-01-29T22:11:22.000000,0.5857321739130434,0.3044015594541911
33,2126,2022-01-30T11:01:36.000000,-0.1122466666666666,0.22961674718196456
33,2127,2022-01-30T15:01:14.000000,0.011566666666666503,0.33098695652173915
33,2128,2022-01-30T20:21:24.000000,-0.9275538461538462,-0.46197692307692306
33,2129,2022-01-31T10:02:20.000000,0.519831265508685,-0.20112307692307696
33,2130,2022-01-31T15:03:32.000000,0.3492316715542525,-0.15580000000000005
33,2131,2022-01-31T20:05:07.000000,-0.9229090909090916,0.1495238095238095
33,2132,2022-02-02T21:31:44.000000,-0.13066666666666638,0.09227619047619051
33,2133,2022-02-03T10:38:37.000000,0.5700266666666668,-0.14460000000000006
33,2134,2022-02-03T15:33:19.000000,-0.5468600000000001,-0.16911304347826073
33,2135,2022-02-03T20:05:24.000000,0.4280517241379307,-0.004017991004497845
33,2098,2022-02-04T10:01:18.000000,-0.7521306715063517,-0.2535235109717868
33,2099,2022-02-04T15:47:00.000000,0.30802339181286553,-0.0288612440191387
33,2100,2022-02-04T20:01:15.000000,0.7791919191919197,0.2751853546910755
33,2101,2022-02-05T10:32:08.000000,-0.15843636363636393,-0.08038956521739127
33,2102,2022-02-05T15:31:02.000000,0.8261999999999998,0.18716705882352935
33,2103,2022-02-05T20:00:48.000000,-1.4855666666666667,0.16792436974789915
33,2104,2022-02-06T10:01:05.000000,0.30071212121212165,-0.05141142857142855
33,2105,2022-02-06T15:22:44.000000,0.7779762845849802,-0.43838222222222234
33,2106,2022-02-06T20:31:38.000000,-0.1790217391304345,0.48994949494949513
33,2107,2022-02-07T10:05:40.000000,-0.18861111111111173,0.4358379446640315
33,2108,2022-02-07T22:01:59.000000,-0.10838888888888842,-0.23716521739130425
33,2109,2022-02-08T10:20:58.000000,-0.24268181818181866,-0.3244
33,2110,2022-02-08T15:10:30.000000,-0.09717818181818183,-0.1039230769230769
33,2111,2022-02-08T20:11:07.000000,0.20183619047619028,0.2280064102564101
33,2112,2022-02-09T10:19:20.000000,0.24600380952380974,-0.08646794871794872
33,2113,2022-02-09T15:24:07.000000,-0.5247762962962963,-0.02628205128205119
33,2114,2022-02-09T20:11:45.000000,-2.4269037037037036,-0.3673333333333333
33,2149,2022-05-04T11:38:00.000000,0.8962,0.05999999999999994
33,2150,2022-05-04T15:01:00.000000,-2.4130000000000003,0.27200000000000013
33,2151,2022-05-04T20:01:00.000000,3.4930000000000003,-0.10000000000000009
33,2152,2022-05-05T10:04:00.000000,0.8119999999999998,-0.134
33,2153,2022-05-05T15:01:00.000000,-3.315,0.10199999999999998
33,2154,2022-05-05T20:04:00.000000,2.466,-0.8460000000000001
33,2155,2022-05-06T10:18:00.000000,-2.776,1.235
33,2156,2022-05-06T15:02:00.000000,-0.9000000000000004,0.10000000000000009
33,2157,2022-05-06T20:01:00.000000,0.44720000000000004,-0.04500000000000015
33,2158,2022-05-07T10:25:00.000000,-0.10919999999999996,0.09600000000000009
33,2159,2022-05-07T15:30:00.000000,0.8553333333333335,-1.2066666666666668
33,2160,2022-05-07T20:10:00.000000,3.241666666666667,0.3536666666666668
33,2161,2022-05-08T12:20:00.000000,0.7779999999999996,0.07799999999999996
33,2162,2022-05-08T16:14:00.000000,-2.4201999999999995,-0.46099999999999997
33,2163,2022-05-08T20:01:00.000000,0.0,0.0
33,2164,2022-05-09T10:02:00.000000,-2.5104000000000006,1.5376
33,2165,2022-05-09T15:14:00.000000,0.8384000000000005,-1.4136000000000002
33,2166,2022-05-09T20:02:00.000000,2.8571999999999997,-0.17999999999999994
33,2167,2022-05-10T10:16:00.000000,1.047,0.551
33,2168,2022-05-10T15:03:00.000000,-1.0026,-0.006200000000000094
33,2169,2022-05-10T20:05:00.000000,-0.4203999999999999,0.1462000000000001
33,2170,2022-05-11T10:27:00.000000,0.9707999999999999,-0.25260000000000016
33,2171,2022-05-11T16:15:00.000000,-2.8440000000000003,0.23040000000000016
33,2172,2022-05-11T21:53:00.000000,3.2104000000000004,0.19559999999999989
33,2173,2022-05-12T10:08:00.000000,0.4623999999999995,-0.7535999999999999
33,2174,2022-05-12T16:20:00.000000,-1.3336,-0.18079999999999985
33,2175,2022-05-12T20:01:00.000000,-3.1639999999999997,1.7155999999999998
33,2136,2022-05-13T10:00:00.000000,4.0352,-0.7812
33,2137,2022-05-13T15:59:00.000000,-4.232,1.7187999999999999
33,2138,2022-05-13T20:08:00.000000,3.0024,-2.2076
33,2139,2022-05-14T10:00:00.000000,-1.5952000000000002,1.0427999999999997
33,2140,2022-05-14T16:35:00.000000,0.11199999999999988,-0.9027999999999999
33,2141,2022-05-14T20:44:00.000000,1.2336,-0.5863999999999999
33,2142,2022-05-15T10:26:00.000000,-0.25600000000000006,-0.1367999999999998
33,2143,2022-05-15T15:00:00.000000,0.25600000000000017,0.1367999999999996
33,2144,2022-05-15T20:00:00.000000,2.4823999999999997,0.9800000000000002
33,2145,2022-05-16T15:01:00.000000,-2.6471999999999998,-0.5159999999999999
33,2146,2022-05-16T20:02:00.000000,-2.3888,1.2492
33,2147,2022-05-17T10:00:00.000000,1.0191999999999999,-0.06879999999999997
33,2148,2022-05-17T15:03:00.000000,-0.5327999999999999,-0.8104000000000001
33,2193,2022-09-01T20:11:03.000000,-0.16000000000000014,-0.1392000000000001
33,2194,2022-09-02T10:00:56.000000,-0.1936,0.3600000000000001
33,2195,2022-09-02T20:00:48.000000,1.2576,-0.9728000000000001
33,2196,2022-09-03T10:04:33.000000,-2.0816,1.4392
33,2197,2022-09-03T15:26:33.000000,1.1248000000000002,-0.9376
33,2198,2022-09-03T20:01:16.000000,0.030400000000000205,-0.3175999999999999
33,2199,2022-09-04T10:14:52.000000,0.6223999999999996,0.0928000000000001
33,2200,2022-09-04T15:00:51.000000,0.21120000000000028,0.7811999999999999
33,2201,2022-09-05T11:02:00.000000,-1.7504,0.06919999999999993
33,2202,2022-09-05T15:20:30.000000,0.5999999999999994,-0.10880000000000001
33,2203,2022-09-05T20:03:12.000000,-0.7712000000000001,0.564
33,2204,2022-09-06T10:23:49.000000,0.1424000000000003,0.15599999999999992
33,2205,2022-09-06T15:00:50.000000,-0.16480000000000006,0.3976000000000002
33,2206,2022-09-06T20:14:44.000000,0.8704000000000003,-1.8296
33,2207,2022-09-07T10:27:24.000000,0.4927999999999997,0.18719999999999992
33,2208,2022-09-07T16:15:18.000000,,
34,2365,2021-05-02T13:20:28.000000,0.5182745098039215,-0.5225555555555557
34,2366,2021-05-03T12:09:40.000000,,
35,2408,2021-03-23T12:00:37.000000,-1.8816000000000004,-0.13439999999999985
35,2409,2021-03-26T15:37:34.000000,,
36,2492,2022-01-22T11:03:16.000000,-0.7242181818181816,-0.08807999999999994
36,2493,2022-01-22T16:22:38.000000,0.8156499999999995,0.35175
36,2494,2022-01-22T20:32:50.000000,-0.21663461538461504,-0.08591666666666664
36,2495,2022-01-23T15:08:37.000000,-0.11461538461538456,-0.2132246376811594
36,2496,2022-01-23T20:03:16.000000,-0.002571428571428447,0.051657971014492654
36,2497,2022-01-24T15:02:19.000000,0.010218487394957787,0.11855686274509813
36,2498,2022-01-24T20:01:49.000000,0.3861790281329922,-0.015573529411764708
36,2499,2022-01-26T16:04:09.000000,-0.6680483091787437,-0.02029347826086969
36,2500,2022-01-28T15:04:27.000000,-0.3380000000000001,-0.14152795031055887
36,2490,2022-01-31T20:01:03.000000,0.8782222222222227,-0.057428571428571606
36,2491,2022-02-02T21:17:18.000000,,
38,2677,2021-05-02T12:19:28.000000,-0.12517818181818186,0.14365217391304352
38,2678,2021-05-02T17:00:44.000000,1.6028181818181813,-0.1988000000000001
38,2694,2022-01-28T15:02:16.000000,0.06200000000000028,0.6648000000000001
38,2695,2022-01-28T20:01:14.000000,-5.672600000000001,-0.09119999999999995
38,2696,2022-01-29T10:05:24.000000,4.259600000000001,-1.1528
38,2697,2022-01-29T15:00:58.000000,-1.0000000000000002,-0.2944
38,2698,2022-01-29T20:01:12.000000,2.3716,0.8668
38,2699,2022-01-30T10:01:24.000000,-1.8375999999999997,-0.9092
38,2700,2022-01-30T20:02:55.000000,-1.796,0.3356000000000001
38,2701,2022-01-31T10:02:09.000000,3.21,1.5235999999999998
38,2702,2022-01-31T15:01:56.000000,0.5390000000000001,0.41559999999999997
38,2703,2022-01-31T20:04:11.000000,-3.0170000000000003,-2.0700000000000003
38,2704,2022-02-02T21:21:11.000000,3.1784000000000003,1.4628
38,2705,2022-02-03T10:03:07.000000,-2.0444000000000004,-1.4227999999999998
38,2706,2022-02-03T15:01:50.000000,-2.6315999999999997,-0.022400000000000198
38,2707,2022-02-03T20:01:35.000000,3.1516,0.07160000000000011
38,2708,2022-02-04T10:02:58.000000,1.5244,1.3736
38,2709,2022-02-04T15:03:42.000000,-5.7544,-1.2812000000000001
38,2710,2022-02-04T20:01:28.000000,3.5360000000000005,-0.20840000000000003
38,2711,2022-02-05T10:01:06.000000,2.141,1.7124
38,2712,2022-02-05T15:35:42.000000,-0.9785999999999997,0.47719999999999985
38,2713,2022-02-05T20:11:04.000000,0.4775999999999998,-0.42839999999999967
38,2679,2022-02-06T10:01:17.000000,0.3743999999999996,0.6079999999999999
38,2680,2022-02-06T15:00:48.000000,-3.7792,-2.1590666666666665
38,2681,2022-02-06T20:01:06.000000,1.6468,-0.19133333333333336
38,2682,2022-02-07T10:00:46.000000,1.9476,1.9435999999999998
38,2683,2022-02-07T15:44:34.000000,-4.66,-1.7939999999999998
38,2684,2022-02-07T20:00:47.000000,2.9344,-0.34640000000000004
38,2685,2022-02-08T10:01:06.000000,1.9207999999999998,1.7428
38,2686,2022-02-08T15:04:15.000000,-1.9127999999999996,-1.7053333333333334
38,2687,2022-02-08T20:23:07.000000,-1.5280000000000002,0.0086666666666666
38,2688,2022-02-09T10:00:36.000000,2.075,0.6386666666666669
38,2689,2022-02-09T15:16:27.000000,0.14819999999999967,1.4411999999999998
38,2690,2022-02-09T20:01:25.000000,0.7856000000000001,-1.6787999999999998
38,2691,2022-02-10T10:01:24.000000,0.23360000000000003,-0.14720000000000022
38,2692,2022-02-10T15:00:26.000000,-4.2008,-0.07719999999999971
38,2693,2022-02-10T20:01:59.000000,-0.6640000000000001,0.21399999999999997
38,2728,2022-04-29T10:00:00.000000,4.6674,0.9869999999999999
38,2729,2022-04-29T15:00:00.000000,-0.2298,0.8557999999999999
38,2730,2022-04-29T20:00:00.000000,-3.6328,-1.7539999999999998
38,2731,2022-04-30T10:02:00.000000,1.6480000000000001,-0.248
38,2732,2022-04-30T15:19:00.000000,2.5112,0.256
38,2733,2022-04-30T20:33:00.000000,-5.605600000000001,0.39439999999999986
38,2734,2022-05-01T10:01:00.000000,0.7056000000000002,-0.7047999999999999
38,2735,2022-05-01T15:03:00.000000,-1.1568000000000003,0.8535999999999999
38,2736,2022-05-01T20:11:00.000000,5.7976,-0.4159999999999999
38,2737,2022-05-02T10:00:00.000000,0.3952,1.4231999999999998
38,2738,2022-05-02T15:04:00.000000,-3.2087999999999997,-1.8843999999999999
38,2739,2022-05-02T20:17:00.000000,-1.8384000000000003,0.6931999999999999
38,2740,2022-05-03T10:00:00.000000,0.5328000000000002,-0.4700000000000001
38,2741,2022-05-03T15:00:00.000000,3.5527999999999995,0.15900000000000014
38,2742,2022-05-03T20:00:00.000000,-4.029599999999999,-0.3618
38,2743,2022-05-04T10:00:00.000000,5.056799999999999,1.246
38,2744,2022-05-04T15:00:00.000000,-1.7801999999999998,-0.9355999999999999
38,2745,2022-05-04T20:01:00.000000,1.4580000000000002,-0.04200000000000015
38,2746,2022-05-05T10:33:00.000000,0.09200000000000008,0.20640000000000003
38,2747,2022-05-05T15:59:00.000000,-0.23220000000000018,-0.12439999999999996
38,2748,2022-05-05T20:59:00.000000,-0.6768000000000005,0.6439999999999999
38,2749,2022-05-06T11:43:00.000000,0.34400000000000075,0.6668000000000001
38,2750,2022-05-06T15:01:00.000000,-0.4912000000000005,0.1519999999999999
38,2751,2022-05-06T20:01:00.000000,-4.610399999999999,-0.6003999999999998
38,2752,2022-05-07T10:24:00.000000,2.2895999999999996,-0.9680000000000002
38,2753,2022-05-07T15:00:00.000000,3.3848000000000003,1.7548
38,2754,2022-05-07T20:00:00.000000,-0.5456000000000003,-1.4996
38,2714,2022-05-08T10:00:00.000000,0.4241333333333337,1.354
38,2715,2022-05-08T15:00:00.000000,-5.028133333333334,-0.9764
38,2716,2022-05-08T22:16:00.000000,3.9048,0.07839999999999991
38,2717,2022-05-09T10:00:00.000000,1.4143999999999992,1.3483999999999998
38,2718,2022-05-09T15:00:00.000000,-0.3583999999999996,-0.5662666666666665
38,2719,2022-05-09T20:41:00.000000,0.4520000000000004,0.11186666666666678
38,2720,2022-05-10T10:00:00.000000,-0.544,-0.8492000000000001
38,2721,2022-05-10T15:39:00.000000,-5.247999999999999,0.124
38,2722,2022-05-10T20:58:00.000000,3.005,-0.6432
38,2723,2022-05-11T10:04:00.000000,1.2849999999999997,-0.36959999999999993
38,2724,2022-05-11T15:00:00.000000,-2.032,0.17039999999999988
38,2725,2022-05-11T20:42:00.000000,3.1308,1.6824
38,2726,2022-05-12T10:10:00.000000,-4.2728,-1.2792
38,2727,2022-05-12T15:25:00.000000,2.3213913043478263,-0.16727999999999998
38,2765,2022-09-01T10:48:45.000000,1.0636521739130438,0.14300173913043468
38,2766,2022-09-01T15:06:39.000000,-0.9694645308924488,0.33017391304347843
38,2767,2022-09-01T20:31:47.000000,0.3746432748538009,-0.06283850931677026
38,2768,2022-09-02T10:01:23.000000,-0.041532567049808344,0.17644588744588752
38,2769,2022-09-02T16:00:54.000000,-0.1884991789819377,-0.3847736185383245
38,2770,2022-09-02T20:08:20.000000,-1.3363904761904761,0.040786377708978305
38,2771,2022-09-03T10:01:16.000000,1.648366666666667,-0.20241102756892237
38,2772,2022-09-03T17:30:32.000000,-0.6143888888888893,0.1349841269841271
38,2773,2022-09-03T20:43:37.000000,-0.1934577777777775,0.0311111111111112
38,2774,2022-09-04T10:04:06.000000,0.5100329411764706,0.13484210526315787
38,2775,2022-09-04T15:35:46.000000,-0.10739641943734024,0.01571345029239757
38,2776,2022-09-04T20:00:38.000000,-0.6680993788819874,0.16081286549707607
38,2777,2022-09-05T10:00:48.000000,-0.06780952380952388,-0.05136842105263162
38,2778,2022-09-05T15:14:08.000000,0.6940723809523812,-0.06145454545454543
38,2779,2022-09-06T12:11:51.000000,0.9971408695652169,-0.025272727272727336
38,2780,2022-09-06T15:00:37.000000,-1.2205008695652173,-0.15643939393939388
38,2781,2022-09-06T20:02:44.000000,1.0560581818181822,0.4078666666666666
38,2782,2022-09-07T12:16:17.000000,0.10103896103896082,0.07146000000000008
38,2783,2022-09-07T15:00:44.000000,,
39,2947,2021-03-30T12:07:34.000000,1.0486666666666666,0.17733333333333323
39,2948,2021-03-31T12:07:03.000000,-0.7353333333333336,0.7360000000000001
39,2949,2021-04-03T13:01:19.000000,-3.861333333333333,-1.6933333333333334
39,2950,2021-04-06T13:17:16.000000,3.825333333333333,1.6746666666666665
39,2951,2021-04-07T12:19:09.000000,0.0,0.0
39,2943,2021-04-08T12:20:43.000000,-3.3506666666666662,-1.2873333333333332
39,2944,2021-04-09T12:30:02.000000,0.742,-0.403
39,2945,2021-04-11T12:28:16.000000,2.6086666666666667,1.6903333333333332
39,2946,2021-04-12T12:01:51.000000,,
40,3218,2021-06-08T17:17:27.000000,0.20966956521739144,-0.05217391304347829
40,3219,2021-06-09T12:07:16.000000,-0.04560000000000031,0.8258608695652172
40,3233,2022-01-21T10:04:51.000000,-0.11040000000000005,-0.42079999999999984
40,3234,2022-01-21T16:04:56.000000,-0.2831999999999999,-0.0504
40,3235,2022-01-21T20:02:10.000000,1.3039999999999998,0.6048
40,3236,2022-01-22T10:04:21.000000,-1.3312,-0.2016
40,3237,2022-01-22T15:01:20.000000,-0.7879999999999999,-0.41359999999999997
40,3238,2022-01-22T20:01:02.000000,2.0856000000000003,0.718
40,3239,2022-01-23T10:09:42.000000,-0.23200000000000043,-0.47320000000000007
40,3240,2022-01-23T15:01:42.000000,1.048,-0.1432
40,3241,2022-01-23T20:01:12.000000,-1.9535999999999998,-0.3184
40,3242,2022-01-24T10:03:24.000000,-2.0864,0.3568
40,3243,2022-01-24T15:11:08.000000,-0.2744000000000004,-0.06800000000000006
40,3244,2022-01-24T20:12:28.000000,3.5512,0.34960000000000013
40,3245,2022-01-25T11:00:11.000000,0.7711999999999999,0.496
40,3246,2022-01-25T15:20:00.000000,-0.7871999999999999,-1.5112
40,3247,2022-01-25T20:01:23.000000,-1.7247999999999999,0.9952000000000001
40,3248,2022-01-26T10:02:53.000000,-2.0271999999999997,-0.35840000000000005
40,3249,2022-01-26T15:01:13.000000,2.1824,0.0935999999999999
40,3250,2022-01-26T20:01:19.000000,1.5184000000000002,0.5832000000000002
40,3251,2022-01-27T10:02:22.000000,-0.26800000000000024,-0.2056
40,3252,2022-01-27T20:06:00.000000,-1.7235999999999998,-0.7824
40,3253,2022-01-28T15:16:43.000000,2.17,0.5336000000000001
40,3254,2022-01-28T20:16:01.000000,1.0128,0.3104
40,3255,2022-01-29T10:01:14.000000,-5.1376,-1.2144
40,3256,2022-01-29T15:02:03.000000,-1.0176000000000003,0.7263999999999998
40,3257,2022-01-29T20:01:13.000000,1.9056000000000002,-0.15759999999999996
40,3220,2022-01-30T10:01:09.000000,3.1552000000000002,-0.21199999999999986
40,3221,2022-01-30T15:15:02.000000,-4.032,1.0551999999999997
40,3222,2022-01-30T20:21:25.000000,3.152,0.2864
40,3223,2022-01-31T10:02:57.000000,-2.6014,-0.9239999999999999
40,3224,2022-01-31T15:17:13.000000,0.7134,0.3056000000000001
40,3225,2022-01-31T20:22:38.000000,1.8039999999999996,-0.4256
40,3226,2022-02-02T22:44:44.000000,-2.5911999999999997,0.17280000000000006
40,3227,2022-02-03T10:10:37.000000,3.612,0.7941999999999998
40,3228,2022-02-03T15:01:22.000000,0.28800000000000026,-0.6485999999999998
40,3229,2022-02-03T20:13:43.000000,0.8384,0.08879999999999999
40,3230,2022-02-04T10:17:47.000000,0.16799999999999926,-0.28879999999999995
40,3231,2022-02-04T15:01:16.000000,-0.2799999999999998,0.5095999999999998
40,3232,2022-02-04T20:05:32.000000,-1.9275999999999995,-1.0014117647058822
40,3275,2022-04-22T20:18:00.000000,0.6348000000000003,0.1329950980392156
40,3276,2022-04-23T10:01:00.000000,-0.2743555555555557,0.3837107843137255
40,3277,2022-04-23T15:01:00.000000,0.19728888888888907,-0.7729864253393666
40,3278,2022-04-23T20:00:00.000000,0.2947666666666664,0.43991452991452995
40,3279,2022-04-24T10:04:00.000000,-0.5254230769230772,-0.30439613526570053
40,3280,2022-04-24T15:12:00.000000,0.2147326007326007,-0.05200790513833975
40,3281,2022-04-24T20:00:00.000000,-0.13492063492063444,0.09228181818181802
40,3282,2022-04-25T10:02:00.000000,-0.6578412698412701,-0.10073636363636351
40,3283,2022-04-25T15:00:00.000000,0.36450793650793667,0.263
40,3284,2022-04-25T20:02:00.000000,0.34486549707602343,-0.0034112554112555316
40,3285,2022-04-26T10:08:00.000000,-0.006643274853801007,0.42883709273182957
40,3286,2022-04-26T15:08:00.000000,-0.4162222222222227,-0.5381531100478468
40,3287,2022-04-26T20:50:00.000000,0.3450444444444445,-0.18201731601731608
40,3288,2022-04-27T10:01:00.000000,-0.16409999999999947,0.16803312629399592
40,3289,2022-04-27T15:04:00.000000,0.3588333333333329,0.004597826086956469
40,3290,2022-04-27T20:20:00.000000,-0.01942857142857135,-0.02772368421052629
40,3291,2022-04-28T10:22:00.000000,-0.07630476190476188,-0.19619298245614025
40,3292,2022-04-28T15:04:00.000000,-0.08328421052631563,0.5261428571428572
40,3293,2022-04-28T20:20:00.000000,0.017844210526315463,-0.28447619047619066
40,3294,2022-04-29T10:00:00.000000,0.1724553846153849,-0.21296296296296313
40,3295,2022-04-29T15:28:00.000000,0.5975664335664332,0.1639629629629631
40,3296,2022-04-29T20:00:00.000000,-0.8500279720279715,-0.08284000000000002
40,3297,2022-04-30T10:01:00.000000,-0.07615384615384646,-0.028507826086956456
40,3298,2022-04-30T15:00:00.000000,-0.2927999999999997,0.2751899313501144
40,3299,2022-04-30T20:03:00.000000,-0.3979826086956523,-0.4004942791762013
40,3258,2022-05-01T10:05:00.000000,1.0691826086956522,-0.031458937198067694
40,3259,2022-05-01T15:00:00.000000,-0.18373333333333375,0.3634188034188034
40,3260,2022-05-01T20:00:00.000000,-0.5626666666666664,-0.21318269230769227
40,3261,2022-05-02T10:00:00.000000,0.1786000000000001,0.14297500000000007
40,3262,2022-05-02T15:01:00.000000,0.5604588235294121,-0.07710000000000006
40,3263,2022-05-02T20:00:00.000000,-0.106637770897833,-0.01200000000000001
40,3264,2022-05-03T10:00:00.000000,-0.38530994152046794,0.0041818181818181754
40,3265,2022-05-03T15:11:00.000000,0.02038888888888879,0.1073515151515152
40,3266,2022-05-03T20:01:00.000000,0.3551000000000002,0.19263333333333343
40,3267,2022-05-04T10:00:00.000000,0.3396222222222216,-0.379872549019608
40,3268,2022-05-04T15:31:00.000000,-0.7529494949494946,-0.019294117647058906
40,3269,2022-05-04T20:00:00.000000,0.20460962566844954,0.04762500000000025
40,3270,2022-05-05T10:00:00.000000,0.3777176470588228,-0.018725000000000103
40,3271,2022-05-05T15:03:00.000000,-0.5423368421052628,0.05535000000000001
40,3272,2022-05-05T20:06:00.000000,0.5073684210526315,0.08013095238095225
40,3273,2022-05-06T10:00:00.000000,-0.12188157894736817,0.17601904761904763
40,3274,2022-05-06T15:55:00.000000,0.08124999999999982,-0.19840000000000002
40,3317,2022-08-29T20:44:14.000000,-0.9919999999999997,0.24084210526315786
40,3318,2022-08-30T10:00:16.000000,1.0672380952380953,-0.29305263157894723
40,3319,2022-08-30T16:40:14.000000,-0.12623809523809526,0.000988304093567205
40,3320,2022-08-30T20:14:29.000000,-0.13516666666666732,0.06887439613526569
40,3321,2022-08-31T10:06:29.000000,0.2261666666666673,-0.08705217391304343
40,3322,2022-08-31T15:28:00.000000,0.2877647058823529,0.17382857142857144
40,3323,2022-08-31T20:20:10.000000,-0.5057647058823529,0.07713664596273284
40,3324,2022-09-01T10:11:12.000000,-0.053818181818181765,-0.1796392914653785
40,3325,2022-09-01T15:06:05.000000,-0.7431048951048954,0.05844444444444463
40,3326,2022-09-01T20:05:12.000000,0.6747692307692309,-0.019620370370370455
40,3327,2022-09-02T10:00:45.000000,-0.06534615384615372,0.13754629629629633
40,3328,2022-09-02T15:00:42.000000,1.4175000000000002,0.01412475633528254
40,3329,2022-09-02T20:15:55.000000,-1.5560000000000005,-0.15978468899521525
40,3330,2022-09-03T10:00:39.000000,0.9196190476190487,-0.22419191919191928
40,3331,2022-09-03T15:01:02.000000,-0.7516190476190487,-0.021444444444444377
40,3332,2022-09-03T20:01:13.000000,0.4190909090909092,0.055842105263157804
40,3333,2022-09-04T10:03:45.000000,-0.12342424242424266,0.20639598997493747
40,3334,2022-09-04T15:00:52.000000,-0.5360476190476189,-0.38561904761904764
40,3335,2022-09-04T20:07:30.000000,-0.1867099567099566,0.3541309523809524
40,3336,2022-09-05T10:12:07.000000,0.9927751196172252,-0.06206578947368424
40,3337,2022-09-05T15:36:36.000000,-0.25873684210526315,-0.07138421052631572
40,3338,2022-09-05T21:50:23.000000,-0.1111378446115292,0.02961304347826077
40,3339,2022-09-06T10:00:54.000000,-0.6205595238095232,-0.041442455242966636
40,3340,2022-09-06T15:26:31.000000,-0.3198815789473689,-0.14204953560371525
40,3341,2022-09-06T20:00:44.000000,0.36303157894736826,0.052187643020594865
40,3300,2022-09-07T10:00:58.000000,0.49085000000000023,0.05864130434782622
40,3301,2022-09-07T15:01:07.000000,-1.1988863636363638,-0.09763095238095232
40,3302,2022-09-07T20:03:41.000000,-0.03036363636363637,0.3140059523809523
40,3303,2022-09-08T10:08:06.000000,1.7580869565217396,0.004775000000000085
40,3304,2022-09-08T15:55:21.000000,-1.4457669565217395,-0.3155612903225806
40,3305,2022-09-08T20:04:36.000000,0.5925133333333337,0.18716129032258055
40,3306,2022-09-09T10:01:16.000000,-0.02608333333333346,0.042133333333333356
40,3307,2022-09-09T15:08:06.000000,0.564618421052631,0.08853333333333335
40,3308,2022-09-09T21:17:27.000000,-0.26946365914786985,0.19424242424242433
40,3309,2022-09-10T10:03:18.000000,0.5667352380952388,-0.18551778656126494
40,3310,2022-09-10T15:34:40.000000,-0.9721955555555559,0.05355606407322655
40,3311,2022-09-10T20:17:43.000000,0.7891555555555558,-0.13016475972540043
40,3312,2022-09-11T10:46:04.000000,-0.5022315789473688,0.027755852842809237
40,3313,2022-09-11T15:08:16.000000,-0.09473684210526301,-0.2726437246963562
40,3314,2022-09-11T20:03:57.000000,-0.029012531328320712,-0.04189473684210521
40,3315,2022-09-12T10:03:07.000000,-0.22704761904761894,0.38936363636363636
40,3316,2022-09-12T15:47:35.000000,0.7209523809523808,-0.09400000000000008
40,3359,2023-03-08T21:02:32.000000,-0.6039238095238093,0.001373205741626804
40,3360,2023-03-09T10:01:16.000000,0.12559999999999993,0.0643066361556065
40,3361,2023-03-09T16:30:30.000000,0.48045217391304296,-0.06760347826086954
40,3362,2023-03-09T20:13:11.000000,-0.3223794466403158,0.18625999999999998
40,3363,2023-03-10T10:04:01.000000,0.08139393939393913,-0.2899105263157895
40,3364,2023-03-10T15:12:04.000000,0.17523809523809586,-0.00978947368421057
40,3365,2023-03-10T20:07:48.000000,-0.08419047619047659,0.052888888888888874
40,3366,2023-03-11T10:08:38.000000,0.04228571428571404,0.05258479532163751
40,3367,2023-03-11T16:03:19.000000,0.37384615384615394,0.06265964912280697
40,3368,2023-03-11T20:27:04.000000,-0.3426461538461538,-0.20333333333333337
40,3369,2023-03-12T11:19:27.000000,-1.0149894736842104,0.40529523809523804
40,3370,2023-03-12T15:48:01.000000,0.1523955342902713,-0.19567099567099566
40,3371,2023-03-12T21:59:50.000000,0.0902828282828283,-0.0005385281385280605
40,3372,2023-03-13T10:03:16.000000,0.04163285024154573,0.06973333333333331
40,3373,2023-03-13T15:06:51.000000,0.5102930756843803,-0.005619047619047524
40,3374,2023-03-13T20:05:57.000000,-0.018189814814815186,-0.1261875
40,3375,2023-03-14T10:09:18.000000,-1.0601249999999998,-0.2558125000000001
40,3376,2023-03-14T15:54:34.000000,0.37004545454545434,-0.0648333333333333
40,3377,2023-03-14T20:10:16.000000,0.3358181818181818,0.49941666666666673
40,3378,2023-03-15T10:08:13.000000,0.2069163636363638,-0.332219696969697
40,3379,2023-03-15T15:03:09.000000,-0.12548000000000026,0.25649350649350644
40,3380,2023-03-15T20:01:13.000000,0.034460869565217545,-0.0007830687830687744
40,3381,2023-03-16T10:05:44.000000,0.5222191304347832,-0.030324074074074003
40,3382,2023-03-16T15:15:37.000000,-0.7026735483870974,-0.02695000000000003
40,3383,2023-03-16T20:13:35.000000,0.4962887864823351,-0.24055000000000004
40,3342,2023-03-17T10:23:01.000000,0.0212380952380955,0.43952777777777796
40,3343,2023-03-17T15:28:38.000000,0.15000000000000013,-0.288888888888889
40,3344,2023-03-17T20:06:28.000000,-0.22666666666666724,0.05091111111111102
40,3345,2023-03-18T10:00:53.000000,0.019777777777777894,0.16041052631578945
40,3346,2023-03-18T17:20:16.000000,-0.5476209150326797,-0.039999999999999925
40,3347,2023-03-18T20:12:32.000000,0.5278431372549016,-0.24084210526315786
40,3348,2023-03-19T10:02:47.000000,0.031859649122807365,-0.2573684210526318
40,3349,2023-03-19T15:01:01.000000,-0.6054892787524369,0.30543750000000014
40,3350,2023-03-19T21:05:44.000000,0.6667724867724869,0.441866847826087
40,3351,2023-03-20T10:09:48.000000,0.08882205513784447,-0.41197101449275364
40,3352,2023-03-20T15:39:50.000000,0.18030959752321984,0.09654901960784312
40,3353,2023-03-20T20:37:23.000000,-0.6070588235294114,0.16571764705882364
40,3354,2023-03-21T10:02:28.000000,0.06127554179566563,-0.1897000000000001
40,3355,2023-03-21T15:00:46.000000,0.7676421052631575,-0.05102499999999999
40,3356,2023-03-21T20:27:54.000000,-0.5027999999999999,-0.011717105263157834
40,3357,2023-03-22T10:00:53.000000,-0.029793103448275904,-0.20208097165991923
40,3358,2023-03-22T15:01:40.000000,0.11688987764182457,0.2402171945701359
40,3398,2023-06-22T10:35:44.000000,-0.3423225806451613,0.0367703984819735
40,3399,2023-06-22T15:05:38.000000,0.7004565756823822,-0.0031359447004608576
40,3400,2023-06-22T20:27:22.000000,-1.0944615384615384,-0.2777063492063492
40,3401,2023-06-23T10:23:07.000000,0.43265934065934053,0.19019444444444433
40,3402,2023-06-23T15:04:41.000000,0.33637142857142877,0.2945833333333334
40,3403,2023-06-23T20:02:45.000000,-0.6844153846153849,-0.25570370370370377
40,3404,2023-06-24T10:07:31.000000,0.36825174825174845,0.1402491582491583
40,3405,2023-06-24T15:18:29.000000,-0.24074747474747515,-0.2497272727272728
40,3406,2023-06-24T20:03:39.000000,0.44894444444444503,0.24218181818181816
40,3407,2023-06-25T10:06:39.000000,-0.3255476190476192,0.13700000000000012
40,3408,2023-06-25T15:16:01.000000,0.7683809523809524,0.24821052631578944
40,3409,2023-06-25T20:27:20.000000,-0.095298245614035,-0.4027105263157895
40,3410,2023-06-26T15:00:43.000000,-0.2523095975232199,-0.4652777777777778
40,3411,2023-06-26T20:00:56.000000,-0.2327979539641949,0.36663492063492065
40,3412,2023-06-27T10:03:48.000000,-0.9007370600414076,-0.25857142857142856
40,3413,2023-06-27T15:16:34.000000,0.8271718426501037,-0.11943956043956061
40,3414,2023-06-27T20:10:17.000000,-0.19576231884058015,0.13522281167108774
40,3415,2023-06-28T10:08:32.000000,0.26275897435897466,0.42885960591133
40,3416,2023-06-28T15:10:28.000000,0.07369230769230795,-0.3546085714285714
40,3417,2023-06-28T20:05:58.000000,0.09861538461538433,0.3154577777777777
40,3418,2023-06-29T10:04:44.000000,-0.3986086956521737,-0.001988304093567206
40,3419,2023-06-29T15:10:11.000000,0.4106086956521737,-0.09843463497453309
40,3420,2023-06-29T21:05:50.000000,-0.7989473684210525,-0.35491039426523285
40,3421,2023-06-30T10:02:32.000000,1.0966973684210526,0.3222222222222221
40,3422,2023-06-30T15:45:57.000000,-0.3566973684210528,0.06964912280701752
40,3423,2023-06-30T20:07:36.000000,-0.46305263157894716,0.09218421052631576
40,3384,2023-07-01T11:51:41.000000,0.05884210526315781,-0.16559999999999997
40,3385,2023-07-01T15:03:58.000000,1.1268912280701753,0.0040999999999999925
40,3386,2023-07-01T20:40:15.000000,-0.7668102564102564,0.3383333333333334
40,3387,2023-07-02T10:41:15.000000,0.42414358974358946,-0.13321568627450975
40,3388,2023-07-02T15:48:33.000000,-1.3364350877192979,0.003977591036414596
40,3389,2023-07-02T22:00:59.000000,1.150105263157895,-0.034832080200501325
40,3390,2023-07-03T10:20:42.000000,-0.07735753176043603,0.029056842105263048
40,3391,2023-07-03T17:00:48.000000,-0.18182375478927182,-0.13801696969696964
40,3392,2023-07-03T20:33:17.000000,-0.8195555555555555,-0.5315204216073782
40,3393,2023-07-04T11:08:22.000000,-0.677,0.437217391304348
40,3394,2023-07-04T16:10:01.000000,0.5378888888888889,-0.14450000000000007
40,3395,2023-07-05T10:00:50.000000,1.3291111111111116,0.37676086956521737
40,3396,2023-07-05T15:30:37.000000,-0.5765000000000005,-0.37009420289855055
40,3397,2023-07-05T20:24:28.000000,,
41,3537,2021-05-15T13:48:21.000000,1.1785333333333332,0.1627142857142858
41,3538,2021-05-16T14:48:33.000000,,
42,3826,2021-06-12T17:04:25.000000,0.4422352941176473,-0.185044705882353
42,3827,2021-06-13T17:11:43.000000,-0.001995294117647317,0.019696666666666696
42,3828,2021-06-14T17:02:42.000000,-0.06703999999999977,0.15721969696969706
42,3829,2021-06-14T22:03:40.000000,,
43,3990,2021-06-08T12:08:16.000000,0.0050186335403723525,-0.1515333333333334
43,3991,2021-06-10T12:01:20.000000,-0.9060779220779219,-0.2948840579710147
43,3992,2021-06-12T12:30:48.000000,0.698585858585859,0.15121739130434797
43,3993,2021-06-13T13:25:05.000000,,
44,4057,2021-06-11T14:09:06.000000,-1.5158,-0.4309333333333334
44,4058,2021-06-15T17:48:01.000000,-1.0592,1.1865999999999999
44,4059,2021-06-17T13:05:42.000000,1.452,-0.2562
44,4060,2021-06-18T13:56:38.000000,,
45,4572,2021-05-04T12:38:00.000000,-1.9463999999999997,-0.026800000000000157
45,4573,2021-05-05T15:12:00.000000,2.3706666666666667,-0.34066666666666656
45,4574,2021-05-06T13:20:36.000000,2.2421333333333333,0.8378666666666666
45,4575,2021-05-07T12:14:50.000000,-2.6388,-0.6592
45,4576,2021-05-08T12:28:39.000000,-0.3700000000000002,0.5112000000000001
45,4577,2021-05-09T22:32:52.000000,3.651,0.0038000000000000256
45,4578,2021-05-10T12:00:36.000000,-5.091799999999999,-0.26860000000000017
45,4579,2021-05-12T22:40:30.000000,1.3456000000000001,0.0616000000000001
45,4565,2021-05-13T14:57:55.000000,-1.5216000000000003,0.3543999999999998
45,4566,2021-05-14T19:34:05.000000,1.7768000000000002,-0.14839999999999987
45,4567,2021-05-15T13:49:20.000000,0.5826666666666669,-0.15799999999999992
45,4568,2021-05-16T19:32:58.000000,-0.15766666666666684,0.8579999999999999
45,4569,2021-05-17T17:49:16.000000,3.17,-1.1372
45,4570,2021-05-18T17:57:31.000000,-3.1910000000000003,0.02320000000000011
45,4571,2021-05-21T16:41:53.000000,0.6506666666666668,-0.05111111111111111
45,4593,2022-01-25T11:06:44.000000,1.3933333333333335,-0.3601196581196582
45,4594,2022-01-25T17:33:05.000000,-1.2334,0.1991474358974359
45,4595,2022-01-25T20:02:34.000000,0.4325428571428572,0.10271969696969696
45,4596,2022-01-26T10:03:21.000000,0.12085714285714277,-0.038518716577540135
45,4597,2022-01-26T15:15:37.000000,1.254571428571429,0.29776470588235293
45,4598,2022-01-26T21:08:31.000000,-1.0298655462184878,-0.5130997442455243
45,4599,2022-01-27T10:22:26.000000,-0.45397860962566844,0.3793126293995861
45,4600,2022-01-27T20:01:21.000000,0.4717171717171717,-0.2637422969187676
45,4601,2022-01-28T15:05:58.000000,-0.47374879227053146,0.07984705882352938
45,4602,2022-01-28T20:45:45.000000,-0.269695652173913,-0.026485714285714335
45,4603,2022-01-29T11:48:07.000000,0.5268000000000002,-0.37760902255639095
45,4604,2022-01-29T16:14:22.000000,0.5177294117647059,0.5074241486068112
45,4605,2022-01-29T20:01:15.000000,0.0927782805429862,-0.13282352941176467
45,4606,2022-01-30T10:30:19.000000,-1.0043076923076921,0.09119411764705876
45,4607,2022-01-30T16:39:18.000000,-0.42525,0.003041176470588214
45,4608,2022-01-30T20:01:05.000000,0.602138888888889,-0.2927672634271099
45,4609,2022-01-31T10:35:59.000000,-0.08992592592592608,-0.03524534161490689
45,4610,2022-01-31T15:15:15.000000,0.27187037037037054,0.12147142857142856
45,4611,2022-01-31T20:41:52.000000,0.15816666666666646,-0.27670769230769243
45,4580,2022-02-03T10:22:03.000000,-0.255285714285714,0.18487912087912106
45,4581,2022-02-03T15:14:54.000000,-0.17435428571428585,-0.03313142857142859
45,4582,2022-02-03T22:04:06.000000,0.4435490909090906,-0.04366222222222216
45,4583,2022-02-04T15:05:06.000000,-0.06521212121212072,0.22128888888888887
45,4584,2022-02-04T20:02:21.000000,0.5101291172595518,0.15749333333333326
45,4585,2022-02-05T15:16:14.000000,-0.3398260869565216,-0.05741714285714272
45,4586,2022-02-06T10:20:40.000000,-0.2976842105263159,-0.13796103896103906
45,4587,2022-02-07T10:18:30.000000,-0.07448970251716247,-0.13326181818181815
45,4588,2022-02-07T16:02:31.000000,-0.003326086956521701,0.009343157894736831
45,4589,2022-02-07T21:17:59.000000,0.730236842105263,0.06655502392344492
45,4590,2022-02-08T11:03:47.000000,-1.740136842105263,0.3709818181818182
45,4591,2022-02-08T16:04:28.000000,0.8502000000000001,-0.04622857142857151
45,4592,2022-02-08T20:15:40.000000,,
46,4724,2021-03-30T15:10:59.000000,-0.21099999999999985,0.03200000000000025
46,4725,2021-03-31T15:48:35.000000,-0.9579999999999999,-0.3962000000000001
46,4726,2021-04-02T14:26:01.000000,0.45433333333333337,0.8132000000000001
46,4727,2021-04-03T12:05:49.000000,1.6954666666666662,-0.7832000000000001
46,4728,2021-04-04T16:20:14.000000,-3.3517999999999994,-0.38680000000000003
46,4729,2021-04-05T12:23:02.000000,-0.781,0.371
46,4730,2021-04-06T16:16:49.000000,,
47,4762,2021-06-08T12:39:36.000000,1.0431428571428571,0.38673214285714297
47,4763,2021-06-08T17:24:02.000000,0.04937662337662363,-0.35839500000000013
47,4764,2021-06-10T12:03:39.000000,-0.22962424242424262,-0.39447999999999994
47,4765,2021-06-10T17:31:42.000000,0.1889333333333334,0.23849999999999993
47,4766,2021-06-10T22:01:55.000000,0.6791999999999997,0.13690000000000013
47,4767,2021-06-11T12:05:36.000000,,
50,4979,2021-06-08T14:10:56.000000,0.14340000000000008,0.1306558704453441
50,4980,2021-06-09T16:17:00.000000,0.039705882352941035,-0.0071789473684210625
50,4981,2021-06-10T21:13:40.000000,-0.3500392156862745,-0.19386666666666663
50,4982,2021-06-11T13:41:59.000000,0.6013333333333335,0.18923137254901956
50,4983,2021-06-12T17:19:52.000000,0.3288571428571425,0.11863529411764717
50,4984,2021-06-13T12:46:57.000000,0.8017310924369754,0.13926666666666665
50,4985,2021-06-14T12:36:30.000000,-0.1463025210084039,0.2371333333333332
50,4986,2021-06-15T20:46:09.000000,-1.6126666666666662,-0.7919666666666667
50,4978,2021-06-18T15:47:46.000000,0.6763809523809521,1.0451666666666668
50,4990,2022-02-10T15:30:07.000000,-0.17066666666666652,-2.174666666666667
50,4991,2022-02-10T21:45:33.000000,-1.104,0.3840000000000001
50,4992,2022-02-11T11:39:17.000000,1.0693333333333332,1.6133333333333333
50,4993,2022-02-11T17:29:13.000000,-3.0759999999999996,0.3533333333333335
50,4994,2022-02-11T20:11:32.000000,4.313333333333333,-2.4066666666666667
50,4995,2022-02-12T11:45:28.000000,-3.789333333333333,0.6506666666666665
50,4996,2022-02-12T15:05:27.000000,4.245333333333333,1.682
50,4997,2022-02-12T20:36:45.000000,-0.9946666666666664,0.07000000000000028
50,4998,2022-02-13T16:03:16.000000,,
51,5046,2021-06-08T12:04:38.000000,1.592,-0.7253333333333334
51,5047,2021-06-10T12:33:53.000000,-2.0186666666666673,0.8959999999999999
51,5048,2021-06-11T12:00:57.000000,,
52,5135,2021-06-09T12:05:43.000000,-0.6055999999999995,-0.19280000000000008
52,5136,2021-06-10T12:01:54.000000,0.7159999999999997,-0.2744
52,5137,2021-06-11T15:02:57.000000,-0.4159999999999999,-0.07120000000000015
52,5138,2021-06-12T12:04:12.000000,4.3672,0.548
52,5139,2021-06-13T12:45:07.000000,-0.35519999999999996,0.1592
52,5140,2021-06-14T12:18:57.000000,-1.6344,-0.5735999999999999
52,5141,2021-06-15T12:48:12.000000,-2.384,-0.5144000000000001
52,5142,2021-06-16T12:07:39.000000,4.036,1.1183999999999998
52,5134,2021-06-18T12:21:01.000000,,
54,2035,2024-10-09T12:00:48.000000,-1.1294666666666666,-0.5640000000000001
54,2076,2024-10-09T17:00:58.000000,1.0234666666666667,0.07466666666666644
54,2376,2024-10-10T12:21:45.000000,0.08013333333333339,0.48693333333333344
54,2448,2024-10-10T17:06:31.000000,-1.9821333333333335,-0.4374
54,2526,2024-10-10T22:57:50.000000,-0.1074666666666666,-0.37077142857142853
54,2654,2024-10-11T17:51:11.000000,2.1008000000000004,0.17297142857142855
54,2941,2024-10-12T12:31:58.000000,-0.17760000000000042,0.2896000000000001
54,3036,2024-10-12T17:28:22.000000,-0.31999999999999984,0.46599999999999997
54,3135,2024-10-13T12:55:04.000000,-2.30965,-0.6739999999999999
54,3435,2024-10-13T22:54:50.000000,,
56,4630,2024-10-15T12:05:53.000000,0.23626136363636352,0.22387394957983198
56,4653,2024-10-15T22:53:30.000000,-1.773636363636364,-0.6002857142857143
56,4660,2024-10-16T12:04:10.000000,3.7283999999999997,0.3927999999999999
56,4671,2024-10-16T17:02:52.000000,-1.780848979591836,0.0016074074074073907
56,4682,2024-10-16T22:37:59.000000,0.5094489795918362,0.0831925925925926
56,4693,2024-10-17T12:12:11.000000,0.5506000000000002,-0.6168
56,4704,2024-10-17T22:30:42.000000,1.0575999999999994,0.2495333333333335
56,4715,2024-10-19T12:21:18.000000,-1.7453538461538451,0.30732183908045974
56,4739,2024-10-19T17:55:02.000000,-0.10531282051282087,0.4307151979565772
56,4750,2024-10-20T12:59:19.000000,,
57,11,2024-10-26T12:00:25.000000,-1.3506181818181815,0.5332869565217391
57,205,2024-10-26T17:00:22.000000,-0.0891818181818187,0.04691304347826086
57,216,2024-10-26T22:00:27.000000,-2.0682,-1.2858
57,227,2024-10-27T12:06:58.000000,1.3560421052631582,0.9775000000000001
57,238,2024-10-27T17:12:00.000000,0.871957894736842,-0.41669999999999996
57,259,2024-10-27T22:01:50.000000,-0.3790000000000002,0.7126399999999999
57,270,2024-10-28T12:05:42.000000,-0.3871333333333331,-0.3861015384615385
57,289,2024-10-28T17:00:20.000000,-0.2682666666666669,-0.8929384615384615
57,302,2024-10-28T22:19:40.000000,0.8086,0.4103999999999999
57,303,2024-10-29T12:00:13.000000,-3.463,0.03333333333333344
57,357,2024-10-29T17:05:53.000000,2.566333333333333,0.7456666666666667
57,372,2024-10-29T22:00:18.000000,-1.4415333333333331,-1.0054
57,374,2024-10-30T12:53:53.000000,1.0255999999999998,-0.10159999999999991
57,375,2024-10-30T17:00:15.000000,1.015885714285714,0.8093333333333332
57,383,2024-10-30T22:05:01.000000,-2.105485714285714,-0.4941333333333333
57,399,2024-10-31T12:00:56.000000,2.286258823529412,0.39290526315789465
57,417,2024-10-31T17:39:10.000000,-1.196658823529412,-0.7081052631578946
57,428,2024-10-31T22:00:19.000000,-0.6444,0.15599999999999992
57,564,2024-11-01T12:00:18.000000,1.5996,0.12560000000000016
57,578,2024-11-01T17:19:59.000000,0.48340000000000005,0.49066086956521726
57,589,2024-11-01T22:31:47.000000,0.3021111111111112,-0.010816425120772966
57,600,2024-11-02T22:00:22.000000,0.37688888888888883,-0.8894444444444445
57,623,2024-11-03T12:00:24.000000,-1.004842105263158,0.8667272727272726
57,634,2024-11-03T22:00:43.000000,-0.7102055137844611,0.10903272727272739
57,645,2024-11-04T12:09:25.000000,0.4232581453634082,-0.09075999999999995
57,646,2024-11-04T17:34:59.000000,0.19658947368421087,-0.7737999999999998
57,647,2024-11-04T22:00:24.000000,0.44511304347826064,1.1590399999999998
57,648,2024-11-05T12:02:46.000000,0.04258695652173938,0.051855238095238176
57,649,2024-11-05T17:00:20.000000,0.11999999999999966,0.21119887955182048
57,650,2024-11-05T22:31:40.000000,-0.7302499999999996,-0.2888730650154797
57,659,2024-11-06T12:20:34.000000,0.01527380952380919,-0.19114832535885162
57,670,2024-11-06T17:00:24.000000,0.05193073593073594,-0.27471272727272733
57,681,2024-11-06T22:00:27.000000,0.7250454545454543,0.5856304761904761
57,685,2024-11-07T17:01:13.000000,-1.5144999999999995,-1.4329904761904761
57,686,2024-11-07T22:02:53.000000,1.912,0.11440000000000006
57,687,2024-11-08T12:02:11.000000,0.32079999999999975,0.4
57,688,2024-11-08T17:00:33.000000,,
58,1477,2024-07-20T17:38:34.000000,2.1995555555555555,0.8948533333333334
58,1484,2024-07-21T12:04:40.000000,-0.9329999999999998,-0.7346666666666666
58,1485,2024-07-21T17:08:46.000000,0.9470000000000001,-0.2456666666666668
58,1486,2024-07-22T12:42:25.000000,-0.920666666666667,0.32433333333333336
58,1498,2024-07-22T17:01:31.000000,0.8938666666666668,0.0076666666666667105
58,1509,2024-07-22T22:00:32.000000,-1.1423666666666668,-0.13314814814814824
58,1520,2024-07-23T12:01:28.000000,-0.6587280701754383,0.07186243386243385
58,1570,2024-07-23T17:01:08.000000,-3.968505263157895,-1.0465142857142857
58,1581,2024-07-23T22:02:26.000000,3.5267809523809523,1.0505241379310344
58,1592,2024-07-24T12:28:03.000000,1.0016190476190476,-0.41305747126436787
58,1778,2024-07-24T17:06:15.000000,0.19199999999999995,0.4713333333333335
58,1797,2024-07-24T22:02:34.000000,0.3964000000000003,-0.4388000000000002
58,1819,2024-07-25T12:29:35.000000,-1.3504000000000003,-0.1127999999999999
58,1829,2024-07-25T17:03:44.000000,1.0919999999999999,-0.20440000000000003
58,1840,2024-07-25T22:33:45.000000,-0.3989999999999998,0.8081538461538462
58,1851,2024-07-26T12:03:25.000000,-0.2041111111111109,-0.11015384615384616
58,1862,2024-07-26T22:02:48.000000,0.6371111111111105,-0.3380000000000001
58,1873,2024-07-27T12:06:17.000000,-1.0219999999999996,0.5325789473684212
58,1884,2024-07-27T17:01:06.000000,0.10589473684210549,-0.11957894736842112
58,1895,2024-07-27T22:20:44.000000,1.3941052631578943,-0.248
58,1910,2024-07-28T17:25:18.000000,-0.07866666666666644,0.2303333333333334
58,1921,2024-07-28T22:04:41.000000,0.4826666666666668,-0.16933333333333334
58,1928,2024-07-29T12:01:15.000000,-0.4440000000000004,0.15733333333333333
58,1932,2024-07-29T17:09:25.000000,0.45199999999999996,0.66
58,1943,2024-07-29T22:26:45.000000,-1.4693333333333334,-0.5288333333333334
58,1954,2024-07-30T12:00:41.000000,-0.2734666666666661,-0.3675909090909092
58,1969,2024-07-30T17:39:09.000000,-0.5173739130434785,0.4754242424242425
58,1980,2024-07-30T22:01:17.000000,1.2741739130434782,-0.5003333333333333
58,1991,2024-07-31T12:07:42.000000,1.2849999999999997,1.241
58,2002,2024-07-31T17:04:24.000000,-0.18599999999999994,-0.44500000000000006
58,2013,2024-07-31T22:02:55.000000,-1.607482758620689,-0.5994375000000001
58,2024,2024-08-01T12:09:55.000000,0.4424827586206894,0.6034375000000001
58,2036,2024-08-01T17:00:39.000000,-0.7985263157894738,-0.5432727272727274
58,2041,2024-08-01T22:12:11.000000,-3.865473684210526,0.2592727272727273
58,2042,2024-08-02T12:01:34.000000,5.1129999999999995,-0.31600000000000006
58,2043,2024-08-02T17:01:47.000000,-0.5149200000000005,0.08935714285714291
58,2044,2024-08-02T22:37:14.000000,,
59,2045,2024-08-06T12:31:01.000000,-0.9789714285714286,-1.3858736842105264
59,2053,2024-08-06T17:09:02.000000,2.6581333333333337,0.7804000000000001
59,2064,2024-08-06T21:06:03.000000,-0.0439686274509804,0.020090909090909048
59,2074,2024-08-07T12:42:21.000000,-1.937364705882353,-0.5484909090909089
59,2075,2024-08-08T17:01:42.000000,2.5504000000000007,0.5307809523809522
59,2077,2024-08-10T22:00:42.000000,0.11805714285714242,-0.010505952380952421
59,2299,2024-08-12T12:51:31.000000,-4.078857142857142,-0.35287500000000005
59,2310,2024-08-13T12:29:11.000000,2.2264,-0.5266
59,2321,2024-08-13T17:47:19.000000,,
60,2412,2024-07-19T12:00:19.000000,-0.3376000000000001,0.8330000000000001
60,2413,2024-07-19T17:01:01.000000,0.3501999999999996,-0.3520000000000001
60,2414,2024-07-19T22:03:31.000000,-0.6254,0.6696666666666666
60,2415,2024-07-20T12:00:33.000000,-0.18483809523809525,-0.5203666666666666
60,2416,2024-07-20T17:06:15.000000,0.6680380952380958,-0.5223
60,2426,2024-07-20T22:05:06.000000,-1.0537090909090916,-0.04200000000000004
60,2437,2024-07-21T12:00:20.000000,0.619262032085562,0.3460000000000001
60,2449,2024-07-21T17:01:23.000000,-1.7807529411764706,0.788
60,2460,2024-07-21T22:32:01.000000,1.1690666666666665,-0.9870909090909092
60,2471,2024-07-22T12:01:02.000000,-0.7230476190476185,-0.02842909090909085
60,2482,2024-07-22T22:07:36.000000,1.9627809523809523,-0.13381333333333334
60,2484,2024-07-23T12:00:48.000000,-1.9452,0.17063333333333341
60,2501,2024-07-23T17:00:39.000000,0.11880000000000002,-0.21496666666666675
60,2512,2024-07-23T22:02:44.000000,1.6599999999999993,0.9003333333333333
60,2523,2024-07-24T12:00:30.000000,-0.9723809523809521,-0.6623939393939393
60,2524,2024-07-24T17:00:38.000000,-0.5016190476190474,-1.078939393939394
60,2525,2024-07-24T22:23:42.000000,-0.07223999999999964,1.2670238095238096
60,2527,2024-07-25T12:05:24.000000,0.6072770370370368,0.49164285714285727
60,2537,2024-07-25T17:00:40.000000,0.8157629629629626,-1.1880000000000002
60,2566,2024-07-25T22:01:05.000000,-0.6696888888888886,1.0728461538461538
60,2577,2024-07-26T12:00:23.000000,,
61,2970,2024-08-03T17:00:36.000000,2.3163666666666667,-0.47814999999999996
61,2981,2024-08-03T22:00:26.000000,-0.28701282051282084,0.0016590909090908879
61,2992,2024-08-04T12:06:39.000000,-1.887753846153846,-0.19230909090909087
61,3003,2024-08-04T17:15:19.000000,1.4689846153846153,0.27584827586206895
61,3014,2024-08-05T17:26:35.000000,-0.2857846153846155,0.993751724137931
61,3025,2024-08-07T12:22:51.000000,-3.922399999999999,-0.17359999999999998
61,3037,2024-08-07T17:00:24.000000,1.093599999999999,0.15759999999999996
61,3043,2024-08-07T22:07:05.000000,1.4448000000000003,-0.4303999999999999
61,3047,2024-08-10T17:00:25.000000,1.7711619047619047,-0.8033714285714286
61,3058,2024-08-10T22:02:02.000000,,
62,3179,2024-11-05T12:02:19.000000,-0.37412440191387564,-0.17669000000000012
62,3190,2024-11-05T17:07:11.000000,0.6258866396761129,-0.009749999999999925
62,3193,2024-11-05T22:26:03.000000,1.2760923076923079,-0.6122000000000001
62,3196,2024-11-06T12:00:49.000000,-2.1412387096774195,0.5338666666666667
62,3207,2024-11-06T17:01:36.000000,2.169238709677419,-0.13926666666666665
62,3424,2024-11-06T22:19:47.000000,-2.205579487179487,0.045050000000000034
62,3436,2024-11-07T12:14:08.000000,0.42984615384615366,-0.3004029411764706
62,3447,2024-11-07T22:00:46.000000,0.1875555555555557,0.4489455337690632
62,3458,2024-11-08T12:15:11.000000,0.7353777777777779,-0.5793925925925926
62,3465,2024-11-08T17:01:15.000000,-0.5466810810810807,0.48182564102564096
62,3471,2024-11-08T22:10:11.000000,1.2634810810810808,-1.0342256410256412
62,3481,2024-11-09T12:03:20.000000,-0.08340000000000014,0.4952000000000001
62,3492,2024-11-09T17:01:23.000000,-1.735470588235294,0.2473333333333334
62,3503,2024-11-09T22:06:40.000000,1.9556705882352943,0.2690666666666668
62,3514,2024-11-10T12:02:41.000000,-2.2385846153846156,0.15239999999999998
62,3525,2024-11-10T17:01:35.000000,1.900984615384615,-0.67
62,3541,2024-11-10T22:02:46.000000,-0.1607999999999996,-0.024800000000000155
62,3552,2024-11-11T12:26:17.000000,0.6023999999999994,0.13040000000000018
62,3563,2024-11-11T17:01:09.000000,-2.0941999999999994,0.5150999999999999
62,3574,2024-11-11T22:07:23.000000,0.3206,0.1286935483870968
62,3585,2024-11-12T12:24:30.000000,1.8184000000000002,-0.8965935483870967
62,3596,2024-11-12T17:03:04.000000,-0.6024000000000003,-0.21520000000000006
62,3606,2024-11-12T22:11:11.000000,-1.2176,0.9230285714285714
62,3617,2024-11-13T12:02:32.000000,-0.5391304347826087,0.12708755760368662
62,3628,2024-11-13T22:07:45.000000,0.7201304347826087,-0.42175422427035314
62,3639,2024-11-14T12:37:11.000000,0.9966000000000004,-0.5427619047619048
62,3645,2024-11-14T17:15:52.000000,-0.6696000000000006,0.33499999999999985
62,3653,2024-11-14T22:04:07.000000,0.7752000000000001,-0.5654
62,3664,2024-11-15T12:01:07.000000,-0.52,0.28400000000000003
62,3675,2024-11-15T17:16:47.000000,0.36546666666666683,0.45140000000000013
62,3686,2024-11-16T12:40:26.000000,0.10493333333333288,-0.6082000000000002
62,3697,2024-11-16T22:03:09.000000,-1.3997666666666657,0.6822
62,3703,2024-11-17T12:01:42.000000,0.8893666666666664,-0.6590000000000001
62,3704,2024-11-17T17:01:53.000000,0.6434666666666664,0.5063333333333335
62,3705,2024-11-18T12:01:59.000000,-1.8284057971014493,0.9323066666666666
62,3714,2024-11-18T22:47:02.000000,,
63,4654,2024-11-12T12:05:40.000000,-0.5927999999999995,-0.9895999999999999
63,4655,2024-11-12T17:10:01.000000,-0.6048000000000002,-0.43679999999999997
63,4656,2024-11-12T22:09:54.000000,1.3927999999999996,1.2888
63,4657,2024-11-13T12:08:50.000000,-1.5030249999999994,-0.701564705882353
63,4658,2024-11-13T17:06:26.000000,1.0550249999999999,0.7935647058823531
63,4659,2024-11-13T22:02:43.000000,-1.5528,-0.5312000000000001
63,4661,2024-11-14T12:01:08.000000,0.42693333333333294,-0.26559999999999995
63,4662,2024-11-14T17:15:33.000000,0.07084166666666714,0.003235294117647003
63,4663,2024-11-14T22:06:09.000000,0.055344999999999756,-0.12052100840336133
63,4664,2024-11-15T12:15:35.000000,0.9804800000000005,0.9956857142857145
63,4665,2024-11-15T22:15:06.000000,-1.1066666666666674,-0.8784000000000002
63,4666,2024-11-16T12:08:06.000000,1.469066666666667,0.11480000000000001
63,4667,2024-11-16T22:10:56.000000,-1.469066666666667,-0.11480000000000001
63,4668,2024-11-17T12:03:03.000000,0.7610666666666668,0.4608
63,4669,2024-11-17T17:14:16.000000,0.43040000000000056,0.21219999999999994
63,4670,2024-11-17T22:17:09.000000,0.004799999999999471,0.4630000000000001
63,4672,2024-11-18T22:03:52.000000,-2.0184470588235293,-1.097263157894737
63,4673,2024-11-19T12:33:00.000000,1.820847058823529,-0.6315368421052632
63,4674,2024-11-19T17:40:12.000000,0.20400000000000018,0.552
63,4675,2024-11-19T22:01:58.000000,-2.0248470588235294,0.07953684210526313
63,4676,2024-11-20T12:50:52.000000,0.0,0.0
63,4677,2024-11-20T17:35:58.000000,1.5264470588235295,-0.14673684210526317
63,4678,2024-11-20T22:03:50.000000,-0.27200000000000024,0.22910344827586215
63,4679,2024-11-21T12:03:30.000000,0.0,0.0
63,4680,2024-11-21T17:52:46.000000,0.5415999999999999,0.2796965517241379
63,4681,2024-11-21T22:11:13.000000,0.26480000000000015,0.17999999999999994
63,4683,2024-11-22T12:11:32.000000,-0.8064,-0.4596965517241378
63,4684,2024-11-23T12:15:11.000000,0.0,0.0
63,4685,2024-11-23T17:58:46.000000,0.5415999999999999,0.2796965517241379
63,4686,2024-11-23T22:24:00.000000,0.13600000000000012,0.5528
63,4687,2024-11-24T17:23:54.000000,-0.2840250000000002,-0.7781624999999999
63,4688,2024-11-25T12:27:56.000000,,
64,4689,2024-08-10T17:07:48.000000,-1.8771555555555555,-0.01668235294117648
64,4690,2024-08-10T22:06:01.000000,0.7582923976608185,0.008263305322128933
64,4691,2024-08-11T12:13:36.000000,-0.14273684210526283,0.17228571428571415
64,4692,2024-08-11T17:00:48.000000,-0.3764000000000003,-0.20211111111111113
64,4694,2024-08-12T12:01:18.000000,0.8654,0.18444444444444452
64,4695,2024-08-12T22:05:00.000000,0.07805882352941174,0.3829999999999999
64,4696,2024-08-13T12:02:08.000000,-0.5940588235294115,-0.3792222222222221
64,4697,2024-08-13T17:25:30.000000,-2.1098,0.11802222222222225
64,4698,2024-08-13T22:00:58.000000,3.0077333333333334,0.06813333333333327
64,4699,2024-08-14T12:54:03.000000,-0.1753619047619046,-0.08519139784946239
64,4700,2024-08-14T17:13:28.000000,-1.380512605042017,-0.36763082437275973
64,4701,2024-08-14T22:03:03.000000,-0.5670588235294118,0.3097712418300653
64,4702,2024-08-15T12:02:18.000000,1.2252173913043483,-0.4293223529411765
64,4703,2024-08-16T12:36:29.000000,2.0939826086956517,1.48504
64,4705,2024-08-16T17:01:38.000000,-3.2062399999999998,-1.1098307692307692
64,4706,2024-08-16T22:00:36.000000,1.6393733333333336,0.32605685618729097
64,4707,2024-08-17T12:01:13.000000,-2.4827333333333335,0.6509739130434784
64,4708,2024-08-17T22:00:41.000000,2.1715428571428568,-1.1743454545454546
64,4709,2024-08-18T12:06:11.000000,,
66,4774,2024-07-26T17:39:49.000000,-0.28751999999999955,-1.1033333333333335
66,4775,2024-07-27T12:07:57.000000,1.6123199999999989,1.6863555555555552
66,4776,2024-07-27T17:06:10.000000,0.09120000000000061,0.08840000000000003
66,4778,2024-07-27T22:04:52.000000,-5.7576,-1.9863999999999997
66,4779,2024-07-28T12:01:45.000000,2.0731333333333337,0.51544
66,4780,2024-07-28T17:07:40.000000,-1.2403333333333333,-0.46824
66,4781,2024-07-29T12:30:25.000000,1.6699310344827585,0.7378787878787878
66,4782,2024-07-29T17:21:25.000000,1.0988689655172414,-1.599478787878788
66,4783,2024-07-30T12:02:12.000000,2.0648,2.7123999999999997
66,4784,2024-07-31T17:20:38.000000,,
67,4796,2024-11-02T17:36:49.000000,-1.8810196078431374,0.7805098039215687
67,4797,2024-11-02T22:17:52.000000,1.6879529411764702,0.026423529411764735
67,4798,2024-11-03T17:55:40.000000,-0.3471999999999995,-0.7664
67,4799,2024-11-03T22:15:08.000000,-0.43999999999999995,-0.23440000000000016
67,4800,2024-11-04T17:33:33.000000,-0.8731272727272728,1.139113043478261
67,4801,2024-11-04T22:12:21.000000,-0.12767272727272738,-1.038313043478261
67,4802,2024-11-05T22:17:46.000000,-0.3184888888888888,0.8080296296296297
67,4803,2024-11-07T12:50:50.000000,-0.45073015873015865,0.016620370370370452
67,4805,2024-11-08T12:00:30.000000,,
68,4816,2024-11-15T17:00:53.000000,2.5408000000000004,-0.41639999999999977
68,4817,2024-11-15T22:01:25.000000,-2.8768000000000002,0.6531999999999999
68,4818,2024-11-16T17:00:37.000000,-0.015200000000000102,-0.34440000000000015
68,4819,2024-11-16T22:00:39.000000,2.6705684210526317,0.688842105263158
68,4820,2024-11-17T22:09:11.000000,-0.1693684210526316,-0.823842105263158
68,4824,2024-11-22T22:14:46.000000,-1.95,0.25580000000000025
68,4825,2024-11-23T17:16:05.000000,0.6376,0.4492666666666665
68,4826,2024-11-24T17:14:54.000000,,
71,4960,2024-08-29T12:00:46.000000,-3.581514285714286,-0.1621076923076924
71,4961,2024-08-29T17:03:35.000000,0.8351999999999999,-0.3408
71,4962,2024-08-29T22:11:16.000000,4.9064,0.8516000000000001
71,4963,2024-08-30T12:03:49.000000,-2.2288,-1.1388
71,4964,2024-08-30T22:41:09.000000,-0.5037419354838708,0.9065999999999999
71,4965,2024-08-31T12:00:44.000000,-1.1782580645161291,-0.17225454545454533
71,4966,2024-08-31T17:00:43.000000,0.8396,-1.0007454545454544
71,4967,2024-09-01T12:04:32.000000,1.4280000000000002,-0.3648
71,4968,2024-09-01T17:00:38.000000,-1.8680000000000003,0.33679999999999977
71,4969,2024-09-01T22:05:54.000000,2.7974,1.8328000000000002
71,4970,2024-09-02T12:35:45.000000,0.3780000000000001,-1.7716
71,4971,2024-09-02T17:05:44.000000,-1.0390000000000001,-0.593
71,4972,2024-09-03T17:41:13.000000,,
72,4973,2024-09-19T12:04:03.000000,-1.0626000000000002,-0.9036000000000001
72,4974,2024-09-24T17:22:36.000000,2.718,-0.18200000000000005
72,4975,2024-09-25T12:08:34.000000,0.20609090909090888,0.44894736842105254
72,4976,2024-09-27T17:13:57.000000,-0.1144242424242421,-0.04433198380566794
72,4977,2024-09-28T12:33:12.000000,,
73,5013,2024-10-08T22:01:56.000000,-2.3683529411764703,-1.4688095238095238
73,5014,2024-10-09T12:01:57.000000,0.6703529411764705,-0.012554112554112429
73,5015,2024-10-09T17:05:08.000000,2.024,0.9803636363636363
73,5016,2024-10-10T12:16:14.000000,-1.4039999999999997,-1.2468
73,5017,2024-10-10T17:05:52.000000,-1.33225,0.21368888888888893
73,5018,2024-10-10T22:01:32.000000,1.525583333333333,-0.2432888888888891
73,5019,2024-10-11T12:03:39.000000,-4.758933333333333,-0.025599999999999845
73,5020,2024-10-11T17:01:01.000000,3.948,0.5392000000000001
73,5021,2024-10-11T22:56:18.000000,,
74,5030,2024-09-28T22:14:16.000000,-3.1846666666666668,0.5972190476190475
74,5031,2024-09-30T12:22:17.000000,4.4736,-0.6663999999999999
74,5032,2024-09-30T17:11:48.000000,-4.4816,0.7634666666666665
74,5033,2024-09-30T22:09:16.000000,3.9926250000000003,-0.6376321839080459
74,5034,2024-10-01T17:00:19.000000,,
75,5039,2024-10-17T17:11:52.000000,-4.105563636363636,-0.8450000000000001
75,5040,2024-10-17T22:00:49.000000,3.3388,1.0040000000000002
75,5041,2024-10-18T12:59:19.000000,0.750114285714286,-0.6570769230769232
75,5042,2024-10-18T17:00:48.000000,-0.5564511278195488,0.031076923076923113
75,5043,2024-10-18T22:05:53.000000,-4.458863157894736,0.8251999999999999
75,5044,2024-10-19T12:00:23.000000,5.165389473684211,-0.5825636363636364
75,5052,2024-10-19T17:43:14.000000,-0.9329323308270681,-0.16496969696969677
75,5053,2024-10-19T22:06:52.000000,0.22305590062111813,-0.05784848484848504
75,5054,2024-10-20T12:10:08.000000,0.3225314009661837,-0.028234848484848474
75,5055,2024-10-20T17:09:30.000000,0.14115555555555526,-0.25278333333333336
75,5056,2024-10-20T22:02:06.000000,0.3884952380952382,0.6368190476190477
75,5057,2024-10-21T12:05:17.000000,0.5275047619047619,0.7199809523809523
75,5058,2024-10-21T17:03:40.000000,-2.1433142857142857,-0.8161217391304347
75,5059,2024-10-21T22:00:25.000000,1.3315966386554616,0.21702173913043477
75,5060,2024-10-22T12:02:14.000000,-0.3497156862745092,-0.2505909090909091
75,5061,2024-10-22T17:03:00.000000,,
76,5077,2024-11-19T12:05:03.000000,-2.6104000000000003,-1.1252
76,5078,2024-11-19T17:05:25.000000,2.5955515151515156,-0.12757402597402567
76,5079,2024-11-19T22:04:41.000000,2.230848484848485,0.5759740259740258
76,5080,2024-11-20T12:05:04.000000,-0.023333333333332984,0.12319999999999998
76,5081,2024-11-20T17:03:15.000000,-2.0854013605442177,-0.6040444444444446
76,5082,2024-11-20T22:02:44.000000,-1.657265306122449,0.024044444444444535
76,5083,2024-11-21T12:17:20.000000,2.4506197183098584,0.36152972972972974
76,5084,2024-11-21T17:08:50.000000,-0.7343072183098585,-0.5575954013715209
76,5085,2024-11-21T22:01:49.000000,0.1965446428571429,0.5214371002132197
76,5086,2024-11-22T12:02:22.000000,-0.1965446428571429,-0.5214371002132197
76,5087,2024-11-22T17:42:27.000000,0.6465570652173911,0.3642730790491985
76,5088,2024-11-22T22:08:15.000000,0.6287304347826093,-0.4188359788359788
76,5089,2024-11-23T12:03:41.000000,-1.2752875000000004,0.054562899786780306
76,5090,2024-11-23T17:02:02.000000,0.7343072183098585,0.5575954013715209
76,5091,2024-11-23T22:04:32.000000,-0.08775015309246736,-0.19332232232232238
76,5092,2024-11-24T12:12:29.000000,-0.6313523238380805,-0.28126195286195266
76,5093,2024-11-24T17:04:22.000000,-1.4031172413793105,0.032254545454545314
76,5094,2024-11-24T22:04:02.000000,0.8077132075471699,0.14346440677966088
76,5095,2024-11-25T12:34:30.000000,,
77,5114,2024-11-09T12:05:19.000000,-0.7588571428571429,-1.1225333333333332
77,5115,2024-11-09T17:01:38.000000,-2.4496,1.3384
77,5116,2024-11-10T17:31:51.000000,3.2506,-0.3788666666666667
77,5117,2024-11-12T12:04:05.000000,-0.18057894736842098,0.21377777777777784
77,5118,2024-11-12T17:37:52.000000,-2.798821052631579,0.14988888888888896
77,5119,2024-11-14T17:03:01.000000,0.09039999999999981,-0.266
77,5120,2024-11-15T12:01:52.000000,-0.0007999999999999119,-0.643
77,5121,2024-11-15T17:11:14.000000,3.08576,0.652304347826087
77,5122,2024-11-17T17:03:13.000000,-0.12496000000000002,-0.43975889328063245
77,5123,2024-11-18T12:43:20.000000,1.9024,-0.8199454545454546
77,5124,2024-11-19T12:46:05.000000,-2.153978947368421,1.366511111111111
77,5125,2024-11-19T17:01:43.000000,0.3689702517162472,-0.29075111111111096
77,5126,2024-11-19T22:04:29.000000,1.4842086956521738,-0.36536000000000013
77,5127,2024-11-20T12:05:22.000000,-0.5798222222222225,0.0976190476190476
77,5128,2024-11-20T17:02:53.000000,-0.9506473429951686,0.40974458874458886
77,5129,2024-11-21T12:31:38.000000,0.1678028985507245,-0.22478299120234602
77,5130,2024-11-21T22:21:18.000000,-1.3829333333333333,-0.6810806451612905
77,5131,2024-11-22T12:06:14.000000,-0.9736,1.0501
77,5132,2024-11-22T17:03:34.000000,0.7928,-0.8741
77,5133,2024-11-22T22:03:05.000000,,
78,5143,2024-08-01T12:01:15.000000,-1.5649454545454549,-0.4835142857142858
78,5144,2024-08-01T17:00:29.000000,0.136145454545455,0.13231428571428583
78,5145,2024-08-02T12:00:30.000000,0.16480000000000006,-0.020000000000000018
78,5146,2024-08-03T12:01:21.000000,-0.19918787878787914,-0.1608463768115942
78,5147,2024-08-04T12:03:00.000000,0.21038787878787923,0.04084637681159409
78,5148,2024-08-05T17:49:29.000000,0.9884,0.12340000000000018
78,5149,2024-08-05T22:47:34.000000,,
79,5156,2024-09-08T17:57:16.000000,0.2644678362573103,-0.04361499999999996
79,5157,2024-09-09T12:06:37.000000,-1.3686315789473689,-0.18729166666666663
79,5158,2024-09-09T17:18:07.000000,1.6730526315789476,0.1266666666666666
79,5159,2024-09-10T17:17:10.000000,0.7112000000000003,0.7536
79,5160,2024-09-11T12:36:27.000000,-1.0336000000000003,-0.40359999999999996
79,5161,2024-09-11T17:02:23.000000,-0.9279999999999999,0.3627999999999998
79,5162,2024-09-12T12:49:30.000000,0.6432000000000002,-0.6029290322580644
79,5163,2024-09-12T17:25:31.000000,-0.8204190476190478,-0.09697096774193548
79,5164,2024-09-13T12:19:32.000000,-2.1939809523809526,0.5471
79,5165,2024-09-13T17:14:35.000000,4.0448,-0.404
79,5166,2024-09-13T22:59:17.000000,-1.2333333333333332,0.04792857142857143
79,5167,2024-09-14T12:16:20.000000,1.6733333333333331,1.0264714285714287
79,5168,2024-09-14T17:57:59.000000,-6.1032,-1.0429000000000002
79,5169,2024-09-15T12:05:03.000000,2.3200000000000003,1.3015
79,5170,2024-09-15T17:12:46.000000,3.4696000000000002,-1.7278000000000002
79,5171,2024-09-16T12:59:53.000000,0.1495999999999995,0.6387999999999999
79,5172,2024-09-16T17:15:11.000000,-2.5511999999999997,-0.39679999999999993
79,5173,2024-09-17T17:22:44.000000,0.43199999999999994,0.13248421052631587
79,5174,2024-09-17T22:59:19.000000,-1.04832,-0.328943469785575
79,5175,2024-09-18T12:23:41.000000,2.05152,0.9892592592592592
79,5176,2024-09-18T17:08:18.000000,-0.7876800000000002,-0.7824117647058824
79,5177,2024-09-19T12:44:04.000000,0.11322074074074107,-0.14744008714596957
79,5178,2024-09-19T17:39:00.000000,,
80,5179,2024-08-14T12:39:38.000000,-0.8384,0.060799999999999965
80,5180,2024-08-15T12:14:48.000000,4.396800000000001,-0.9268
80,5181,2024-08-15T17:01:30.000000,-4.2968,0.5069999999999999
80,5182,2024-08-16T12:26:02.000000,4.1624,0.5094000000000002
80,5183,2024-08-16T17:02:49.000000,0.5551999999999999,0.7583999999999999
80,5184,2024-08-17T12:00:40.000000,-1.24864,-0.9619999999999999
80,5185,2024-08-18T12:26:24.000000,1.6765399999999997,0.2077714285714285
80,5186,2024-08-19T12:38:48.000000,-1.0798333333333334,0.6943376623376621
80,5187,2024-08-19T17:54:14.000000,-0.4919743589743586,-0.7887800586510263
80,5188,2024-08-20T12:37:37.000000,0.8583076923076929,0.34105278592375377
80,5189,2024-08-20T17:34:56.000000,0.6583999999999992,1.517218181818182
80,5190,2024-08-21T12:21:45.000000,0.21693333333333342,-0.44473333333333365
80,5191,2024-08-21T17:02:37.000000,0.42386666666666706,-0.03500000000000014
80,5192,2024-08-22T12:49:03.000000,,
81,5207,2024-09-23T17:23:30.000000,-1.1592380952380952,-0.13981212121212105
81,5208,2024-09-23T22:22:43.000000,-1.8354285714285719,0.7842666666666664
81,5209,2024-09-24T12:08:24.000000,-0.1333333333333333,-0.009333333333333194
81,5210,2024-09-24T17:26:25.000000,4.998666666666667,-0.752
81,5211,2024-09-24T22:03:28.000000,-2.019333333333333,-0.6606666666666667
81,5212,2024-09-25T12:12:46.000000,0.6671851851851851,0.967793103448276
81,5213,2024-09-25T17:06:26.000000,-3.3891851851851853,1.044206896551724
81,5214,2024-09-25T22:00:40.000000,3.5757894736842104,-1.2510526315789474
81,5215,2024-09-26T12:18:10.000000,0.26554385964912286,-0.9682807017543859
81,5216,2024-09-27T12:05:24.000000,2.170666666666667,1.0493333333333332
81,5217,2024-09-27T17:09:53.000000,-0.3693333333333335,-0.736
81,5218,2024-09-28T17:00:54.000000,-0.4666666666666668,-0.4546666666666668
81,5219,2024-09-28T20:38:51.000000,-5.75,1.1326666666666667
81,5220,2024-09-29T12:07:39.000000,3.7812,-0.10850000000000004
81,5221,2024-09-30T12:31:19.000000,-3.9312000000000005,0.6105
81,5222,2024-09-30T17:08:31.000000,4.187428571428572,-0.6147619047619046
81,5223,2024-10-01T22:16:36.000000,-2.7634285714285713,0.29276190476190467
81,5264,2024-10-02T22:42:54.000000,2.8137999999999996,-0.261047619047619
81,5265,2024-10-03T12:03:05.000000,-3.6217999999999995,0.8470476190476189
81,5266,2024-10-03T22:06:47.000000,,
83,5275,2024-07-27T12:01:56.000000,2.2135999999999996,0.8679999999999999
83,5276,2024-07-27T22:28:03.000000,-3.6792,-0.7666
83,5277,2024-07-28T22:21:29.000000,1.6336470588235295,0.7591111111111111
83,5278,2024-07-29T12:48:45.000000,-0.9744470588235293,-0.7389111111111111
83,5279,2024-07-29T17:04:54.000000,1.6688,-0.030200000000000005
83,5280,2024-07-29T22:11:21.000000,-3.3624,-0.2502
83,5281,2024-07-30T12:04:27.000000,3.4568000000000003,0.2652000000000001
83,5282,2024-07-30T17:05:05.000000,-0.11280000000000001,0.2819999999999999
83,5283,2024-07-30T22:12:01.000000,0.19740000000000002,0.856
83,5284,2024-07-31T12:26:38.000000,0.2865555555555561,-0.06633333333333336
83,5285,2024-07-31T17:13:52.000000,-0.1635555555555559,-0.11844927536231886
83,5286,2024-07-31T22:04:44.000000,-0.8892000000000002,-0.9622173913043478
83,5287,2024-08-01T12:11:56.000000,1.2976000000000005,-0.359
83,1,2024-08-01T22:04:51.000000,-5.156000000000001,1.6715
83,2,2024-08-02T12:11:15.000000,5.928,-0.4115
83,3,2024-08-02T17:14:29.000000,-1.3282947368421052,-0.14557894736842103
83,4,2024-08-02T22:00:54.000000,-0.07570526315789472,-0.07362105263157892
83,5,2024-08-03T12:35:09.000000,-1.1723999999999997,0.20353333333333334
83,6,2024-08-03T22:08:43.000000,1.566347826086956,-0.3095000000000001
83,7,2024-08-04T12:15:19.000000,0.14708074534161497,0.12916666666666676
83,8,2024-08-04T17:06:29.000000,-0.3842285714285716,-0.704
83,9,2024-08-04T22:11:07.000000,1.0616,1.4879999999999998
83,10,2024-08-05T12:07:20.000000,-1.4766333333333332,-0.5485714285714285
83,12,2024-08-05T17:20:05.000000,0.19743333333333335,-0.8004285714285715
83,13,2024-08-05T22:04:57.000000,1.2124000000000001,0.9490000000000001
83,14,2024-08-06T12:42:26.000000,-1.2252000000000005,-0.06052173913043468
83,15,2024-08-06T17:26:52.000000,0.40231111111111195,-0.05736714975845414
83,16,2024-08-06T22:01:46.000000,-0.3435816993464056,0.23668888888888884
83,17,2024-08-07T17:21:58.000000,1.2540705882352934,0.008399999999999963
83,18,2024-08-07T22:30:57.000000,-0.186399999999999,-1.6461999999999999
83,19,2024-08-08T17:10:03.000000,0.20079999999999965,0.7069999999999999
83,20,2024-08-08T22:21:20.000000,0.04720000000000013,0.22560000000000002
83,21,2024-08-09T12:09:19.000000,-1.5487,0.5245600000000001
83,206,2024-08-09T17:00:26.000000,,
85,240,2024-09-22T22:54:17.000000,4.5464,0.33386666666666653
85,241,2024-09-23T12:37:06.000000,-0.3064,-1.3807999999999998
85,242,2024-09-23T22:24:18.000000,-0.9407999999999999,0.41659999999999997
85,243,2024-09-24T12:01:03.000000,-1.1648,0.7058000000000001
85,244,2024-09-24T17:55:09.000000,0.8480000000000001,-0.492
85,245,2024-09-24T22:00:34.000000,2.6736,0.7296
85,246,2024-09-25T17:02:37.000000,-0.3900000000000001,0.3799999999999999
85,247,2024-09-26T12:45:35.000000,-1.9449090909090907,-0.8333999999999999
85,248,2024-09-26T17:33:28.000000,0.6218424242424243,-0.25278947368421056
85,260,2024-09-26T22:00:36.000000,0.5603393939393941,-0.010960526315789698
85,261,2024-09-27T17:23:44.000000,-0.7864727272727274,0.10853947368421057
85,262,2024-09-27T22:00:31.000000,-0.2864,0.49341052631578974
85,263,2024-09-28T12:01:15.000000,2.2,-1.1924000000000001
85,264,2024-09-28T22:01:14.000000,-1.2657043478260865,0.79576
85,265,2024-09-29T12:12:28.000000,-0.21543249427917677,-0.04024421052631577
85,266,2024-09-29T17:09:26.000000,0.15457684210526357,-0.026019493177387942
85,267,2024-09-29T22:00:30.000000,1.3617599999999994,-0.8402962962962963
85,268,2024-09-30T17:34:00.000000,0.01440000000000019,0.7232
85,269,2024-09-30T22:00:26.000000,-0.8970526315789473,0.1990857142857143
85,271,2024-10-01T12:18:06.000000,0.8026526315789471,-0.9366857142857142
85,272,2024-10-01T17:11:59.000000,-0.9791999999999996,0.1953999999999998
85,273,2024-10-01T22:01:31.000000,-0.7216727272727275,0.6593478260869567
85,274,2024-10-02T17:29:20.000000,-1.8575272727272727,-0.3059478260869566
85,275,2024-10-02T22:02:11.000000,2.0832,0.10460000000000003
85,276,2024-10-03T12:08:02.000000,-0.10719999999999996,-0.4022000000000001
85,277,2024-10-03T22:03:42.000000,0.7829176470588239,0.5654105263157897
85,278,2024-10-04T12:47:23.000000,-1.1576376470588237,0.043375680580762244
85,287,2024-10-04T17:35:28.000000,2.3131199999999996,0.7208137931034482
85,288,2024-10-04T22:51:24.000000,,
86,346,2024-08-14T12:28:51.000000,1.72792,-0.6461333333333332
86,351,2024-08-15T12:00:43.000000,1.2832564705882354,0.3071529411764704
86,352,2024-08-16T17:18:12.000000,-1.8001764705882355,0.6006470588235295
86,353,2024-08-16T22:05:23.000000,1.304555555555556,-0.8094705882352942
86,354,2024-08-18T12:11:36.000000,0.5995555555555552,0.021417956656346826
86,355,2024-08-18T17:30:54.000000,0.3844888888888889,-0.0997473684210527
86,356,2024-08-18T22:00:56.000000,0.3744000000000005,-0.3064
86,358,2024-08-19T12:13:56.000000,-0.7149473684210528,0.10933333333333317
86,359,2024-08-19T17:22:10.000000,,
87,376,2024-11-13T12:10:24.000000,-0.6088,0.6531999999999999
87,377,2024-11-13T17:30:28.000000,0.9008,0.17479999999999996
87,378,2024-11-13T22:11:38.000000,2.4934666666666665,0.34406666666666674
87,379,2024-11-14T12:47:33.000000,-0.7566666666666666,-0.5680666666666667
87,380,2024-11-15T22:37:49.000000,1.8439999999999996,0.23393846153846154
87,381,2024-11-16T17:01:50.000000,-0.9126315789473682,0.03857264957264961
87,382,2024-11-17T22:15:12.000000,,
88,384,2024-11-05T12:07:06.000000,3.1664,0.5192
88,385,2024-11-05T17:02:58.000000,-0.7263999999999999,-0.2520000000000001
88,386,2024-11-05T22:15:17.000000,-1.413129411764706,0.7737777777777779
88,387,2024-11-06T12:17:34.000000,0.28079256965944255,0.18107936507936495
88,388,2024-11-06T17:08:47.000000,-3.415263157894737,-0.32085714285714273
88,389,2024-11-06T22:05:11.000000,1.592,1.16
88,395,2024-11-07T12:36:49.000000,1.990235294117647,-0.8745
88,396,2024-11-07T17:01:59.000000,0.9765147058823531,0.07783333333333342
88,397,2024-11-07T22:05:23.000000,0.9352499999999999,0.4696666666666667
88,398,2024-11-08T17:00:55.000000,-3.0212631578947367,-0.5593157894736842
88,400,2024-11-08T22:05:43.000000,-2.5395368421052633,0.31391578947368415
88,401,2024-11-09T17:06:25.000000,-0.43520000000000003,-0.8103999999999999
88,402,2024-11-09T22:01:12.000000,4.829684210526316,0.7631529411764705
88,403,2024-11-10T12:02:47.000000,-0.06941754385964916,-0.08305882352941185
88,404,2024-11-10T17:08:16.000000,-0.27360000000000007,-0.3092941176470587
88,405,2024-11-10T22:03:12.000000,,
89,431,2024-08-14T12:24:38.000000,0.4382666666666666,-0.05692063492063493
89,432,2024-08-14T17:01:41.000000,0.7673333333333335,0.0654095238095238
89,433,2024-08-14T22:01:19.000000,-1.2129999999999999,0.8417333333333334
89,434,2024-08-15T12:22:11.000000,-2.4822,-1.5205333333333335
89,435,2024-08-15T17:58:58.000000,2.931831578947368,0.43653333333333344
89,436,2024-08-16T12:14:34.000000,0.2967017543859648,0.6653333333333333
89,437,2024-08-16T17:00:39.000000,-0.04033333333333339,-1.0101666666666667
89,438,2024-08-16T22:27:34.000000,-0.04199999999999987,0.7575000000000002
89,565,2024-08-17T12:19:35.000000,0.23139999999999972,-0.10670000000000002
89,566,2024-08-17T22:54:58.000000,-2.936,-0.4053
89,567,2024-08-18T12:31:35.000000,3.230830769230769,0.3614074074074073
89,568,2024-08-18T17:00:33.000000,-3.4052307692307693,0.48299259259259253
89,569,2024-08-18T22:28:09.000000,3.2682666666666664,-0.666635294117647
89,570,2024-08-19T12:26:26.000000,,
90,588,2024-10-16T12:00:46.000000,0.387047272727273,-0.09225142857142865
90,590,2024-10-16T17:01:33.000000,-0.05965333333333356,-0.09065079365079343
90,591,2024-10-16T22:08:29.000000,-0.5728095238095234,0.06129629629629607
90,592,2024-10-17T12:35:29.000000,-2.7894571428571435,1.5011259259259258
90,593,2024-10-17T17:02:41.000000,-0.20399999999999974,-0.5495999999999999
90,594,2024-10-17T22:02:40.000000,1.8455999999999997,-0.8316
90,595,2024-10-18T12:05:11.000000,-1.44,0.18400000000000005
90,596,2024-10-18T17:01:37.000000,3.63632,-0.38624000000000014
90,597,2024-10-18T22:01:05.000000,-4.24672,0.8082400000000001
90,598,2024-10-19T12:24:09.000000,0.7544,0.5629999999999997
90,599,2024-10-19T22:01:25.000000,-0.2896000000000001,-1.5604999999999998
90,601,2024-10-20T12:02:18.000000,2.9539999999999997,0.2923800000000001
90,602,2024-10-20T17:12:22.000000,-3.5468,0.93472
90,603,2024-10-20T22:00:44.000000,0.8424,-0.2876000000000001
90,604,2024-10-21T12:27:56.000000,-0.6624000000000003,-0.3076000000000001
90,605,2024-10-21T17:02:15.000000,2.579938461538462,-0.034955555555555406
90,606,2024-10-21T22:08:34.000000,-1.2031384615384615,0.06615555555555552
90,619,2024-10-22T12:00:44.000000,-1.8763999999999998,0.0613999999999999
90,620,2024-10-22T17:07:06.000000,3.1484,-0.2769999999999999
90,621,2024-10-22T22:02:35.000000,-2.0924000000000005,0.558
90,622,2024-10-23T12:00:50.000000,,
91,651,2024-10-26T17:04:35.000000,-1.237111111111111,-0.8786588235294118
91,652,2024-10-26T22:25:57.000000,-0.8608888888888888,-0.007176470588235229
91,653,2024-10-27T17:00:33.000000,0.5169999999999999,1.289235294117647
91,654,2024-10-27T22:03:20.000000,-0.10277777777777741,-1.375777777777778
91,655,2024-10-28T17:01:29.000000,0.35844444444444434,0.06294444444444458
91,656,2024-10-28T22:09:03.000000,0.05013333333333314,0.06223333333333314
91,657,2024-10-29T17:00:51.000000,0.06720000000000015,0.7072
91,658,2024-10-29T22:32:59.000000,-0.0945999999999998,-0.6495047619047618
91,660,2024-10-30T17:08:07.000000,-0.7636222222222222,-0.24662155388471185
91,661,2024-10-30T22:51:42.000000,0.7969590643274851,0.4602263157894737
91,662,2024-10-31T12:21:28.000000,-0.08851461988304088,0.07830000000000004
91,663,2024-10-31T17:01:24.000000,1.5657777777777777,0.9576
91,664,2024-10-31T22:04:08.000000,-1.9724,-1.2965
91,665,2024-11-01T17:00:40.000000,1.3868,0.34850000000000003
91,666,2024-11-01T22:00:59.000000,-1.6891999999999998,-0.24260000000000015
91,667,2024-11-02T12:23:00.000000,0.7499999999999996,0.4905999999999999
91,668,2024-11-02T17:01:00.000000,-0.5051130434782607,-0.6498608695652173
91,669,2024-11-03T17:16:58.000000,0.11471304347826083,-0.2997391304347826
91,671,2024-11-03T22:13:59.000000,0.39039999999999986,0.9496000000000001
91,672,2024-11-04T17:24:48.000000,-1.3001999999999998,-0.7882666666666668
91,673,2024-11-04T22:16:59.000000,-1.5598,-0.30093333333333316
91,674,2024-11-05T17:15:38.000000,-1.2431999999999999,-0.008000000000000118
91,675,2024-11-05T22:05:56.000000,2.664181818181818,0.45376000000000005
91,676,2024-11-06T17:30:06.000000,0.7513971291866028,-0.3673773913043479
91,677,2024-11-06T22:12:46.000000,-0.6827093821510298,0.29956521739130426
91,678,2024-11-07T12:07:41.000000,-2.461669565217391,0.6344521739130436
91,679,2024-11-07T17:01:07.000000,3.158072727272727,-0.7079666666666666
91,680,2024-11-07T22:02:51.000000,0.35392727272727265,0.7519666666666665
91,682,2024-11-08T12:06:16.000000,-0.768,-0.11119999999999997
91,683,2024-11-08T17:16:46.000000,-0.7007999999999999,0.28479999999999994
91,684,2024-11-08T22:03:18.000000,,
93,757,2024-11-02T12:36:06.000000,-3.344024242424242,0.7707157894736842
93,758,2024-11-02T17:00:52.000000,3.577333333333333,-0.5124
93,759,2024-11-02T22:01:02.000000,0.10517575757575748,-0.0696
93,760,2024-11-03T12:00:52.000000,-3.708109090909091,-0.11880000000000002
93,761,2024-11-03T22:00:52.000000,0.1903999999999999,0.6984
93,762,2024-11-04T12:03:11.000000,0.2751999999999999,-0.9956000000000002
93,763,2024-11-04T17:44:20.000000,4.224266666666667,0.5873894736842106
93,764,2024-11-04T22:01:30.000000,-4.448266666666666,0.5034105263157895
93,765,2024-11-05T12:07:46.000000,2.97185,-0.70145
93,766,2024-11-05T17:01:27.000000,-0.35024999999999995,0.19166176470588236
93,767,2024-11-05T22:49:31.000000,-0.298,-0.14607843137254906
93,768,2024-11-06T12:35:24.000000,-2.9804000000000004,0.7454666666666666
93,769,2024-11-06T17:01:01.000000,-0.11199999999999966,-0.4383999999999999
93,770,2024-11-07T12:01:16.000000,4.092988235294118,-0.05355789473684225
93,771,2024-11-07T17:01:17.000000,0.1140784313725488,-0.4989532163742689
93,772,2024-11-08T12:01:15.000000,-3.767866666666666,0.9641111111111111
93,773,2024-11-08T17:01:10.000000,-0.49200000000000044,-0.51
93,774,2024-11-08T22:05:36.000000,,
94,793,2024-11-06T12:01:53.000000,-2.1427636363636364,-1.120866666666667
94,794,2024-11-06T17:07:27.000000,0.8063636363636363,-0.12411904761904735
94,795,2024-11-07T12:01:38.000000,-2.4566086956521738,0.26761904761904753
94,796,2024-11-07T17:05:23.000000,1.8734658385093166,-0.11940476190476201
94,797,2024-11-08T12:02:24.000000,1.034742857142857,1.0679714285714288
94,798,2024-11-08T17:36:20.000000,-0.7773333333333332,-0.8976222222222223
94,799,2024-11-09T12:10:52.000000,1.0572333333333332,0.842079365079365
94,800,2024-11-09T17:03:26.000000,-1.2072142857142858,-1.0325142857142855
94,811,2024-11-10T12:02:45.000000,-2.3414857142857146,-0.6347428571428573
94,812,2024-11-10T17:03:43.000000,3.2336000000000005,0.1279999999999999
94,813,2024-11-11T12:01:43.000000,-3.6290666666666667,0.34106666666666674
94,814,2024-11-11T17:04:08.000000,2.956666666666667,-0.4662666666666665
94,815,2024-11-11T22:38:15.000000,0.39133333333333353,0.618
94,968,2024-11-12T12:11:30.000000,-1.495878787878788,0.13801666666666657
94,969,2024-11-12T17:08:09.000000,,
95,1195,2024-10-11T12:11:33.000000,2.4488,0.1360470588235292
95,1196,2024-10-11T17:03:06.000000,-0.40195000000000003,-0.025947058823529323
95,1197,2024-10-11T22:01:14.000000,-0.020544117647058657,-0.14595000000000002
95,1198,2024-10-12T12:10:04.000000,0.6522941176470589,-0.42974999999999997
95,1199,2024-10-12T17:03:03.000000,0.2056153846153852,0.2786666666666666
95,1200,2024-10-12T22:37:53.000000,-4.515415384615386,1.5057333333333331
95,1201,2024-10-13T17:30:18.000000,3.6415058823529414,-1.0943999999999998
95,1202,2024-10-13T22:54:44.000000,-3.071105882352941,-0.07800000000000007
95,1203,2024-10-14T12:46:06.000000,2.3501777777777777,-0.1597894736842106
95,1204,2024-10-14T17:27:49.000000,-2.8045777777777774,0.9881894736842104
95,1205,2024-10-14T22:01:08.000000,3.8094315789473683,-0.896573913043478
95,1206,2024-10-15T12:06:34.000000,-2.9950315789473683,0.36217391304347823
95,1207,2024-10-15T17:03:30.000000,-1.2623999999999997,0.5279999999999998
95,1208,2024-10-15T22:06:38.000000,0.9951999999999996,-0.9391999999999998
95,1209,2024-10-16T12:13:07.000000,2.7366,0.08919999999999995
95,1210,2024-10-16T17:04:32.000000,0.859,-0.42333333333333334
95,1211,2024-10-16T22:05:16.000000,,
96,1229,2024-11-05T12:04:50.000000,-0.035123809523809446,-0.14255555555555555
96,1230,2024-11-05T22:18:58.000000,-3.1523428571428576,0.9136222222222219
96,1231,2024-11-06T12:11:21.000000,0.5088000000000004,-0.4855999999999998
96,1232,2024-11-06T17:06:35.000000,0.6144000000000001,-0.7103999999999999
96,1233,2024-11-06T22:01:13.000000,2.2297777777777776,-0.11195555555555559
96,1234,2024-11-07T12:30:11.000000,1.170422222222222,-0.007819444444444379
96,1235,2024-11-07T17:17:07.000000,-1.8637294117647056,0.13749264705882347
96,1236,2024-11-07T22:21:43.000000,1.5464183006535945,0.1829349845201239
96,1237,2024-11-08T12:00:50.000000,-2.791888888888889,0.7625473684210526
96,1238,2024-11-08T22:01:02.000000,2.0964782608695653,-0.8870166666666668
96,1239,2024-11-09T12:47:48.000000,-1.9314782608695653,-0.24058333333333337
96,1240,2024-11-09T22:01:20.000000,0.2752,-0.4251999999999999
96,1241,2024-11-10T22:03:06.000000,-1.3776000000000002,1.5711999999999997
96,1242,2024-11-11T12:00:53.000000,,
98,1326,2024-11-05T12:00:50.000000,-0.6926620689655172,-0.9387857142857143
98,1333,2024-11-05T17:00:49.000000,-0.003449999999999953,0.6002999999999998
98,1334,2024-11-05T22:00:45.000000,0.5751590909090911,0.17260909090909093
98,1335,2024-11-06T12:20:51.000000,-0.7034545454545458,-0.14063636363636356
98,1349,2024-11-06T17:13:50.000000,-0.7354545454545452,-0.07947272727272725
98,1350,2024-11-06T22:04:46.000000,0.7404444444444443,0.2183764705882354
98,1351,2024-11-07T12:01:51.000000,1.5531555555555556,-0.04477647058823542
98,1352,2024-11-07T17:47:07.000000,-0.35519999999999996,0.10559999999999992
98,1353,2024-11-07T22:07:22.000000,-0.8878736842105264,-0.07181818181818156
98,1354,2024-11-08T12:01:07.000000,1.254273684210526,-0.19138181818181843
98,1355,2024-11-08T17:07:48.000000,-0.9047999999999998,0.026800000000000046
98,1356,2024-11-08T22:01:34.000000,0.23360000000000003,-0.30280000000000007
98,1357,2024-11-09T12:03:52.000000,-0.4502315789473683,0.34964444444444454
98,1358,2024-11-09T17:18:11.000000,-0.06656842105263183,-0.15124444444444451
98,1359,2024-11-09T22:01:08.000000,-0.006492307692307353,0.04702222222222219
98,1360,2024-11-10T22:01:16.000000,,
99,1376,2024-11-07T12:20:31.000000,1.8923157894736844,-1.375913043478261
99,1377,2024-11-07T17:35:57.000000,-0.8383333333333332,1.40544
99,1378,2024-11-08T12:16:00.000000,-1.078866666666667,-0.4578399999999999
99,1379,2024-11-08T22:07:18.000000,0.0714222222222225,0.10549090909090908
99,1380,2024-11-09T12:01:23.000000,0.35377777777777775,-0.774090909090909
99,1381,2024-11-09T22:01:51.000000,0.7865999999999997,0.8455454545454544
99,1382,2024-11-10T12:04:23.000000,-1.0989999999999998,0.05265454545454551
99,1383,2024-11-10T17:30:46.000000,1.0936,-1.4451999999999998
99,1384,2024-11-10T22:04:45.000000,-0.10159999999999991,1.5155555555555553
99,1385,2024-11-11T12:21:47.000000,0.044218181818181934,-0.205017094017094
99,1386,2024-11-11T17:27:16.000000,0.49454545454545507,0.18166153846153843
99,1387,2024-11-11T22:01:24.000000,-0.3598303030303036,0.02906315789473679
99,1388,2024-11-12T12:21:15.000000,-2.913333333333333,0.0699368421052633
99,1389,2024-11-12T17:02:23.000000,,
103,1492,2024-10-05T12:02:41.000000,1.3119855072463769,-0.2101739130434782
103,1493,2024-10-06T12:13:36.000000,-1.181299232736573,-0.000021739130434905718
103,1494,2024-10-06T17:11:55.000000,-0.27435294117647063,-0.3304999999999998
103,1495,2024-10-06T22:42:41.000000,-2.9792,0.7343999999999999
103,1496,2024-10-07T17:11:05.000000,4.1872,-1.2320000000000002
103,1497,2024-10-07T22:00:58.000000,-0.7276666666666666,1.0797052631578947
103,1499,2024-10-08T12:00:19.000000,-0.10273333333333334,-1.2881052631578944
103,1500,2024-10-08T17:00:32.000000,-1.8176,1.5406666666666664
103,1501,2024-10-08T22:02:34.000000,2.5408,-0.9306666666666665
103,1502,2024-10-09T12:31:10.000000,-4.2947999999999995,0.8519999999999999
103,1503,2024-10-09T17:01:26.000000,3.543111111111111,-0.2833684210526315
103,1504,2024-10-09T22:01:23.000000,1.8428888888888888,-0.7166315789473684
103,1505,2024-10-10T17:00:38.000000,-1.6841818181818184,0.7130434782608696
103,1506,2024-10-10T22:05:49.000000,0.4697818181818182,-0.06568347826086962
103,1507,2024-10-11T22:53:51.000000,0.6695111111111116,0.1120685714285714
103,1508,2024-10-12T12:01:21.000000,-0.5411111111111113,-0.19988018433179722
103,1510,2024-10-12T17:03:41.000000,-0.5777714285714287,0.12331647776809074
103,1511,2024-10-12T22:16:24.000000,-3.7714285714285714,1.335535135135135
103,1512,2024-10-13T12:31:15.000000,3.1248,-2.2775999999999996
103,1513,2024-10-13T22:00:56.000000,1.7074000000000003,0.8030823529411764
103,1514,2024-10-14T12:00:56.000000,-0.7343333333333335,-0.6762156862745098
103,1515,2024-10-14T22:30:06.000000,-0.9297435897435897,0.8748933333333334
103,1516,2024-10-15T12:00:51.000000,0.7486769230769231,-0.56176
103,1517,2024-10-15T17:01:02.000000,2.8856000000000006,1.5536
103,1518,2024-10-15T22:01:21.000000,-2.79962105263158,-1.1420363636363637
103,1519,2024-10-16T12:36:06.000000,-3.6115789473684208,-0.27936363636363626
103,1521,2024-10-16T22:01:21.000000,4.010947368421053,0.28081818181818174
103,1522,2024-10-17T15:54:43.000000,-3.7205473684210526,-0.30501818181818174
103,1523,2024-10-17T22:11:37.000000,5.6526,0.5801999999999998
103,1563,2024-10-18T17:01:11.000000,-2.764176470588235,-0.06389999999999985
103,1564,2024-10-18T22:04:29.000000,,
105,1773,2024-11-13T12:24:53.000000,-0.5200000000000005,0.9068774193548388
105,1774,2024-11-13T17:01:22.000000,-0.15839999999999999,-0.7784000000000001
105,1775,2024-11-13T22:25:31.000000,0.4424,-0.5992000000000001
105,1776,2024-11-14T12:01:19.000000,-2.7607999999999997,0.20879999999999999
105,1777,2024-11-15T12:08:21.000000,-0.5656000000000001,0.9112000000000001
105,1779,2024-11-15T17:35:27.000000,3.1894222222222224,-0.6070782608695653
105,1780,2024-11-15T22:59:57.000000,-0.9014722222222223,-0.27710997442455243
105,1781,2024-11-16T22:15:38.000000,2.87925,0.38058823529411767
105,1782,2024-11-17T12:02:22.000000,-1.9220000000000002,-0.556
105,1783,2024-11-17T17:01:20.000000,-2.7603999999999997,0.6072
105,1784,2024-11-18T12:02:58.000000,0.12640000000000007,-0.32519999999999993
105,1785,2024-11-18T22:01:10.000000,-1.2119999999999997,1.321
105,1786,2024-11-19T12:01:09.000000,4.323058823529411,-1.0810833333333332
105,1795,2024-11-19T17:00:58.000000,,
106,1822,2024-10-12T12:33:32.000000,1.5134153846153844,0.8334000000000001
106,1823,2024-10-13T12:31:10.000000,1.1889846153846155,-0.23652380952380958
106,1824,2024-10-14T12:51:27.000000,0.3201777777777781,-0.011770308123249307
106,1825,2024-10-14T22:02:10.000000,1.2958222222222218,-0.6147058823529411
106,1826,2024-10-16T12:37:03.000000,-2.4015999999999997,0.47918181818181815
106,1827,2024-10-16T17:29:19.000000,-0.6396000000000002,0.7833737373737373
106,1828,2024-10-18T12:12:43.000000,-0.48240000000000005,-1.4800555555555557
106,1830,2024-10-19T12:58:23.000000,1.409764705882353,0.8767500000000003
106,1831,2024-10-19T22:27:48.000000,,
107,1841,2024-08-04T12:01:14.000000,0.23542857142857154,0.11258571428571429
107,1842,2024-08-04T17:00:58.000000,0.37362406015037597,-0.2790634920634921
107,1843,2024-08-05T12:10:15.000000,0.20961403508771936,0.22722222222222221
107,1844,2024-08-05T17:14:59.000000,-3.892666666666667,0.9495555555555556
107,1845,2024-08-05T22:54:35.000000,3.9435238095238097,-0.9633333333333334
107,1846,2024-08-06T12:01:19.000000,-0.3550793650793651,-0.07446666666666668
107,1847,2024-08-06T17:03:07.000000,-0.5872444444444443,-0.4041999999999999
107,1848,2024-08-06T22:46:36.000000,-2.9304,-0.028799999999999937
107,1849,2024-08-07T12:22:56.000000,3.4992,0.5620499999999999
107,1850,2024-08-07T17:01:57.000000,-0.740888888888889,0.1935648148148148
107,1852,2024-08-07T22:12:23.000000,-0.6133333333333334,0.15188518518518523
107,1853,2024-08-08T17:00:41.000000,-1.7865777777777778,1.0933000000000002
107,1854,2024-08-08T22:19:29.000000,2.859847619047619,-1.2227000000000001
107,1855,2024-08-09T12:54:43.000000,-3.071047619047619,0.1186999999999998
107,1856,2024-08-09T17:25:15.000000,4.0136,-0.711
107,1857,2024-08-10T17:10:27.000000,-0.8448000000000002,1.1150000000000002
107,1858,2024-08-10T22:15:13.000000,,
108,1878,2024-10-14T12:31:38.000000,-1.405942857142857,-0.6021230769230769
108,1879,2024-10-14T17:02:04.000000,-1.1068571428571428,0.43645248868778286
108,1880,2024-10-14T22:02:17.000000,1.3411764705882354,-0.5515294117647056
108,1881,2024-10-15T12:03:00.000000,0.3804235294117646,-0.49080000000000024
108,1882,2024-10-15T17:23:33.000000,0.7879999999999998,0.7335999999999999
108,1883,2024-10-16T12:04:30.000000,-1.2316000000000003,0.13443809523809525
108,1885,2024-10-16T17:01:28.000000,1.2075999999999998,0.26156190476190466
108,1886,2024-10-17T12:02:24.000000,0.0134000000000003,-0.10479999999999978
108,1887,2024-10-17T17:06:09.000000,0.0026000000000001577,-0.06000000000000005
108,1888,2024-10-18T12:11:39.000000,-0.022400000000000198,0.3136000000000001
108,1889,2024-10-18T17:09:05.000000,-1.4130947368421052,-0.8747
108,1890,2024-10-19T12:01:49.000000,1.329894736842105,0.5458999999999998
108,1891,2024-10-20T12:06:50.000000,-1.707058823529412,-0.15070476190476179
108,1892,2024-10-20T17:01:29.000000,1.943858823529412,0.06270476190476182
108,1893,2024-10-21T12:06:28.000000,-1.1807999999999996,0.38610909090909107
108,1894,2024-10-21T17:04:28.000000,0.44305882352941106,-0.4362134387351779
108,1896,2024-10-22T12:07:48.000000,0.5905411764705883,0.318104347826087
108,1897,2024-10-22T17:01:28.000000,-0.923236363636363,-0.26146666666666674
108,1898,2024-10-23T12:36:32.000000,-1.3962583732057419,0.22444444444444445
108,1899,2024-10-23T17:58:33.000000,2.5386947368421056,0.5714222222222223
108,1900,2024-10-23T22:47:05.000000,-0.13280000000000092,0.09999999999999987
108,1901,2024-10-24T12:05:17.000000,-2.130588235294117,-0.7334222222222222
108,1902,2024-10-24T17:09:38.000000,0.27298823529411753,-0.21352777777777776
108,1903,2024-10-25T12:02:35.000000,-0.39386666666666703,0.034194444444444416
108,1904,2024-10-25T17:27:57.000000,0.8452266666666668,0.19707555555555567
108,1905,2024-10-26T17:23:30.000000,1.3806399999999996,0.28688
108,1911,2024-10-26T22:08:17.000000,-3.597542857142857,-0.19925714285714302
108,1912,2024-10-27T12:01:42.000000,,
109,1913,2024-10-17T12:39:25.000000,0.6728470588235295,-0.21249411764705883
109,1914,2024-10-17T17:09:39.000000,-0.6063427109974424,0.0022107843137255667
109,1915,2024-10-17T22:38:00.000000,0.03429565217391284,0.5574833333333333
109,1916,2024-10-18T17:56:36.000000,0.5980521739130435,-0.37734736842105265
109,1917,2024-10-18T22:33:27.000000,0.461913043478261,-0.6542907268170426
109,1918,2024-10-19T12:41:18.000000,1.6704347826086956,1.3722380952380953
109,1919,2024-10-19T17:12:48.000000,,
113,2046,2024-10-29T12:09:25.000000,0.1925333333333334,-0.41679999999999995
113,2047,2024-10-29T17:04:38.000000,-1.5757333333333334,0.8847999999999999
113,2048,2024-10-29T22:05:58.000000,1.1328000000000003,-0.5519999999999998
113,2049,2024-10-30T12:16:05.000000,-0.5327999999999999,0.7928
113,2050,2024-10-30T17:02:29.000000,1.0615999999999999,-1.7200000000000002
113,2051,2024-10-31T12:05:12.000000,-0.5064000000000001,0.04000000000000026
113,2052,2024-10-31T17:18:52.000000,-0.536,-0.08560000000000023
113,2054,2024-10-31T22:03:06.000000,1.0479058823529412,0.7579368421052632
113,2055,2024-11-01T12:17:19.000000,0.48209411764705895,0.026000000000000023
113,2056,2024-11-01T17:04:05.000000,0.2307999999999999,-0.6679368421052633
113,2057,2024-11-01T22:02:59.000000,,
114,2078,2024-09-23T17:19:51.000000,0.1429999999999998,-0.2784
114,2079,2024-09-24T12:03:10.000000,-0.4487999999999994,0.35840000000000005
114,2080,2024-09-24T17:47:02.000000,1.1335999999999995,-0.9823999999999999
114,2081,2024-09-24T22:20:48.000000,2.1538666666666666,0.5898000000000001
114,2082,2024-09-25T12:17:11.000000,0.012533333333333285,-0.3370000000000002
114,2083,2024-09-25T17:35:48.000000,1.8831999999999998,-0.5264
114,2300,2024-09-25T22:26:28.000000,-4.2264,0.16399999999999992
114,2301,2024-09-26T17:36:43.000000,-0.007199999999999873,0.5120000000000001
114,2302,2024-09-26T22:13:43.000000,2.751390476190476,0.4282999999999999
114,2303,2024-09-27T17:30:49.000000,-0.9897904761904763,-0.6890999999999999
114,2304,2024-09-27T22:16:09.000000,-2.5888000000000004,0.5159999999999998
114,2305,2024-09-28T17:12:14.000000,0.12959999999999994,-0.5175999999999998
114,2306,2024-09-28T22:37:00.000000,3.335466666666667,0.6563999999999999
114,2307,2024-09-29T12:08:33.000000,,
116,2363,2024-08-08T17:05:37.000000,0.2675889724310776,-0.3837142857142857
116,2364,2024-08-08T22:01:02.000000,-0.4835665634674925,0.1684347826086956
116,2368,2024-08-09T12:03:58.000000,2.408882352941177,-0.08343478260869563
116,2369,2024-08-09T17:09:42.000000,-0.7414000000000001,-0.9358
116,2370,2024-08-10T17:35:56.000000,-1.4730545454545456,0.9537565217391304
116,2371,2024-08-10T22:05:48.000000,0.906454545454545,-0.1404765217391304
116,2372,2024-08-11T12:01:50.000000,-0.5961111111111104,-0.05459764705882353
116,2373,2024-08-11T17:02:22.000000,-1.082888888888889,0.9201176470588236
116,2374,2024-08-11T22:00:48.000000,-0.8350000000000001,-0.050000000000000266
116,2375,2024-08-12T12:07:02.000000,3.2214,-0.6503999999999999
116,2378,2024-08-12T17:13:48.000000,0.2495999999999996,0.25739999999999996
116,2379,2024-08-12T22:04:03.000000,-0.9908000000000001,0.08360869565217388
116,2380,2024-08-13T12:03:02.000000,-0.7639272727272725,-0.4167826086956521
116,2381,2024-08-13T17:03:54.000000,-0.03793939393939383,0.07567391304347826
116,2382,2024-08-13T22:02:47.000000,1.1326666666666667,-0.31709999999999994
116,2383,2024-08-14T12:07:23.000000,-1.0382,0.08645714285714279
116,2384,2024-08-14T17:01:10.000000,-0.3941809523809524,0.009342857142857097
116,2385,2024-08-14T22:01:09.000000,-0.12161904761904763,0.029000000000000026
116,2386,2024-08-15T12:13:37.000000,,
119,2472,2024-10-16T12:34:18.000000,-0.34833684210526306,0.4185972222222223
119,2473,2024-10-16T22:01:04.000000,-2.3584000000000005,-0.07257499999999995
119,2474,2024-10-17T17:26:52.000000,2.1455,-0.3106095238095238
119,2475,2024-10-18T12:12:18.000000,0.07149999999999995,1.3666095238095237
119,2476,2024-10-18T17:01:19.000000,1.4594444444444445,-1.3559999999999999
119,2477,2024-10-18T22:57:15.000000,,
120,2485,2024-11-02T17:01:21.000000,2.212941176470588,0.4722666666666667
120,2486,2024-11-02T22:01:24.000000,1.0054588235294113,1.277333333333333
120,2487,2024-11-03T12:17:07.000000,-1.3903999999999999,-0.24319999999999964
120,2488,2024-11-03T17:16:20.000000,-2.6311999999999998,-1.4632
120,2489,2024-11-03T22:01:24.000000,1.1079999999999999,0.0888000000000001
120,2502,2024-11-04T12:52:02.000000,1.4432,0.15384444444444434
120,2503,2024-11-04T17:08:15.000000,-0.2799999999999998,0.16655555555555557
120,2504,2024-11-04T22:12:01.000000,-0.9376470588235296,0.054086956521739116
120,2505,2024-11-05T12:17:38.000000,2.3316470588235294,0.7979130434782609
120,2506,2024-11-05T17:33:09.000000,0.41400000000000015,-0.03266666666666662
120,2507,2024-11-06T17:27:56.000000,-2.0938823529411765,-0.7070000000000001
120,2508,2024-11-06T22:05:35.000000,-2.1357176470588235,-0.024733333333333274
120,2509,2024-11-07T12:27:31.000000,,
121,2528,2024-11-09T12:01:52.000000,-2.1749714285714283,-0.6623833333333332
121,2529,2024-11-09T17:02:01.000000,1.7687529411764704,0.027858823529411714
121,2530,2024-11-09T22:05:58.000000,-1.2143529411764704,0.3105411764705882
121,2531,2024-11-10T12:01:47.000000,0.18319999999999997,-0.7504
121,2532,2024-11-10T17:05:46.000000,1.7945777777777778,0.9573217391304347
121,2533,2024-11-10T22:03:50.000000,-0.3729777777777781,-0.6931884057971015
121,2534,2024-11-11T12:02:12.000000,0.3273904761904769,0.471623188405797
121,2535,2024-11-11T17:01:37.000000,-0.20176623376623404,0.008355978260869645
121,2536,2024-11-11T22:07:15.000000,-0.624787878787879,-0.2413924999999998
121,2538,2024-11-12T12:15:54.000000,0.5123636363636367,0.14535272727272708
121,2539,2024-11-12T17:21:38.000000,-0.538666666666667,-0.5215584415584416
121,2540,2024-11-12T22:36:23.000000,2.3126666666666664,0.7630857142857144
121,2541,2024-11-13T12:01:44.000000,-0.7023999999999999,-0.5976000000000001
121,2542,2024-11-13T22:02:02.000000,-1.2202666666666666,0.8181684210526317
121,2543,2024-11-14T12:10:21.000000,0.23216666666666663,-0.014582706766917308
121,2544,2024-11-14T17:53:50.000000,0.9881,-0.8035857142857143
121,2545,2024-11-14T22:05:44.000000,-1.1380444444444442,0.8642545454545456
121,2546,2024-11-15T12:01:41.000000,1.1380444444444442,-0.8642545454545454
121,2547,2024-11-15T17:03:12.000000,,
122,2587,2024-08-29T12:02:11.000000,-2.79,0.17187826086956526
122,2589,2024-08-29T17:05:37.000000,3.0236,-0.395288888888889
122,2590,2024-08-29T22:11:33.000000,0.6674333333333335,-0.14126495726495725
122,2591,2024-08-30T12:05:43.000000,0.38616666666666655,-0.27284615384615385
122,2592,2024-08-31T22:03:28.000000,0.8611999999999993,0.6598
122,2593,2024-09-02T17:03:56.000000,-2.2599999999999993,-0.1904
122,2594,2024-09-02T22:30:57.000000,0.11516363636363591,-0.16311999999999993
122,2595,2024-09-03T12:00:54.000000,-0.5567636363636359,-0.6144800000000001
122,2596,2024-09-03T17:20:20.000000,0.6366608695652172,0.6411285714285715
122,2597,2024-09-03T22:52:17.000000,-0.5815942028985506,-0.13505900621118005
122,2598,2024-09-04T12:07:42.000000,0.3008571428571426,0.3715471014492753
122,2600,2024-09-04T17:45:50.000000,,
124,2627,2024-10-31T12:01:26.000000,0.8941711229946521,0.3125500000000001
124,2628,2024-10-31T17:17:26.000000,0.24239234449760816,-0.03566315789473684
124,2629,2024-10-31T22:00:53.000000,-4.979410526315789,0.14046315789473685
124,2630,2024-11-01T12:50:52.000000,3.8695999999999997,0.5168000000000001
124,2631,2024-11-01T17:05:20.000000,0.2610285714285713,-1.0564444444444447
124,2633,2024-11-01T22:47:38.000000,0.5917714285714286,0.6316444444444446
124,2634,2024-11-02T12:00:59.000000,-0.10108235294117662,-0.19520000000000004
124,2635,2024-11-02T22:01:22.000000,-3.910917647058823,-0.9232
124,2636,2024-11-03T12:01:28.000000,-0.6384000000000007,0.8743999999999998
124,2637,2024-11-03T17:01:12.000000,0.1264000000000003,-0.7384
124,2638,2024-11-03T22:21:05.000000,-0.028799999999999937,0.4344000000000001
124,2639,2024-11-04T12:12:01.000000,0.15839999999999987,-0.15439999999999998
124,2640,2024-11-04T17:05:06.000000,3.488866666666667,0.011759999999999882
124,2641,2024-11-04T22:01:04.000000,1.4233333333333333,0.92144
124,2642,2024-11-05T12:27:43.000000,-0.6216666666666668,-0.6423809523809524
124,2644,2024-11-05T17:05:00.000000,-1.5073333333333334,-0.27861904761904766
124,2645,2024-11-05T22:01:13.000000,0.6611111111111112,0.1644000000000001
124,2646,2024-11-06T12:12:13.000000,-0.7883838383838384,0.32869523809523793
124,2647,2024-11-06T17:01:24.000000,-2.727927272727273,0.16750476190476205
124,2648,2024-11-06T22:07:39.000000,4.4572,-0.20721538461538458
124,2649,2024-11-07T12:30:34.000000,-1.7662666666666667,0.01611538461538453
124,2650,2024-11-07T22:26:29.000000,-1.3490666666666669,0.11949999999999994
124,2651,2024-11-08T12:27:27.000000,3.36321568627451,-0.33208695652173903
124,2652,2024-11-08T17:38:55.000000,0.8373176470588235,0.13808695652173908
124,2653,2024-11-08T22:41:39.000000,-4.4384,-0.9567999999999999
124,2656,2024-11-09T12:20:12.000000,2.892417391304348,0.6796333333333333
124,2657,2024-11-09T17:20:55.000000,-0.49658581235697974,0.07556666666666656
124,2658,2024-11-09T22:20:08.000000,0.32475303643724707,-0.0356142857142856
124,2659,2024-11-10T12:03:48.000000,-2.9353846153846153,-0.2737857142857143
124,2660,2024-11-10T17:03:03.000000,0.526,-0.5550000000000002
124,2661,2024-11-10T22:08:15.000000,1.7785,0.8906000000000001
124,2662,2024-11-11T12:14:50.000000,1.0879347826086956,0.10769629629629629
124,2663,2024-11-11T17:36:48.000000,0.16862404092071603,0.0016203703703704386
124,2664,2024-11-11T22:03:14.000000,1.2509411764705882,0.3210833333333334
124,2665,2024-11-12T12:49:35.000000,-0.85778947368421,-0.26082608695652176
124,2667,2024-11-12T17:10:23.000000,1.30538947368421,0.24342608695652168
124,2668,2024-11-12T22:46:04.000000,-1.8224888888888888,-0.24256
124,2669,2024-11-13T12:26:01.000000,0.35759477124183037,-0.13022181818181822
124,2670,2024-11-13T17:47:46.000000,-3.9207058823529417,-0.3188181818181818
124,2671,2024-11-13T22:32:59.000000,,
125,2672,2024-11-14T12:04:16.000000,-1.2073703703703704,-0.2854814814814812
125,2673,2024-11-14T17:43:47.000000,-1.2636296296296297,-0.5811851851851855
125,2674,2024-11-15T12:13:06.000000,-1.9212000000000002,-0.33933333333333326
125,2675,2024-11-15T17:02:33.000000,0.1599999999999997,0.012799999999999923
125,2676,2024-11-16T12:06:32.000000,5.5288,1.9724
125,2871,2024-11-16T17:01:52.000000,-1.3715199999999994,-0.6422666666666665
125,2872,2024-11-17T12:26:33.000000,-1.5675345454545457,-0.3721151515151515
125,2873,2024-11-18T12:30:35.000000,-1.4959367588932806,0.8887272727272726
125,2874,2024-11-18T22:55:38.000000,3.3000579710144926,-0.38714545454545424
125,2875,2024-11-19T12:24:17.000000,-3.3786666666666667,-0.42000000000000015
125,2876,2024-11-19T17:59:11.000000,0.10239999999999982,-0.5603999999999999
125,2877,2024-11-20T12:03:27.000000,2.9296,-0.21240000000000014
125,2878,2024-11-20T17:13:23.000000,-0.9044705882352941,1.3479
125,2879,2024-11-21T12:10:18.000000,-1.4292436974789915,-0.59598
125,2880,2024-11-21T17:18:45.000000,3.8187142857142855,0.5214799999999999
125,2882,2024-11-22T12:07:37.000000,-2.715260869565217,-0.515
125,2883,2024-11-22T17:22:06.000000,-0.6126280193236717,0.17314285714285715
125,2884,2024-11-23T12:03:07.000000,0.3854343434343434,-0.24032467532467527
125,2885,2024-11-24T12:50:45.000000,1.0274545454545456,-0.8938181818181818
125,2886,2024-11-24T17:03:43.000000,-1.654923076923077,1.0462307692307693
125,2887,2024-11-25T12:10:58.000000,1.2978119658119656,-0.26219851116625315
125,2888,2024-11-26T12:01:47.000000,-3.631288888888889,-0.623832258064516
125,2889,2024-11-26T22:19:12.000000,3.0969762711864406,0.7875301587301586
125,2890,2024-11-27T12:33:46.000000,,
126,2892,2024-09-22T22:28:07.000000,-0.3764082758620696,0.4815860215053763
126,2893,2024-09-23T17:35:34.000000,0.6302457142857147,-0.039890804597701224
126,2894,2024-09-24T12:13:04.000000,-0.6465714285714289,-0.1546604774535809
126,2895,2024-09-24T22:00:55.000000,-0.2713068783068783,0.13238461538461543
126,2896,2024-09-25T17:01:28.000000,0.8093925925925927,-0.7616
126,2897,2024-09-25T22:38:01.000000,-0.9315826086956522,0.9951833333333334
126,2898,2024-09-26T12:22:53.000000,0.4336061381074169,-0.2846421568627451
126,2899,2024-09-26T17:00:53.000000,0.8763764705882356,-0.016235294117647125
126,2901,2024-09-26T22:42:56.000000,0.3747999999999998,-0.687105882352941
126,2902,2024-09-27T12:00:51.000000,1.0524,0.2687999999999998
126,2903,2024-09-27T17:00:43.000000,-1.8668000000000002,0.3402666666666667
126,2904,2024-09-28T17:16:49.000000,-0.41159999999999974,0.37669696969696964
126,2905,2024-10-01T12:15:15.000000,-0.07760000000000011,-0.8865636363636362
126,2906,2024-10-01T17:26:05.000000,1.9152000000000002,-0.2816000000000001
126,2907,2024-10-02T12:42:32.000000,-1.630215384615385,0.6392137931034483
126,2908,2024-10-02T22:27:32.000000,-3.064184615384615,-0.11441379310344835
126,2909,2024-10-03T12:18:13.000000,3.3202,0.2832941176470588
126,2910,2024-10-04T17:44:00.000000,,
127,2912,2024-09-15T12:00:40.000000,2.4502588235294116,-0.389729411764706
127,2913,2024-09-15T17:01:04.000000,-0.5018666666666665,1.1641473684210528
127,2914,2024-09-16T17:09:44.000000,0.38506666666666645,-1.012147368421053
127,2915,2024-09-16T22:02:39.000000,0.26560000000000006,0.036800000000000055
127,2916,2024-09-17T12:00:25.000000,-3.0536,1.8008
127,2917,2024-09-17T22:03:15.000000,0.2993777777777778,-1.3851272727272728
127,2918,2024-09-18T12:39:31.000000,2.411822222222222,-0.7996727272727273
127,2919,2024-09-18T17:16:20.000000,-3.0511999999999997,1.2088
127,2920,2024-09-18T22:00:32.000000,0.9259333333333332,-0.29328235294117644
127,2921,2024-09-19T12:01:15.000000,0.0,0.0
127,2923,2024-09-19T17:00:42.000000,0.05806666666666671,0.18008235294117647
127,2924,2024-09-20T12:51:46.000000,-0.020899999999999697,-0.5953666666666666
127,2925,2024-09-20T17:49:03.000000,,
128,2954,2024-11-07T12:05:07.000000,0.061528013582343055,0.025694623655913906
128,2955,2024-11-07T17:07:26.000000,-2.2149473684210523,0.6251809523809524
128,2956,2024-11-08T12:01:26.000000,4.4008,0.6142857142857143
128,2957,2024-11-08T17:01:58.000000,-2.42249696969697,-1.1607586206896552
128,2958,2024-11-08T22:24:26.000000,2.7163636363636368,0.38209195402298834
128,2960,2024-11-09T12:01:47.000000,-1.9603809523809526,-0.41180392156862733
128,2961,2024-11-09T17:04:01.000000,-0.43172571428571427,0.10751058823529402
128,2962,2024-11-09T22:01:54.000000,-1.32176,-0.8082400000000001
128,2963,2024-11-10T12:17:09.000000,1.2430399999999997,0.7042000000000002
128,2964,2024-11-10T22:01:57.000000,0.0930350000000002,-0.12235483870967745
128,2965,2024-11-11T12:47:25.000000,-0.019732142857143087,0.3808548387096775
128,2966,2024-11-11T22:01:55.000000,0.0016904761904763532,-0.48596153846153844
128,2967,2024-11-12T12:24:21.000000,-0.10509420289855087,0.33689632107023404
128,2968,2024-11-12T17:23:51.000000,0.47971541501976334,0.024110671936758976
128,2969,2024-11-12T22:21:45.000000,-0.3180545454545456,-0.5218787878787879
128,2971,2024-11-13T12:18:40.000000,,
131,3044,2024-10-01T22:05:57.000000,-3.0536000000000003,-0.22640000000000005
131,3045,2024-10-02T12:00:49.000000,2.382830769230769,0.13573333333333337
131,3046,2024-10-02T22:29:27.000000,-3.051630769230769,0.2778666666666666
131,3048,2024-10-03T12:46:50.000000,0.6223999999999998,0.7728000000000002
131,3049,2024-10-03T17:06:05.000000,2.772,-0.9775789473684211
131,3050,2024-10-04T17:00:57.000000,0.011333333333333417,0.07091228070175426
131,3051,2024-10-04T22:24:26.000000,-0.7217777777777777,0.038303030303030394
131,3052,2024-10-05T17:27:13.000000,-0.04762962962962958,-0.2721030303030303
131,3053,2024-10-06T20:03:24.000000,-0.02487329434697849,-0.055533333333333434
131,3054,2024-10-07T22:12:07.000000,1.0461473684210527,-0.5448
131,3055,2024-10-08T12:28:33.000000,1.4497999999999998,1.5234666666666665
131,3056,2024-10-08T17:23:00.000000,-3.2602,0.17413333333333347
131,3057,2024-10-08T22:34:31.000000,1.4814500000000002,-0.8002117647058824
131,3059,2024-10-10T12:37:16.000000,-3.27585,-0.08298823529411758
131,3060,2024-10-10T17:01:54.000000,2.507695238095238,-0.12585000000000002
131,3061,2024-10-10T22:25:56.000000,0.04162569213732026,-0.11809042553191484
131,3062,2024-10-12T22:13:15.000000,-0.030920930232558153,0.16554042553191484
131,3063,2024-10-13T22:42:09.000000,1.3079999999999998,0.30180000000000007
131,3064,2024-10-14T17:15:13.000000,0.07220000000000004,-0.721
131,3065,2024-10-14T22:25:44.000000,,
133,3098,2024-09-12T12:11:19.000000,1.4502499999999996,1.1236666666666668
133,3099,2024-09-13T17:14:04.000000,0.12600000000000033,-0.43100000000000005
133,3100,2024-09-14T12:04:48.000000,0.05820000000000025,0.14339999999999997
133,3101,2024-09-14T22:19:34.000000,-2.7737714285714286,-0.5865777777777778
133,3103,2024-09-15T12:06:10.000000,2.471571428571428,0.9041777777777776
133,3104,2024-09-15T17:07:57.000000,-1.1585999999999999,-0.8729999999999999
133,3105,2024-09-16T12:20:41.000000,-0.01540000000000008,1.4129999999999998
133,3106,2024-09-16T17:05:09.000000,1.1520000000000001,-0.3506666666666667
133,3107,2024-09-17T12:11:47.000000,0.24400000000000022,-0.5663333333333331
133,3108,2024-09-17T17:00:41.000000,-4.440892098500626e-16,-2.220446049250313e-16
133,3109,2024-09-18T12:12:00.000000,,
134,3122,2024-10-16T12:34:06.000000,-2.6829666666666667,0.7314666666666667
134,3123,2024-10-16T17:01:00.000000,3.2618000000000005,-0.23039999999999994
134,3125,2024-10-16T22:15:22.000000,-2.5202,-0.08400000000000007
134,3126,2024-10-17T12:00:57.000000,3.1032,0.3383999999999998
134,3127,2024-10-17T17:02:27.000000,-1.8559999999999999,-1.9623999999999997
134,3128,2024-10-17T22:03:03.000000,1.3862857142857141,1.2812727272727271
134,3129,2024-10-18T12:30:02.000000,-0.29828571428571415,-0.2160227272727273
134,3130,2024-10-18T22:01:16.000000,-1.5816000000000001,-0.2204499999999998
134,3131,2024-10-19T17:09:24.000000,-1.2696000000000003,0.6143999999999998
134,3132,2024-10-19T22:01:36.000000,3.6878,-0.4830095238095238
134,3133,2024-10-20T17:48:14.000000,-0.5333619047619045,0.13751322751322748
134,3134,2024-10-21T12:44:43.000000,-0.25023809523809537,0.012518518518518484
134,3137,2024-10-22T17:41:12.000000,-0.15047368421052632,0.31062393162393165
134,3138,2024-10-22T22:01:04.000000,,
137,3433,2024-11-06T12:56:50.000000,2.7852,0.10599999999999987
137,3434,2024-11-06T17:01:38.000000,2.054694736842105,-1.1452631578947368
137,3437,2024-11-07T12:57:55.000000,-1.5420614035087716,0.057263157894736905
137,3438,2024-11-07T17:01:44.000000,0.5672254901960785,-0.12025000000000008
137,3439,2024-11-08T12:01:39.000000,-2.4803921568627456,-0.7404166666666666
137,3440,2024-11-08T22:02:08.000000,1.5933333333333335,0.14066666666666672
137,3441,2024-11-09T12:50:42.000000,0.5449090909090909,0.5448181818181818
137,3442,2024-11-09T17:09:29.000000,1.8057575757575755,1.079181818181818
137,3443,2024-11-09T22:11:45.000000,-0.7824313725490195,-0.732
137,3444,2024-11-10T12:33:18.000000,-0.04991950464396222,0.15659999999999996
137,3445,2024-11-10T17:02:22.000000,1.2136842105263153,0.7293999999999999
137,3446,2024-11-11T12:02:09.000000,-2.797913043478261,-1.20425
137,3448,2024-11-11T17:09:17.000000,0.8749130434782607,-0.05974999999999997
137,3449,2024-11-11T22:02:10.000000,,
138,3466,2024-11-08T12:36:57.000000,-0.7590260869565217,-0.09899999999999998
138,3467,2024-11-08T17:37:14.000000,-1.3905739130434784,0.12139999999999995
138,3468,2024-11-08T22:02:17.000000,1.4344000000000001,-0.2595666666666667
138,3469,2024-11-09T17:04:04.000000,1.1529411764705881,0.15516666666666667
138,3470,2024-11-09T22:12:08.000000,-2.9513411764705886,-0.37239999999999995
138,3472,2024-11-10T12:37:37.000000,1.3584000000000003,0.1664
138,3473,2024-11-10T17:07:53.000000,1.529,-0.29505263157894734
138,3474,2024-11-11T22:27:26.000000,-1.14925,0.4563859649122807
138,3475,2024-11-12T22:05:26.000000,1.88225,-0.20217543859649123
138,3476,2024-11-13T17:02:09.000000,-0.6051578947368419,-0.3561578947368421
138,3477,2024-11-13T22:02:50.000000,-4.277642105263158,0.3546
138,3478,2024-11-14T12:10:44.000000,3.536,0.032610526315789534
138,3479,2024-11-14T17:01:55.000000,0.6567999999999999,-0.1765438596491229
138,3480,2024-11-15T17:26:15.000000,-0.32079999999999986,0.20313333333333328
138,3482,2024-11-15T22:03:37.000000,0.49515294117647046,0.02364444444444458
138,3483,2024-11-16T12:42:07.000000,-0.464879256965944,0.3207320261437907
138,3484,2024-11-16T22:02:31.000000,-0.16547368421052655,-0.18757647058823523
138,3485,2024-11-18T12:13:32.000000,1.4664,-0.3228
138,3486,2024-11-21T17:11:39.000000,,
139,3487,2024-11-12T12:09:12.000000,-0.48960000000000026,-0.40080000000000005
139,3488,2024-11-12T17:07:51.000000,-1.3839999999999997,-0.048507317073170686
139,3489,2024-11-12T22:08:36.000000,-0.055454545454545645,0.07457688229056214
139,3490,2024-11-13T12:02:59.000000,-0.8901864801864801,-0.017269565217391314
139,3491,2024-11-13T17:10:16.000000,0.8599743589743587,-0.4225473684210528
139,3493,2024-11-13T22:06:07.000000,1.6952666666666667,0.4041473684210528
139,3494,2024-11-14T12:05:54.000000,-1.0386909090909093,-0.4215030303030305
139,3495,2024-11-14T17:06:22.000000,1.517890909090909,-0.7908969696969697
139,3496,2024-11-14T22:03:43.000000,-1.9685692307692304,0.8515529411764706
139,3497,2024-11-15T12:03:26.000000,1.4893692307692308,0.3608470588235295
139,3498,2024-11-15T17:05:45.000000,-1.771915789473684,-0.4626285714285714
139,3499,2024-11-15T22:11:13.000000,0.28254655870445333,0.10178151260504187
139,3500,2024-11-16T12:21:53.000000,1.7845692307692311,0.3568470588235295
139,3501,2024-11-16T17:02:51.000000,-2.7695058823529415,-0.3185684210526316
139,3502,2024-11-16T22:06:10.000000,2.543105882352941,0.27376842105263144
139,3504,2024-11-17T12:04:33.000000,-0.8360000000000001,-0.5103999999999999
139,3505,2024-11-17T17:06:13.000000,-1.4871999999999996,0.08359999999999979
139,3506,2024-11-18T12:05:54.000000,2.352,0.5260000000000002
139,3507,2024-11-18T22:05:18.000000,-2.3317925925925924,-0.32488000000000006
139,3508,2024-11-19T12:12:44.000000,,
140,3530,2024-08-08T17:01:04.000000,1.4106666666666663,0.2990303030303031
140,3531,2024-08-09T17:07:58.000000,-1.401619047619047,-0.14431884057971012
140,3532,2024-08-10T17:06:05.000000,-0.352571428571429,0.014452173913043431
140,3533,2024-08-10T22:00:46.000000,0.4222571428571429,-0.1315857142857143
140,3534,2024-08-11T12:00:45.000000,-1.5296352941176468,0.22057142857142853
140,3535,2024-08-11T17:02:59.000000,0.8202352941176467,-0.6197857142857142
140,3542,2024-08-11T22:02:55.000000,0.17545454545454575,0.3114482758620689
140,3543,2024-08-12T12:02:19.000000,0.5975454545454548,-0.0903573667711598
140,3544,2024-08-12T17:01:36.000000,0.7576666666666658,-0.6284242424242424
140,3545,2024-08-12T22:01:05.000000,0.42733333333333334,0.6893333333333332
140,3546,2024-08-13T12:13:01.000000,-1.9296190476190473,0.12222222222222234
140,3547,2024-08-13T17:05:24.000000,-0.33238095238095244,-0.7022222222222225
140,3548,2024-08-13T22:02:48.000000,0.9982857142857144,0.7462857142857144
140,3549,2024-08-14T12:01:16.000000,-0.2324190476190473,0.11755428571428583
140,3550,2024-08-14T17:01:31.000000,0.16660392156862724,0.06108307692307691
140,3551,2024-08-14T22:03:31.000000,1.1915294117647055,-0.7862564102564104
140,3553,2024-08-15T12:04:18.000000,,
141,3572,2024-08-24T17:29:36.000000,-1.2529333333333335,0.5799999999999998
141,3573,2024-08-24T22:01:03.000000,1.1993333333333331,1.5216
141,3575,2024-08-25T22:04:51.000000,-0.3064347826086956,-0.858017391304348
141,3576,2024-08-26T22:37:35.000000,2.7817681159420293,0.6765507246376813
141,3577,2024-08-30T12:49:30.000000,-3.196476190476191,-0.6163809523809525
141,3578,2024-08-30T22:14:36.000000,-2.347657142857143,0.4674476190476191
141,3579,2024-08-31T22:22:53.000000,3.8316000000000003,-0.4551272727272728
141,3580,2024-09-01T12:41:00.000000,1.2531999999999996,-0.06927272727272726
141,3581,2024-09-02T12:55:43.000000,-1.4175238095238094,-0.0035199999999999676
141,3582,2024-09-02T22:11:27.000000,1.2618874458874463,0.29008
141,3583,2024-09-03T12:32:15.000000,-5.149163636363637,0.01644000000000001
141,3584,2024-09-03T22:05:17.000000,,
142,3586,2024-11-12T12:01:44.000000,0.5628509984639017,-0.0925242424242424
142,3587,2024-11-12T17:01:54.000000,-1.9428129032258066,0.7332242424242424
142,3588,2024-11-12T22:22:22.000000,-1.464,-0.15959999999999996
142,3589,2024-11-13T12:02:20.000000,3.896533333333333,-0.7126857142857143
142,3590,2024-11-13T17:01:53.000000,-1.503047619047619,0.351152380952381
142,3591,2024-11-13T22:04:36.000000,0.930481409001957,-0.2798952380952383
142,3592,2024-11-14T12:03:42.000000,0.5118043052837571,0.030228571428571605
142,3593,2024-11-14T17:03:39.000000,-0.6887047619047617,-0.015600000000000058
142,3594,2024-11-15T17:54:05.000000,1.5585333333333333,-0.4123999999999999
142,3595,2024-11-16T17:01:43.000000,,
144,3646,2024-10-15T12:00:51.000000,0.1765882352941176,1.0503333333333333
144,3647,2024-10-15T17:00:50.000000,0.3647801857585141,-0.29303921568627456
144,3648,2024-10-15T22:02:34.000000,1.7926315789473681,-0.45849411764705905
144,3649,2024-10-16T12:14:41.000000,-2.171130434782609,0.6385913043478262
144,3650,2024-10-16T17:21:43.000000,-0.03086956521739126,0.15813810741687995
144,3651,2024-10-16T22:09:00.000000,0.14088888888888873,-0.19129411764705884
144,3652,2024-10-17T12:01:06.000000,0.3899111111111113,0.28856470588235295
144,3654,2024-10-17T17:11:06.000000,0.4219692307692302,-0.014876923076923121
144,3655,2024-10-17T22:04:54.000000,-0.21676923076923038,0.09637692307692314
144,3656,2024-10-18T12:05:01.000000,0.6283999999999998,-1.4163
144,3657,2024-10-18T17:01:08.000000,1.1304000000000003,0.4895999999999998
144,3658,2024-10-18T22:05:16.000000,-1.5125777777777776,0.7919555555555556
144,3659,2024-10-19T12:03:42.000000,1.4357777777777776,-0.1875555555555556
144,3660,2024-10-19T17:01:07.000000,-1.1259047619047622,0.24835294117647067
144,3661,2024-10-19T22:03:11.000000,-0.9947106227106226,-0.2251221719457015
144,3662,2024-10-20T17:02:21.000000,-0.2191493212669683,0.44135746606334836
144,3663,2024-10-20T22:03:55.000000,2.570764705882353,0.3387450980392157
144,3665,2024-10-21T12:17:14.000000,-5.0686,-1.7345333333333333
144,3666,2024-10-21T17:19:43.000000,3.1144,0.39160000000000006
144,3667,2024-10-21T22:01:05.000000,,
145,3689,2024-08-07T12:08:02.000000,0.7842608695652176,0.24518333333333342
145,3690,2024-08-07T17:29:29.000000,0.3084,0.13106666666666678
145,3691,2024-08-07T22:05:10.000000,-2.4264,0.41636363636363605
145,3692,2024-08-08T17:50:25.000000,2.2915789473684214,-0.8142459893048126
145,3693,2024-08-08T22:17:23.000000,-0.5923408521303258,0.14588235294117646
145,3694,2024-08-11T17:15:08.000000,0.6569724310776938,0.09085714285714286
145,3695,2024-08-13T17:16:42.000000,,
146,3706,2024-07-23T12:32:27.000000,4.071466666666667,-0.6756
146,3707,2024-07-23T22:33:11.000000,0.952533333333333,-0.20518333333333338
146,3708,2024-07-24T12:17:13.000000,0.7672000000000003,-0.2416166666666666
146,3709,2024-07-24T17:16:19.000000,-1.8589777777777778,0.1977
146,3710,2024-07-24T22:01:58.000000,-3.362622222222222,-0.09210000000000007
146,3711,2024-07-25T22:30:15.000000,3.9399999999999995,0.2712
146,3712,2024-07-26T22:49:57.000000,-1.1497999999999995,0.02190000000000003
146,3713,2024-07-27T17:24:14.000000,-3.2382,1.0149
146,3715,2024-07-28T17:33:33.000000,4.3144,-0.8124
146,3716,2024-07-28T22:00:44.000000,0.11959999999999993,-0.3419199999999999
146,3717,2024-07-29T17:58:14.000000,-4.4605999999999995,1.4239199999999999
146,3718,2024-07-29T22:14:30.000000,,
147,3731,2024-10-14T12:43:40.000000,-0.556,0.16399999999999992
147,3732,2024-10-14T17:11:54.000000,3.5472,-1.2135
147,3733,2024-10-14T22:01:30.000000,0.14443636363636347,1.225318181818182
147,3734,2024-10-15T12:12:26.000000,0.2193636363636362,0.19181818181818178
147,3735,2024-10-15T17:09:50.000000,-0.19633333333333303,-0.3553636363636363
147,3736,2024-10-15T22:01:47.000000,-3.3226666666666667,1.8217272727272729
147,3737,2024-10-16T12:08:19.000000,3.1969090909090907,-1.7120833333333336
147,3738,2024-10-16T17:01:55.000000,0.8254909090909093,-0.7919166666666666
147,3739,2024-10-16T22:02:31.000000,-0.4434,0.8798000000000001
147,3740,2024-10-17T12:34:26.000000,1.0041999999999995,-0.5298
147,3741,2024-10-17T17:01:12.000000,-0.5407999999999995,0.14159999999999995
147,3742,2024-10-17T22:01:35.000000,-0.9246608695652175,-0.06810000000000005
147,3743,2024-10-18T12:01:15.000000,1.5657608695652168,-0.023499999999999965
147,3744,2024-10-18T17:02:18.000000,-1.0406111111111107,0.6412631578947369
147,3745,2024-10-18T22:01:22.000000,0.5011111111111113,-1.4436631578947368
147,3746,2024-10-19T12:22:23.000000,-0.5900000000000001,0.8920521739130435
147,3747,2024-10-19T17:23:50.000000,1.2948000000000002,-0.04325217391304348
147,3748,2024-10-19T22:01:34.000000,-2.6254,0.25246956521739117
147,3749,2024-10-20T12:01:22.000000,1.211188235294118,-0.015119565217391218
147,3750,2024-10-20T17:01:12.000000,0.750691764705882,0.30839285714285714
147,3751,2024-10-20T22:05:45.000000,,
148,3773,2024-11-10T12:02:10.000000,3.5154000000000005,-0.023249999999999993
148,3774,2024-11-11T12:15:41.000000,0.585933333333333,1.5285833333333334
148,3775,2024-11-11T17:11:56.000000,-2.7359999999999998,-1.584
148,3776,2024-11-11T22:27:48.000000,0.3966666666666667,0.2426666666666668
148,3777,2024-11-12T12:05:32.000000,1.6931999999999998,-0.0035833333333333828
148,3778,2024-11-12T17:30:52.000000,1.9848000000000006,-1.0430833333333334
148,3779,2024-11-12T22:01:59.000000,-4.656000000000001,0.4613333333333334
148,3780,2024-11-13T22:09:48.000000,5.185333333333333,2.1786666666666665
148,3781,2024-11-14T12:02:37.000000,-2.42,-0.6346666666666665
148,3782,2024-11-14T17:05:13.000000,,
150,3814,2024-06-12T17:00:28.000000,-0.11226666666666629,0.2904
150,3815,2024-06-12T22:00:58.000000,-1.6624102564102565,0.04986206896551726
150,3816,2024-06-13T12:00:28.000000,-1.8277230769230768,0.4477379310344828
150,3817,2024-06-13T17:00:26.000000,0.004000000000000059,-0.3900761904761906
150,3818,2024-06-14T12:00:29.000000,2.1636235294117645,0.052609523809523884
150,3819,2024-06-14T17:13:21.000000,-2.950023529411765,-0.08013333333333339
150,3820,2024-06-15T12:01:06.000000,3.318903703703704,0.32066666666666677
150,3821,2024-06-15T17:57:43.000000,-0.3201247563352829,-0.4444561403508773
150,3822,2024-06-15T22:52:13.000000,-0.06437894736842131,-0.7890105263157896
150,3823,2024-06-16T12:00:24.000000,2.0168,1.4901333333333335
150,3824,2024-06-16T17:14:26.000000,-5.6792,-0.9605333333333334
150,3825,2024-06-18T12:08:16.000000,1.6048000000000002,0.4122
150,3835,2024-06-22T17:34:04.000000,2.3984,-0.7225999999999999
150,3836,2024-06-23T12:08:54.000000,-2.8168,-0.1896000000000002
150,3837,2024-06-23T17:48:36.000000,1.6827999999999999,0.22720000000000018
150,3838,2024-06-23T22:13:18.000000,-0.07427586206896541,0.3912142857142855
150,3839,2024-06-24T12:59:07.000000,1.8914758620689658,-0.7492142857142855
150,3840,2024-06-24T17:40:54.000000,-0.20320000000000027,2.07
150,3841,2024-06-24T22:24:04.000000,0.5666666666666669,-0.29499999999999993
150,3842,2024-06-25T17:23:25.000000,,
152,3869,2024-07-09T17:01:40.000000,0.15952941176470525,0.31605882352941184
152,3870,2024-07-11T12:08:43.000000,-2.682729411764705,0.16574117647058817
152,3871,2024-07-12T17:10:09.000000,2.0339368421052626,-0.23102222222222213
152,3872,2024-07-13T12:34:22.000000,0.10081871345029292,0.06393650793650785
152,3873,2024-07-13T17:16:03.000000,-0.4595555555555557,0.3230357142857142
152,3874,2024-07-14T12:09:42.000000,0.6608,-0.41008333333333324
152,3875,2024-07-14T17:45:14.000000,,
153,3883,2024-11-13T12:14:02.000000,0.6623333333333333,-0.05600280112044842
153,3884,2024-11-13T17:34:11.000000,0.6744888888888889,-0.8222352941176471
153,3885,2024-11-13T22:05:56.000000,-1.7376,1.2517142857142858
153,3886,2024-11-14T12:20:01.000000,1.026,-0.6873809523809524
153,3887,2024-11-14T17:04:12.000000,0.32446153846153836,0.3157575757575757
153,3888,2024-11-14T22:18:36.000000,-0.3632615384615385,-0.3420909090909091
153,3889,2024-11-15T12:07:29.000000,-0.10509473684210513,0.5273333333333335
153,3890,2024-11-15T17:52:09.000000,-0.6171052631578949,0.18066666666666664
153,3891,2024-11-16T12:45:58.000000,0.6630000000000004,-0.3164444444444444
153,3892,2024-11-16T22:03:13.000000,-1.316,-0.06573737373737365
153,3893,2024-11-17T12:42:13.000000,1.9361904761904758,0.20380086580086565
153,3894,2024-11-17T17:08:39.000000,-0.8504981684981683,-0.07289177489177501
153,3895,2024-11-18T12:51:58.000000,0.4256410256410257,-0.44006060606060593
153,3896,2024-11-18T22:54:39.000000,1.5222666666666667,1.0033333333333334
153,3897,2024-11-19T17:05:22.000000,,
155,3938,2024-11-01T17:04:05.000000,-0.6726666666666667,-0.7393333333333334
155,3939,2024-11-01T22:06:07.000000,2.816358974358974,0.059645833333333176
155,3940,2024-11-02T12:49:51.000000,0.9599076923076924,-0.5967124999999998
155,3941,2024-11-02T17:32:45.000000,-0.6215999999999995,-0.4880000000000002
155,3942,2024-11-03T12:04:16.000000,0.7809999999999997,-0.1985999999999999
155,3943,2024-11-04T12:19:49.000000,-4.9258,2.3986
155,3944,2024-11-04T22:30:36.000000,1.99255,-0.8878857142857142
155,3945,2024-11-07T17:17:07.000000,-1.92875,0.9652857142857143
155,3946,2024-11-08T12:34:29.000000,2.8426,-1.2892307692307692
155,3947,2024-11-08T17:45:35.000000,1.7984,-1.1644358974358975
155,3948,2024-11-09T17:04:20.000000,0.13039999999999985,1.3730666666666667
155,3949,2024-11-09T22:18:26.000000,,
158,4023,2024-10-22T12:36:58.000000,-0.16159999999999997,0.34960000000000013
158,4024,2024-10-22T17:02:24.000000,-3.9864,-0.9048
158,4025,2024-10-22T22:05:50.000000,3.8731999999999998,-0.1854
158,4026,2024-10-23T17:02:55.000000,-1.973384615384615,0.02180000000000004
158,4027,2024-10-23T22:07:06.000000,0.5681538461538459,0.5901230769230769
158,4028,2024-10-24T12:01:26.000000,1.4752307692307693,-1.442423076923077
158,4029,2024-10-24T17:30:23.000000,-4.8848,0.9247
158,4030,2024-10-24T22:07:09.000000,2.406917647058824,0.5533714285714287
158,4031,2024-10-25T12:19:11.000000,2.6028823529411764,-0.4395714285714287
158,4032,2024-10-25T17:04:53.000000,-2.609,0.2803333333333333
158,4033,2024-10-25T22:54:56.000000,0.28423529411764703,0.1180000000000001
158,4034,2024-10-26T12:46:26.000000,1.2482352941176478,-0.1263859649122807
158,4035,2024-10-26T17:10:29.000000,-2.066870588235295,-0.2317473684210527
158,4036,2024-10-26T22:25:59.000000,1.744,0.07622857142857153
158,4037,2024-10-27T12:02:20.000000,0.021566666666666512,0.21109316770186326
158,4038,2024-10-27T17:01:43.000000,0.41923333333333335,0.9522782608695652
158,4039,2024-10-27T22:16:23.000000,0.0032000000000000917,-0.22239999999999993
158,4040,2024-10-28T12:01:14.000000,0.042400000000000215,-0.6200000000000001
158,4041,2024-10-28T17:11:19.000000,-2.6352,-0.40879999999999994
158,4042,2024-10-28T22:12:29.000000,-2.0077999999999996,-0.27359999999999995
158,4043,2024-10-29T12:03:50.000000,3.24956,0.32046666666666646
158,4044,2024-10-29T17:03:09.000000,-2.01776,0.3211333333333335
158,4045,2024-10-29T22:23:06.000000,3.8262,-0.6922666666666667
158,4046,2024-10-30T12:24:08.000000,0.13799999999999946,0.6846666666666666
158,4047,2024-10-30T17:19:22.000000,-1.0055454545454543,-0.12886956521739124
158,4048,2024-10-30T22:06:14.000000,-3.709054545454545,-0.2707304347826087
158,4049,2024-10-31T12:02:29.000000,3.6930545454545456,0.6252666666666666
158,4050,2024-10-31T17:09:11.000000,0.0935454545454546,-0.3786666666666667
158,4051,2024-10-31T22:07:32.000000,0.45166666666666666,0.5101578947368421
158,4052,2024-11-01T12:04:20.000000,-1.275714285714286,-0.8481144164759726
158,4053,2024-11-01T22:04:46.000000,-3.584952380952381,0.6513565217391306
158,4054,2024-11-02T17:07:54.000000,5.192,0.046599999999999975
158,4055,2024-11-03T17:06:23.000000,-1.9052,-0.6830000000000002
158,4056,2024-11-03T22:09:57.000000,-1.9476000000000002,-0.4211999999999998
158,4061,2024-11-04T22:09:44.000000,,
161,4098,2024-10-09T12:04:42.000000,4.456500000000001,0.4186249999999999
161,4099,2024-10-09T17:01:58.000000,0.2674999999999996,-0.3138881578947368
161,4100,2024-10-09T22:03:08.000000,1.6502000000000001,-0.21833684210526316
161,4101,2024-10-10T17:05:42.000000,-0.42479999999999984,0.35519999999999996
161,4102,2024-10-10T22:01:26.000000,-2.4674666666666667,-0.2462153846153846
161,4103,2024-10-11T17:10:03.000000,2.8590666666666666,-0.013384615384615328
161,4104,2024-10-11T22:16:47.000000,-0.2212000000000005,0.5307999999999998
161,4105,2024-10-12T12:00:59.000000,-0.5284363636363629,-0.6531809523809522
161,4106,2024-10-13T12:03:41.000000,1.0284363636363638,-0.47801904761904757
161,4107,2024-10-13T17:01:07.000000,-1.2697523809523812,0.6118782608695651
161,4108,2024-10-13T22:31:53.000000,-0.18704761904761957,0.2680217391304348
161,4109,2024-10-14T12:26:15.000000,-0.10959999999999992,0.058499999999999996
161,4110,2024-10-14T17:02:54.000000,-0.20853333333333324,-0.5695999999999999
161,4111,2024-10-14T22:01:25.000000,-0.15564444444444403,0.33063999999999993
161,4112,2024-10-15T12:03:04.000000,-0.14822222222222248,0.11042666666666656
161,4113,2024-10-15T17:20:04.000000,0.5180000000000005,-0.27426666666666666
161,4114,2024-10-15T22:01:30.000000,0.8575999999999997,0.4788000000000001
161,4115,2024-10-16T12:01:18.000000,0.35680000000000023,-0.2550000000000001
161,4116,2024-10-16T17:01:18.000000,,
162,4136,2024-11-11T12:34:49.000000,1.0343030303030303,-0.8192285714285715
162,4137,2024-11-11T17:01:14.000000,-0.28688888888888886,0.9255454545454546
162,4138,2024-11-11T22:03:30.000000,0.1412888888888887,0.16237762237762243
162,4139,2024-11-12T17:39:46.000000,-0.8794666666666665,-0.9029230769230769
162,4140,2024-11-12T22:01:06.000000,0.24000000000000002,0.276
162,4141,2024-11-13T17:02:11.000000,-0.5173333333333333,0.2623333333333333
162,4142,2024-11-13T22:01:07.000000,-0.5945523809523809,0.3836666666666666
162,4143,2024-11-14T12:11:11.000000,1.1390857142857143,-0.395
162,4144,2024-11-14T17:00:12.000000,-0.6873000000000001,0.38975000000000004
162,4145,2024-11-14T22:08:36.000000,1.9785,0.08824999999999994
162,4146,2024-11-15T12:12:01.000000,0.7896000000000003,-0.39659999999999995
162,4147,2024-11-15T17:07:05.000000,-1.6696000000000002,1.2492
162,4148,2024-11-15T22:00:21.000000,2.54,-0.0028000000000001357
162,4149,2024-11-16T12:00:32.000000,-2.6632,-1.5723294117647058
162,4150,2024-11-16T17:15:29.000000,0.9735999999999999,0.16992941176470577
162,4151,2024-11-16T22:06:48.000000,-3.3768000000000002,1.1320000000000001
162,4152,2024-11-17T17:01:16.000000,4.4608,-0.7128000000000001
162,4153,2024-11-18T12:00:57.000000,,
163,4172,2024-12-06T12:02:15.000000,0.8872000000000001,0.11359999999999992
163,4173,2024-12-06T17:00:40.000000,-4.5216,-0.8672000000000001
163,4174,2024-12-07T17:46:56.000000,5.239695238095239,0.41263157894736846
163,4175,2024-12-08T17:05:21.000000,-1.602095238095238,-1.0030315789473683
163,4176,2024-12-08T22:25:52.000000,2.2936,0.1352
163,4177,2024-12-09T12:50:21.000000,-4.584266666666667,-0.07680000000000009
163,4178,2024-12-09T22:18:57.000000,1.4386666666666668,0.07700000000000007
163,4179,2024-12-10T17:45:56.000000,2.4895999999999994,0.35339999999999994
163,4180,2024-12-10T22:50:30.000000,-2.3339999999999996,0.2697052631578948
163,4181,2024-12-11T12:32:46.000000,1.2091999999999998,-0.3209052631578946
163,4182,2024-12-12T12:27:42.000000,-0.7232000000000001,0.8151999999999998
163,4183,2024-12-16T12:56:56.000000,2.1104000000000003,-0.9400000000000001
163,4184,2024-12-16T17:00:43.000000,-1.7533333333333334,0.5611000000000002
163,4185,2024-12-19T12:21:09.000000,2.2685333333333335,-0.07450000000000012
163,4186,2024-12-19T21:59:17.000000,,
164,4187,2024-07-19T12:01:27.000000,2.6454999999999997,0.7721333333333333
164,4188,2024-07-19T17:02:04.000000,-1.2974999999999999,0.22700952380952377
164,4189,2024-07-21T12:01:21.000000,1.318,-0.4089206349206349
164,4190,2024-07-21T17:00:37.000000,-1.0940000000000003,0.9171111111111112
164,4191,2024-07-21T22:04:52.000000,-0.006444444444444364,-1.069122807017544
164,4192,2024-07-22T12:01:12.000000,0.34358730158730144,0.21319688109161794
164,4193,2024-07-22T17:26:25.000000,-1.9918095238095237,-0.5000740740740741
164,4194,2024-07-22T22:00:32.000000,1.7619607843137255,0.34950877192982466
164,4195,2024-07-23T12:01:12.000000,,
166,4226,2024-09-11T22:20:17.000000,0.9125333333333328,0.13214285714285712
166,4227,2024-09-19T12:27:05.000000,-3.1717473684210526,0.109404761904762
166,4229,2024-09-19T17:26:23.000000,,
167,4230,2024-11-03T12:01:35.000000,-1.2797192982456134,0.566897435897436
167,4231,2024-11-03T17:02:54.000000,1.48638596491228,0.4437692307692307
167,4232,2024-11-03T22:13:50.000000,-2.1394133333333327,-0.2493333333333334
167,4233,2024-11-04T12:43:13.000000,0.8394133333333331,0.30633333333333335
167,4234,2024-11-04T17:35:10.000000,1.0402666666666662,-0.7474000000000001
167,4235,2024-11-04T22:23:03.000000,-2.4903999999999993,-0.03759999999999997
167,4236,2024-11-05T12:53:15.000000,1.3209509433962259,0.3677288135593221
167,4237,2024-11-05T17:13:41.000000,-0.5732278664731492,-0.4071688135593221
167,4238,2024-11-06T12:12:35.000000,1.493076923076923,1.02664
167,4239,2024-11-06T17:28:01.000000,0.20399999999999974,0.15999999999999992
167,4240,2024-11-06T22:04:01.000000,-1.5359393939393937,-0.8338060606060604
167,4241,2024-11-07T12:17:09.000000,,
168,4253,2024-11-07T12:02:25.000000,-2.0586838709677417,0.0226064516129032
168,4254,2024-11-07T17:02:19.000000,4.1477,0.1632
168,4255,2024-11-07T22:04:24.000000,-0.2997380952380957,0.06273684210526309
168,4256,2024-11-08T12:04:39.000000,-1.217703081232493,-0.4422035087719298
168,4257,2024-11-08T17:19:44.000000,0.2640320855614975,-0.01801159420289844
168,4258,2024-11-08T22:33:10.000000,0.6847186147186146,0.22129644268774695
168,4259,2024-11-09T17:04:29.000000,0.22455411255411262,-0.021218181818181803
168,4260,2024-11-09T22:34:46.000000,-0.1403636363636367,0.7454000000000001
168,4261,2024-11-10T17:07:02.000000,-0.42749999999999955,-0.8096363636363637
168,4262,2024-11-10T22:12:04.000000,0.6601000000000001,0.664017316017316
168,4263,2024-11-11T12:20:07.000000,-1.1272666666666669,-1.1339047619047617
168,4264,2024-11-11T17:01:54.000000,0.8948484848484846,0.6825238095238092
168,4265,2024-11-11T22:22:22.000000,0.13464171122994673,0.4528888888888891
168,4266,2024-11-12T12:18:11.000000,-0.7838670076726344,-0.7921196581196582
168,4267,2024-11-12T17:02:27.000000,0.8454879227053143,0.6166307692307692
168,4268,2024-11-12T22:22:50.000000,-0.3390326797385623,0.1462315789473685
168,4269,2024-11-13T12:32:11.000000,,
169,4286,2024-08-09T12:02:09.000000,0.0,0.0
169,4287,2024-08-09T17:01:20.000000,0.8220956937799038,-0.19800000000000006
169,4288,2024-08-10T17:01:30.000000,0.0,0.0
169,4289,2024-08-11T12:58:01.000000,0.0,0.0
169,4290,2024-08-11T17:50:03.000000,0.0,0.0
169,4291,2024-08-11T22:35:40.000000,0.23887272727272757,0.23251428571428578
169,4292,2024-08-12T12:39:26.000000,-2.2594823529411765,0.16367058823529412
169,4293,2024-08-12T17:25:58.000000,1.450682352941176,0.2675294117647058
169,4294,2024-08-12T22:21:55.000000,0.07236666666666713,-0.4808695652173912
169,4295,2024-08-13T12:37:43.000000,0.2916333333333332,0.5552695652173915
169,4296,2024-08-13T17:01:16.000000,-1.8146823529411764,-0.34192941176470604
169,4297,2024-08-13T22:13:00.000000,1.8668823529411769,-0.17247058823529404
169,4298,2024-08-14T12:36:31.000000,0.2518888888888884,-0.17300000000000004
169,4299,2024-08-14T17:18:58.000000,-0.3718888888888885,-0.05414285714285716
169,4300,2024-08-14T22:08:57.000000,0.4249999999999998,0.33749579831932786
169,4301,2024-08-15T12:34:03.000000,-2.702,0.7976470588235292
169,4302,2024-08-15T17:07:11.000000,1.4639999999999997,-0.9746363636363635
169,4303,2024-08-15T22:02:08.000000,0.7328695652173909,-0.23362450592885375
169,4304,2024-08-16T12:01:38.000000,0.6573304347826092,0.38147826086956527
169,4305,2024-08-16T17:04:45.000000,0.09480000000000066,-0.12774370709382143
169,4306,2024-08-16T22:22:11.000000,-1.7994000000000006,0.4985263157894735
169,4307,2024-08-17T22:02:12.000000,0.8795999999999999,-0.4041999999999999
169,4308,2024-08-18T12:51:28.000000,-0.46519999999999984,-0.2558
169,4309,2024-08-18T17:29:54.000000,-2.3912000000000004,0.4656
169,4310,2024-08-18T22:05:07.000000,1.3888,0.6399999999999999
169,4311,2024-08-19T12:10:00.000000,-3.2296,0.019400000000000084
169,4312,2024-08-19T17:13:51.000000,4.426782608695653,-0.7989999999999999
169,4313,2024-08-19T22:01:21.000000,-2.270782608695653,0.9675999999999998
169,4314,2024-08-20T12:01:12.000000,0.033600000000000185,-0.12480000000000002
169,4315,2024-08-20T17:01:19.000000,-1.9264000000000001,0.22880000000000011
169,4316,2024-08-20T22:40:39.000000,4.372953846153846,-1.0052666666666665
169,4317,2024-08-21T12:31:02.000000,-0.22942657342657302,-0.028515151515151604
169,4318,2024-08-21T17:01:59.000000,-2.011527272727273,0.7625818181818182
169,4319,2024-08-21T22:01:25.000000,1.211466666666667,-0.6929263157894738
169,4320,2024-08-22T12:06:34.000000,-2.213866666666667,0.8377263157894739
169,4321,2024-08-22T17:25:34.000000,-0.5247999999999999,0.05920000000000014
169,4322,2024-08-22T22:20:11.000000,3.7646315789473683,-1.1033473684210529
169,4323,2024-08-23T12:54:26.000000,-1.5566315789473684,0.22561403508771938
169,4324,2024-08-23T17:13:55.000000,,
170,4325,2024-11-14T12:02:20.000000,-3.3498,-0.01639999999999997
170,4326,2024-11-14T17:02:36.000000,2.8491478260869565,0.03826153846153846
170,4328,2024-11-14T22:02:38.000000,-3.273947826086957,0.13693846153846156
170,4329,2024-11-15T12:02:26.000000,2.5111999999999997,-0.16480000000000006
170,4330,2024-11-15T17:11:50.000000,1.5359238095238092,-0.035599999999999965
170,4331,2024-11-15T22:02:27.000000,-1.034380952380952,0.08733333333333326
170,4332,2024-11-16T12:02:08.000000,0.6259097744360901,-0.3236969696969697
170,4333,2024-11-16T17:02:06.000000,-1.0682105263157893,-0.07700478468899519
170,4334,2024-11-16T22:14:14.000000,1.4128721804511275,0.1589838056680163
170,4335,2024-11-17T12:04:56.000000,-0.45203007518796956,0.1133846153846153
170,4336,2024-11-17T17:26:51.000000,-0.9566175438596493,0.0016451612903225499
170,4337,2024-11-17T22:02:34.000000,0.5657159420289856,-0.4483251612903224
170,4338,2024-11-18T12:02:36.000000,0.14281739130434778,0.6150593103448275
170,4339,2024-11-18T22:16:20.000000,1.3359999999999999,0.4298206896551724
170,4340,2024-11-19T12:02:07.000000,-4.512,-0.17840000000000011
170,4341,2024-11-19T17:23:19.000000,2.370828571428571,-0.2722285714285714
170,4342,2024-11-19T22:06:55.000000,,
171,4359,2024-10-10T12:01:36.000000,2.672647619047619,-1.7134
171,4360,2024-10-10T17:49:32.000000,0.27775238095238086,-0.9191999999999999
171,4361,2024-10-10T22:01:31.000000,-0.2674666666666665,0.5889333333333332
171,4362,2024-10-11T12:00:58.000000,0.8108571428571427,0.5587619047619049
171,4363,2024-10-11T17:01:21.000000,1.5382095238095237,-0.3716952380952382
171,4364,2024-10-11T22:01:29.000000,-2.08535652173913,0.12107826086956519
171,4365,2024-10-12T12:02:19.000000,0.8217800511508955,0.11510997442455251
171,4366,2024-10-12T17:01:13.000000,-0.984423529411765,-0.10738823529411756
171,4367,2024-10-12T22:12:17.000000,0.2384421052631579,0.11352727272727292
171,4368,2024-10-13T12:15:54.000000,-2.726442105263158,-0.9207272727272731
171,4369,2024-10-13T17:01:13.000000,1.9752000000000003,2.1264000000000003
171,4370,2024-10-13T22:01:18.000000,0.7074,-1.291
171,4371,2024-10-14T12:16:03.000000,-0.17613043478260892,0.57164
171,4372,2024-10-14T17:01:06.000000,0.8184245524296676,0.25887666666666664
171,4373,2024-10-14T22:52:54.000000,-0.7074759358288771,-0.6365530303030302
171,4374,2024-10-15T12:01:30.000000,-1.9166181818181818,1.3762363636363635
171,4375,2024-10-15T17:21:01.000000,3.8120000000000003,-1.8656
171,4376,2024-10-15T22:01:33.000000,-3.408,1.9912000000000003
171,4377,2024-10-16T12:01:51.000000,1.0465391304347826,-1.73584
171,4378,2024-10-16T17:21:07.000000,2.8902608695652177,-0.1337600000000002
171,4379,2024-10-16T22:01:31.000000,,
172,4401,2024-10-23T12:09:05.000000,0.8752000000000001,0.364
172,4402,2024-10-23T17:07:13.000000,2.9974,-0.3445999999999999
172,4403,2024-10-24T12:18:07.000000,-1.9067714285714286,0.19640740740740736
172,4404,2024-10-24T17:07:54.000000,0.26480000000000037,-0.07091302538493549
172,4405,2024-10-24T22:54:14.000000,0.9430208112874776,0.21366117353308356
172,4406,2024-10-25T12:12:23.000000,-0.18484938271604934,0.8710444444444444
172,4407,2024-10-25T17:12:37.000000,-0.4584999999999999,-0.8600433734939757
172,4408,2024-10-25T22:07:44.000000,-0.23324054054054066,0.19223577855726692
172,4409,2024-10-26T12:31:26.000000,-0.25428298887122436,-0.3170547427256287
172,4410,2024-10-26T22:45:12.000000,0.6947222635889794,0.049617393842112945
172,4411,2024-10-27T12:26:03.000000,-1.0449243752028554,-0.14708446794448127
172,4412,2024-10-27T22:02:13.000000,2.105025641025641,-0.6718705882352939
172,4413,2024-10-28T12:22:59.000000,-1.9473529411764703,0.9172702702702701
172,4414,2024-10-28T17:27:35.000000,-0.08757729138166903,-0.25719161858487716
172,4415,2024-10-28T22:22:41.000000,2.5461302325581388,-0.515478651685393
172,4416,2024-10-29T12:24:21.000000,-5.0512,0.6863999999999999
172,4417,2024-10-29T17:23:24.000000,3.447230769230769,-0.1691111111111111
172,4418,2024-10-30T12:40:25.000000,0.23196923076923093,0.781911111111111
172,4419,2024-10-30T17:10:57.000000,-1.555811111111111,-0.4319764705882352
172,4420,2024-10-30T22:06:54.000000,-3.0001888888888892,-0.5424235294117647
172,4421,2024-10-31T12:16:46.000000,0.31359999999999966,0.039200000000000124
172,4422,2024-10-31T17:35:37.000000,-0.055999999999999606,0.31199999999999994
172,4423,2024-10-31T22:02:20.000000,3.069229850746269,-0.014757894736842081
172,4424,2024-11-01T12:46:36.000000,-0.040229850746268836,0.1372927261975162
172,4425,2024-11-01T22:09:12.000000,-2.7978,-0.6491348314606742
172,4426,2024-11-02T12:39:13.000000,3.362819672131147,0.4618
172,4427,2024-11-02T17:14:37.000000,-0.42671840630836233,0.1735255813953489
172,4429,2024-11-03T12:29:11.000000,2.601898734177215,-0.8773255813953489
172,4430,2024-11-03T17:05:50.000000,-2.082,0.20900000000000007
172,4431,2024-11-03T22:56:41.000000,0.16288888888888975,0.7557959183673468
172,4432,2024-11-04T12:31:23.000000,0.6029224318658271,-0.10248822605965457
172,4433,2024-11-04T17:58:02.000000,-0.220634850166481,0.03462087912087919
172,4434,2024-11-04T22:02:46.000000,1.1808235294117642,-0.960595238095238
172,4435,2024-11-05T12:19:33.000000,-0.9475999999999996,0.3026666666666664
172,4436,2024-11-05T17:31:04.000000,-1.5792000000000002,0.5760000000000001
172,4437,2024-11-05T22:04:32.000000,,
173,4438,2024-10-26T12:13:33.000000,-4.0432,-0.2904
173,4439,2024-10-27T17:01:19.000000,3.2304,-0.7504000000000001
173,4440,2024-10-27T22:57:53.000000,0.36960000000000004,0.2874
173,4441,2024-10-28T22:01:21.000000,1.7006000000000008,0.02763157894736823
173,4442,2024-11-01T17:50:48.000000,-2.455000000000001,1.1577684210526318
173,4443,2024-11-04T12:07:31.000000,,
174,4444,2024-08-07T17:00:54.000000,3.393130434782609,-0.0804999999999998
174,4445,2024-08-07T22:00:53.000000,0.8722295652173916,-0.39541666666666675
174,4446,2024-08-08T17:01:27.000000,-2.2973600000000003,-0.4310833333333334
174,4447,2024-08-08T22:05:36.000000,-0.9429999999999998,1.2456
174,4448,2024-08-09T12:02:15.000000,0.5137999999999996,-0.3440000000000001
174,4449,2024-08-09T17:06:55.000000,-0.5088000000000001,-0.02760000000000007
174,4450,2024-08-10T17:07:09.000000,1.939166666666667,-0.34457142857142853
174,4451,2024-08-10T22:01:24.000000,0.5335392156862745,-0.010873015873015923
174,4452,2024-08-11T12:19:49.000000,0.2446274509803922,0.6082444444444446
174,4453,2024-08-11T17:01:58.000000,-1.3597333333333335,0.3238666666666665
174,4454,2024-08-11T22:03:43.000000,1.8587636363636366,-1.005037037037037
174,4455,2024-08-12T12:06:36.000000,-1.1590303030303033,0.3306056644880173
174,4456,2024-08-12T22:16:26.000000,-0.5946666666666665,-0.711539641943734
174,4457,2024-08-13T22:01:06.000000,0.9813333333333332,0.23305434782608703
174,4458,2024-08-14T12:06:25.000000,-2.4144000000000005,0.8694500000000001
174,4459,2024-08-14T17:06:05.000000,0.20320000000000027,-0.15760000000000018
174,4460,2024-08-14T22:02:06.000000,0.21760000000000002,-0.46319999999999983
174,4461,2024-08-15T12:04:50.000000,1.971418181818182,0.1953499999999999
174,4462,2024-08-15T17:10:14.000000,-0.6786877470355734,0.02375000000000016
174,4463,2024-08-15T22:02:13.000000,-2.5103304347826088,0.49929999999999986
174,4464,2024-08-16T17:11:41.000000,0.21760000000000002,-0.3368
174,4465,2024-08-16T22:04:27.000000,3.632070588235294,-0.5010000000000001
174,4466,2024-08-17T12:04:46.000000,-3.673670588235294,-0.09579999999999989
174,4467,2024-08-17T22:41:07.000000,1.2658666666666665,-0.2912
174,4468,2024-08-18T12:01:38.000000,-1.1922666666666666,0.8336
174,4469,2024-08-18T22:01:13.000000,3.2098222222222224,-0.25665263157894735
174,4470,2024-08-19T17:05:56.000000,-3.016222222222223,0.5574526315789473
174,4471,2024-08-19T22:01:13.000000,-0.5423999999999993,0.5104
174,4472,2024-08-20T12:04:17.000000,3.3680842105263156,-1.3513454545454544
174,4474,2024-08-20T17:01:16.000000,-1.596884210526316,1.2601454545454547
174,4475,2024-08-20T22:43:35.000000,,
176,4496,2024-09-23T17:11:38.000000,-1.1706666666666667,1.1626666666666667
176,4497,2024-09-24T17:03:02.000000,2.4345066666666666,-0.6162222222222222
176,4498,2024-09-25T12:13:04.000000,,
178,4513,2024-09-09T12:56:53.000000,3.9215999999999998,-0.42690000000000006
178,4514,2024-09-11T17:33:20.000000,-0.17759999999999976,1.1045
178,4515,2024-09-11T22:40:19.000000,0.2188571428571433,-1.0243571428571427
178,4516,2024-09-12T12:24:55.000000,0.06409022556390975,-0.025082857142857073
178,4517,2024-09-12T22:03:33.000000,-0.13816688061617488,0.13479849056603765
178,4518,2024-09-13T17:34:32.000000,-0.2740218671152228,0.01811519364448866
178,4519,2024-09-13T22:58:14.000000,-2.2654252873563223,-0.029973684210526375
178,4520,2024-09-14T17:53:17.000000,,
179,4529,2024-09-22T22:58:00.000000,-1.858941176470588,0.04527272727272724
179,4530,2024-09-23T12:06:34.000000,0.7914411764705881,-0.51
179,4531,2024-09-23T22:15:05.000000,1.3854999999999997,-0.28679999999999994
179,4532,2024-09-24T12:15:47.000000,-2.9156,0.2920631578947367
179,4533,2024-09-24T22:45:19.000000,1.3171,0.5213082706766918
179,4534,2024-09-25T12:08:35.000000,0.8811666666666669,-0.8370714285714286
179,4535,2024-09-25T22:32:57.000000,-1.1930666666666667,0.4135
179,4536,2024-09-26T17:34:52.000000,0.9311999999999999,-0.5493999999999999
179,4537,2024-09-26T22:29:36.000000,0.8111999999999997,1.3688
179,4538,2024-09-27T12:02:33.000000,-2.2479999999999993,-0.9861333333333334
179,4539,2024-09-28T17:55:13.000000,1.0208,-0.4098666666666667
179,4540,2024-09-29T12:58:32.000000,-1.25155,0.6733894736842106
179,4541,2024-09-29T17:14:35.000000,1.5763055555555554,-0.37788947368421066
179,4542,2024-09-30T12:47:46.000000,0.3664444444444448,-0.5719
179,4543,2024-09-30T17:54:05.000000,-0.6460952380952385,0.6638095238095237
179,4544,2024-10-01T12:41:02.000000,-3.1635047619047616,0.02719047619047621
179,4545,2024-10-01T22:47:51.000000,2.6568,-0.2869999999999999
179,4546,2024-10-03T12:32:16.000000,0.5720000000000001,-0.34520000000000006
179,4547,2024-10-03T17:47:01.000000,,
180,4548,2024-09-28T12:17:48.000000,-0.4890434782608695,0.4520266666666668
180,4549,2024-09-29T12:01:08.000000,-3.303466666666667,0.16266666666666652
180,4550,2024-09-29T17:02:15.000000,4.2024,-1.0896
180,4551,2024-09-29T22:18:46.000000,1.6623999999999997,1.918933333333333
180,4552,2024-09-30T12:00:54.000000,0.4500000000000002,-1.737333333333333
180,4553,2024-09-30T17:32:30.000000,-3.5526666666666666,-0.7653333333333334
180,4554,2024-09-30T22:13:28.000000,3.212666666666667,0.8468333333333333
180,4555,2024-10-01T12:29:09.000000,-2.03,0.25050000000000006
180,4556,2024-10-01T17:39:04.000000,0.18210526315789433,0.2755200000000001
180,4557,2024-10-01T22:48:38.000000,-1.8021052631578942,0.3338133333333333
180,4558,2024-10-02T12:28:46.000000,0.49599999999999994,-1.284
180,4559,2024-10-03T22:08:55.000000,-1.1119999999999999,1.0573333333333332
180,4560,2024-10-04T22:11:56.000000,2.1119999999999997,-0.7293333333333332
180,4561,2024-10-05T17:05:13.000000,-0.0745882352941174,-0.036787878787878814
180,4562,2024-10-06T17:39:02.000000,-1.4760784313725492,0.9407878787878787
180,4563,2024-10-08T17:11:36.000000,1.9826666666666668,-0.26108333333333333
180,4564,2024-10-10T17:33:37.000000,,
182,4641,2024-06-12T17:04:32.000000,1.8615999999999997,0.26366956521739116
182,4642,2024-06-13T12:02:49.000000,-5.4128,0.3992000000000001
182,4643,2024-06-13T22:13:16.000000,4.7372,-1.2710000000000001
182,4644,2024-06-14T12:00:45.000000,-0.554380952380952,0.7718695652173913
182,4645,2024-06-15T17:21:28.000000,-0.27351378446115326,-0.20729061784897007
182,4646,2024-06-17T17:01:01.000000,,
