user_id,text_id,text,timestamp,collection_phase,is_words,valence,arousal,valence_baseline,arousal_baseline
3,251,I ' ve been feeling just fine . Nice and relaxed .. Im on my days off from work spending time with my daughters at home . I ' m not sure what else to say . I ' m in a good mood .....................................................,2021-06-08T12:26:16.000000,1,false,1.0,1.0,1.7980000000000003,0.28733333333333333
3,252,I ' ve been feeling pretty good . This is my last day off before I return to work so I am going to try and clean the house some and maybe tackle some laundry . I think im getting a cold but im in pretty high spirits .,2021-06-09T13:41:40.000000,1,false,0.0,1.0,1.1743157894736842,0.7934444444444444
3,253,Still feeling sick today and sneezing alot with a runny nose but otherwise I ' m feeling pretty good . I have work in a couple hours at the restaurant and it ' s Friday night so I ' m sure I ' ll be busy making a ton of drinks .,2021-06-11T15:13:48.000000,1,false,1.0,1.0,1.1543636363636365,0.5562857142857143
3,254,I ' m still feeling kinda sickly but I powered through at work last night . It ' s was so crazy busy that I could barely keep up . I love when that happens haha . I ended out the night very sore but over 300 dollars richer so I can ' t complain,2021-06-12T12:20:03.000000,1,false,1.0,1.0,0.2234000000000001,0.9801739130434783
3,255,I ' m feeling so much better today ! Seems like this cold is almost gone thank god . Last night was busy at the bar and I did pretty decent . I ' m pretty exhausted today but it ' s my last day to work and then I ' m off for three days,2021-06-13T14:54:41.000000,1,false,2.0,1.0,0.9707272727272728,0.5687619047619048
7,347,I have been feeling somewhat down . I am trying to be more productive and get things done . I am having trouble finding the energy and motivation . I can ' t type any more characters . I ' m pretty sure this is over 200 .,2021-03-11T12:10:58.000000,1,false,-1.0,0.0,1.659,0.7475294117647058
7,348,The last day has been much better than yesterday . Friends surprised with visit and we had a late night get together . My schedule at work changed to a more consistent schedule . What a relief ! This 200 character minimum is very frustrating .,2021-03-12T12:43:39.000000,1,false,1.0,2.0,1.1649999999999996,0.706
10,407,"Tired , Exhausted , Calm , Content , Happy",2021-06-09T12:11:03.000000,1,true,-1.0,0.0,0.6072,0.4568000000000001
10,408,"Content , Calm , Sleepy , Lazy , Relaxed",2021-06-10T17:08:20.000000,1,true,2.0,0.0,1.6,-0.3759999999999999
10,409,"Content , Calm , Relaxed , Happy",2021-06-11T12:03:33.000000,1,true,2.0,0.0,2.993,0.126
10,410,"Calm , Content , Happy , Relaxed",2021-06-11T17:18:21.000000,1,true,2.0,1.0,2.993,0.1259999999999999
17,972,"I feel pretty good , a little tired . I didn’t get home until midnight and right back at it this morning .   Ready to get my shift over for the day . I have two shifts left and I have the next two days off . I’m anxious , but ready .",2021-06-12T12:19:10.000000,1,false,1.0,2.0,1.0958,0.5954782608695652
17,973,"I hate my job . I hate people at times . I just wanna go home . I don’t understand hope they Think we can manage without a break , all day long . Especially me being 46   years old   I just need a new job . A new profession . I can’t do this right now .",2021-06-12T17:32:25.000000,1,false,-2.0,1.0,1.0795199999999998,0.7877500000000001
17,974,"I feel okay today , but of course I’m off today . I wanted a drink last night , to be honest , but I never drank one . Yesterday was a long , bad day . I just went to bed instead , and got a good nights rest . I feel so much better today",2021-06-13T12:16:35.000000,1,false,0.0,1.0,1.1325,0.6259999999999999
17,975,"I feel a lot better today . I got a good nights rest last night . After a super long , terrible day . Of course I’m off today . So that helps . A lot . Sometimes I like my job , but sometimes not . But I love my days off .",2021-06-13T17:05:56.000000,1,false,-1.0,0.0,1.2996,0.7772631578947369
17,976,"I’m okay today . Today is my day off . I’m not looking forward to tomorrow , with the exception that they owe me money , and I can get that . I work a double tomorrow and I’m not looking forward to dealing with the people .",2021-06-14T12:08:34.000000,1,false,-2.0,0.0,1.7136470588235297,0.7397894736842106
17,977,"I feel kind of down . Money has a lot to do with it . I need money so bad , and I feel like I’m not making any lately to account to anything . I feel under paid and under appreciated . I’m not looking forward to work tomorrow . I work a double . Yaaay",2021-06-14T17:35:57.000000,1,false,-2.0,0.0,1.5343999999999998,0.7849999999999999
17,978,"I am tired . I don’t feel good this evening . I worked this morning . It wasn’t that bad , but I did leave for the evening instead of working my double . I just wasn’t feeling well , my legs and my back were hurting really Bad . Overall , my shift was good though . Just tired . And hurting .",2021-06-15T22:03:14.000000,1,false,-1.0,1.0,0.292,0.799076923076923
17,979,"I feel okay right now . Of course my shift is fixing to start , so we will see in a few hours how I’m feeling . Hopefully the shift and the people won’t be that bad . I’m pretty happy/content at the moment and feeling okay today .",2021-06-16T12:36:09.000000,1,false,2.0,0.0,1.145904761904762,0.7114285714285714
17,980,"Today hasn’t been so bad . I didn’t really make a lot , which sucks , but it is what it is . I’m in a pretty good mood and feel pretty good . Today has been okay . My people were all pretty nice . Just wish there was more money .",2021-06-16T17:50:43.000000,1,false,1.0,1.0,1.5792380952380953,0.6308421052631579
17,981,"I feel good . I’m off this evening . I’ve been off the last two days , besides working this morning , and then this evening off . That does good for my mentality , and with dealing with the public . Sometimes it’s hard to do , deal with people . Then others , they can be really sweet and nice . But overall I feel good right now .",2021-06-16T22:44:13.000000,1,false,1.0,0.0,1.2122857142857146,0.6109629629629629
17,1000,"I’m hungry and broke . Studying for college at the moment . But I’m content , besides being hungry . I have to work later , which bums me out , but I need the money .   I’m a pretty positive person though , things will look up .",2022-01-25T10:01:40.000000,2,false,1.0,0.0,0.939,1.0035
17,1001,I’m very tired . Don’t feel good at all . I do not want to go to work . I would rather sit home . I just do not feel good today . I felt a lot better earlier . Worried about bills . Money . I need money Bad .,2022-01-25T15:05:12.000000,2,false,-2.0,0.0,1.1664347826086954,0.88825
17,1002,"I’m at work . Things are going pretty good I guess . I thought it was going to be slow , but it picked up some , so that is good . I’m broke , I need the money , and that stresses me out , bad . Other than that , my mind is clear at the moment . Although I am worried about a couple things , they aren’t bothering me at the moment . Probably because I’m at work .",2022-01-25T20:03:39.000000,2,false,0.0,1.0,0.7611666666666667,0.9982424242424243
17,1003,"So this morning I had school . Biology so far . That Shìt messed with my mind ! I’m not good with science . Other than that , I am good today . I feel okay and have a pretty good outlook so far today . Work tonight after school , not looking forward to that with the exception of I need money .",2022-01-26T10:39:06.000000,2,false,1.0,1.0,1.6539130434782612,0.6722307692307693
17,1004,"I feel okay besides hurting . My mental clarity is good right now . I’m not happy or sad , just content I guess . I still don’t want to work tonight but I know I need the money . I’m going to school so if I can get through this , I’ll be good .",2022-01-26T15:22:06.000000,2,false,0.0,1.0,1.378782608695652,0.843923076923077
17,1005,"I’m done with work and   mode a little money , so I’m happy about that . I do not need to drink to feel happy or not be   stressed   out . I’m off tomorrow and that also makes me happy . I’m pretty good tonight . Content .",2022-01-26T21:43:55.000000,2,false,1.0,1.0,1.7164444444444444,0.994
17,1006,"I just got up not long ago , no school or work today . I’m off , just need to go work on my school work . So I’m clam , and comment right now . Hurting   a little , but I’m okay . I get to go get my grandson later , he’s2 , so that makes me happy to that I get to spend some time with him . Have a great day !",2022-01-27T10:02:43.000000,2,false,1.0,1.0,1.3417931034482762,0.9575151515151515
17,1007,"My grandson has stayed with me tonight . He’s two and not listening and my head hurts . I’m also trying to study biology . I can say the three do not go together . I just wish my head would quit hurting , and my legs . It’s my night off !! Can I not get a break from life once in a while ?? Why does life have to be so damned hard at times ??",2022-01-27T20:01:40.000000,2,false,-2.0,0.0,0.87952,0.7706875
17,1008,"I’m trying to do homework , I have a Paper due this Somali that I’m working on . It’s going well , so far . So that helps with my sanity . lol . I’m okay , as far as right now . I have to work tonight , not looking forward to that with the exception that I need money , so I’ll make it through it . Maybe not happy , until I get off , but I’ll get more money for my bills and such . That does a lot for my mental stability .",2022-01-28T10:02:36.000000,2,false,1.0,0.0,0.9954482758620692,0.8363
17,1009,"I don’t feel good . Mentally and physically . I’m hurting bad and tired as hell . Still got to work . Still got to have that money to pay my bills . I was I was rich sometimes , not all   the time . Sometimes I’m content , sometimes , it would just be easier to gave money . Thinks will look up",2022-01-28T15:20:22.000000,2,false,-1.0,0.0,1.0007619047619047,1.0128666666666666
17,1010,"My head hurts . That makes everything bad . I didn’t have to work tonight , they sent me home as extra . I needed to stay and work , I needed the money . But at the same time , I was happy to go cause I don’t feel good at all . I’m not sick , just getting old sucks .",2022-01-28T20:00:59.000000,2,false,-2.0,0.0,0.9493333333333334,0.9480000000000001
17,1011,"I feel pretty good this morning and I’m at work . We will see how things go today . On how I feel later , and tonight . I have to work a double , so tonight too . But then I’m off for two days , so hopefully they show me to stay for both shifts , cause I need the money . Overall , I’m content and calm right now .",2022-01-29T10:19:50.000000,2,false,2.0,0.0,1.6190400000000003,0.653448275862069
17,1012,"I still feel okay right now . Hopefully I continue to through work tonight . I have a lot on my mind right now . Stuff going on with my house , they see trying to take it because I was late through COVID . I owe nothing , but she still wants it back . I’m up to date with my payment . I don’t get it and that messes with my head , I’d like to know why !!!",2022-01-29T16:34:41.000000,2,false,1.0,0.0,0.9328,0.6600975609756097
17,1013,"I’m At work . It’s busy . Making a little cash , so that’s a good thing . I’m feeling okay tonight . Just worried about my house really . And money . It’s been slack here lately . But January is always bad . It’ll get better though . Won’t always be bad",2022-01-29T20:35:08.000000,2,false,0.0,1.0,0.5798095238095238,0.6732631578947368
17,1014,"I don’t feel that bad , yet . I get so tired of not feeling good . Getting old sucks ass !! I’m trying to work on school work , not really getting anywhere but I have a couple of things due today , and something due by the first that I need to work on today . I have school first thing in the morning , so I can not do it then . I’ll just have to trudge away at it today .",2022-01-30T10:12:37.000000,2,false,0.0,1.0,0.8936470588235293,0.8473513513513513
17,1015,"I’m trying to study . My legs are hurting , but I’m trying to move past that thought . I just need to accept that I’m going to hurt and most days I don’t feel good , I guess . If it isn’t one thing , it’s another ! A headache , or I’m tired , or my legs hurt , it’s always something ! Other than that , mentally I’m okay . I’m off today and my boyfriend is home too .",2022-01-30T15:01:33.000000,2,false,1.0,0.0,0.503,0.8968666666666667
17,1016,"I don’t feel good , again . I get so tired of this Shìt ! My legs are hurting so bad ! They have since I was little though and I’m46 , you think I would be used to it by now . But I’m not . I get so tired of feeling bad . I’m miserable . I just hate to feel like this .",2022-01-30T20:01:21.000000,2,false,-2.0,0.0,0.04545454545454544,0.82075
17,1017,"I’m in school . I’m On break at the moment . 5 minutes . lol . Anyway , I feel okay right now . Just need to study this biology , because most of it I do not get . That makes me nervous about passing the class !!! But I’m trying . Hopefully I feel okay today . No work , so there’s that . Still worried about my home . That won’t stop until I know what’s going on .",2022-01-31T10:16:26.000000,2,false,1.0,1.0,0.9161428571428571,0.7785000000000001
17,1018,My head hurts and I’m trying to study . Not working too well . I guess I couldn’t have felt good all day ? Is that too much to ask ? That I feel okay every now and again ? Life sucks sometimes ! I wish I were rich and felt good . Then things would not be so hard .,2022-01-31T20:13:35.000000,2,false,0.0,1.0,1.2410434782608697,0.8343846153846154
17,1019,"I just got off work . I actually feel okay for once . And I went to school today too . I’m surprised . Still worried about my house . But this too shall pass , right ? I’m content tonight . For the first time in days .",2022-02-02T21:36:24.000000,2,false,1.0,0.0,1.044,0.7894444444444444
17,982,"I’m good right now . I feel content . Calm . Just trying to get some school work done . Studying biology . Fun fun ! But I feel okay today . I’m off today as well , so no work . But I’ma double tomorrow , so I have a lot of school work to get done today . Talk to you more soon !",2022-02-03T10:18:19.000000,2,false,2.0,0.0,2.064774193548387,0.7480689655172414
17,983,"I do not feel well . I keep feeling dizzy . If it wasn’t for that I would feel fine . Like I said before , it is always something ! I’m trying to do school work and it is hard to do when you feel dizzy , but I have so much I need to work on right now . I will get it done somehow .",2022-02-03T16:57:19.000000,2,false,-2.0,0.0,1.3073599999999999,0.85875
17,984,"I’m okay . Just got done eating . I feel better this evening than I did earlier this afternoon . I’m tired , but I feel okay . I’m content . I’m good right now . Not long before I’m going to bed . I have to work a double tomorrow . Yay me !! I’ve got so much school work , I need to work on it instead , but I got to get that money too for my bills .",2022-02-03T22:33:29.000000,2,false,2.0,0.0,1.488857142857143,0.9596111111111111
17,985,"I’m at work . I am feeling okay so far today , but I am a double , so we will see what happens . Hopefully I will continue to feel well and stay content with how things are . I wish I knew what was going to happen with my home , that would take a load off of me ! I would be in such a better mind set of that was just over with ! I do not like not knowing what will happen . Hopefully it will all turn out ok and I am worrying for nothing .",2022-02-04T10:11:13.000000,2,false,2.0,0.0,1.3451891891891894,0.753720930232558
17,986,"I’m at work . I feel ok , but I am pissed . I am a double and they will not cut me . For god sake’s , I’ve got to come back ! Why are they keeping me here !? I have an empty section . This is PERSON  . Other than that , I’m ok still",2022-02-04T15:01:44.000000,2,false,0.0,1.0,0.5538666666666666,0.7443529411764707
17,987,"I feel dizzy again , and that makes me not feel well . If that wasn’t the case , besides being extremely tired , I would be fine . I got sent home from work as an extra , I needed to stay and work , I needed the money . Hopefully I will work tomorrow night , and feel good tomorrow .",2022-02-04T21:34:24.000000,2,false,-2.0,0.0,1.4946153846153842,0.8963448275862069
17,988,"I feel ok . I’m trying to get some homework done before work at 3 : 45 . I have some assignments due tomorrow by midnight . I don’t feel bad , but I don’t feel great either . I’m just okay . I’m not anxious , I’m calm . Just trying to work on some stuff . I’ll get it done . I always do .",2022-02-05T10:04:17.000000,2,false,2.0,0.0,1.0293846153846153,0.91904
17,989,"I am currently okay . I do not feel bad , but I do not feel good . If that makes sense . I’ll take it , beats feeling bad all the time ! I have to work in about 45 minutes , not looking forward to that . But I’ll get through it .",2022-02-05T15:00:46.000000,2,false,1.0,0.0,0.8813333333333333,0.9103478260869565
17,990,"I’m at work . I’m feeling okay tonight/today . Thankfully . I hate feeling bad , and I feel bad so much . It gets so tiring ! I’m still worried about my house , but that’ll pass too . Hopefully sooner than later . Other than that , I am good today .",2022-02-05T20:03:07.000000,2,false,2.0,0.0,0.35688888888888887,0.6817894736842105
17,991,"I’m feeling okay today , so far . I have some school work to do , but do not really feel like doing it today . But I’ll end up working on it at some point . I have not been up long , so we will see how I feel later . But right now I’m good .",2022-02-06T10:04:15.000000,2,false,1.0,1.0,1.2924615384615383,0.7343870967741934
17,992,"I am doing homework . Biology . Yuck . Anyway , I still feel okay . I’m off today and tomorrow , but I have school tomorrow . At 8 : 00 am . So no work until Tuesday night . That’s good . I get so tired of working , busting   my ass for money that just disappears . But you have to have it ! Life sucks at times . lol . I really am okay right now .",2022-02-06T15:01:16.000000,2,false,2.0,0.0,1.0496551724137935,0.646
17,993,"I’m tired . I’ve been sitting at my computer all day doing school work . I’m ready for bed , but I still haven’t done everything I needed to get done before tomorrow . Oh well . Not much I can do . So I’m a little stressed about that .",2022-02-06T22:08:24.000000,2,false,-1.0,0.0,0.9153999999999998,0.4779130434782608
17,994,"I’m okay today . I feel okay so far . Test next week in biology , not looking forward to that . Nervous about that . That stresses me because I’m not that good with science , and math . Hopefully I continue to feel ok today . Feeling bad sucks .",2022-02-07T10:43:57.000000,2,false,1.0,0.0,0.5334736842105263,0.8664
17,995,"Feeling okay today . I’m ready to go home . Got more school work to do . I’m off tonight , so that is a good thing . I am already tired , so at least I know I can go to bed early if I need to . I’m content and calm today",2022-02-07T15:22:56.000000,2,false,2.0,0.0,1.4106666666666667,0.5246153846153846
17,996,"I am working in school work , really tired tonight . I still have a lot to do . I feel okay , I am just tired . Tired of thinking about my home , what they going to do . I wish they would go ahead and do what they going to , because I am tired of worrying about it .",2022-02-07T20:27:53.000000,2,false,2.0,0.0,0.5247619047619047,0.8076153846153846
17,997,"I’m feeling okay today , so far anyway . School work right now . I work at 4 : 45 . I need the money , or I would not go . I would just concentrate on my school work . I wish I could do that . That would be so much simpler . Hopefully I continue to feel okay , through tonight , through work .",2022-02-08T10:33:54.000000,2,false,2.0,0.0,1.5918260869565217,0.7987878787878788
17,998,"I’m feeling okay , and a little accomplished I guess . Been working diligently on school work and that makes me feels good to get it done , and to get a good grade . Bad grades   stress me . But I funny have any bad ones yet . I have to get ready for work , that’s what I’m doing now . So yeah , with tonight . Hopefully I feel okay through that .",2022-02-08T15:20:34.000000,2,false,2.0,0.0,1.4459310344827592,0.8948235294117647
17,999,"I feel okay . Just got off of work , going home . I have class at 8 am . I have felt pretty good today , thankfully . I hate so much to feel bad . But today has been a good day . I am still worried about my home though , we’ll be until I know what’s going on",2022-02-08T21:44:51.000000,2,false,2.0,0.0,1.541230769230769,0.7838518518518519
17,1037,"Sad , Depressed , Tired , Spent , Dragging",2022-04-28T20:29:00.000000,3,true,-1.0,1.0,-2.6616,0.7796000000000001
17,1038,"Content , Happy , Good , Solid , Transparent",2022-04-29T10:00:00.000000,3,true,1.0,1.0,2.3792,0.5428
17,1039,"Sad , Alone , Left , Things left unsaid , Content",2022-04-29T15:47:00.000000,3,true,-1.0,1.0,-0.8213333333333335,0.020571428571428574
17,1040,"Content , Happy , Making money , Busy , Tired",2022-04-29T20:38:00.000000,3,true,2.0,0.0,1.0039999999999996,0.956
17,1041,"Happy , Content , Lively , Ready to make money , Excited",2022-04-30T10:01:00.000000,3,true,2.0,1.0,2.6394285714285712,1.3931428571428572
17,1042,"Content , Happy , Sad (death in family) , Lively , Excited",2022-04-30T15:44:00.000000,3,true,2.0,1.0,1.4119999999999997,1.4045714285714286
17,1043,"Tired , Exhausted , Sad , Home sick , Lonely",2022-04-30T20:20:00.000000,3,true,-1.0,0.0,-1.7586666666666668,0.33333333333333337
17,1044,"Calm , Content , Sluggish , Tired , Serene",2022-05-01T10:01:00.000000,3,true,2.0,0.0,0.46399999999999997,-0.2647999999999999
17,1045,"Tired , Exhausted , Lonely , Sad , Depressed",2022-05-01T15:15:00.000000,3,true,-1.0,0.0,-2.8048,0.3951999999999999
17,1046,"Content , Scared , Limited , Busy , Rushed",2022-05-01T20:13:00.000000,3,true,2.0,0.0,-0.9179999999999999,0.8626666666666667
17,1047,"Sluggish , Tired , Exhausted , Falling asleep , Mentally exhausted",2022-05-02T10:08:00.000000,3,true,-2.0,0.0,-2.132,0.4860000000000001
17,1048,"Awake , Thriving , Joyful , Happy , Smiling",2022-05-02T15:03:00.000000,3,true,2.0,0.0,3.2008,1.4015
17,1049,"Happy , Joyous , Content , With friends , Out to eat",2022-05-02T20:01:00.000000,3,true,2.0,0.0,2.9992000000000005,1.1480000000000001
17,1050,"Happy , Quiet , Little stressed , Content , Worried",2022-05-03T10:11:00.000000,3,true,2.0,0.0,0.25933333333333336,0.8763333333333333
17,1051,"Stressed , Late on schoolwork , Busy , Worried , Content",2022-05-03T15:01:00.000000,3,true,1.0,0.0,-1.3248000000000002,1.218
17,1052,"Making money , Busy at work , Stressed about school , Excited , making money , Excited , school almost over",2022-05-03T20:10:00.000000,3,true,1.0,2.0,1.4288,1.5026666666666668
17,1053,"Sad , Depressed , Broke , Stressed , Unhappy",2022-05-04T10:09:00.000000,3,true,-1.0,1.0,-2.7632,1.108
17,1054,"Tired , Sluggish , Exhausted , Grumpy , Alone",2022-05-04T15:06:00.000000,3,true,-2.0,0.0,-2.3952,0.47120000000000006
17,1055,"Tired , Ready to go home , Sluggish , Mentally tired , Emotionally tired",2022-05-04T20:23:00.000000,3,true,-2.0,0.0,-1.036,0.534
17,1056,"Content , Awake , Just getting up , Relaxing , Calm",2022-05-05T10:00:00.000000,3,true,2.0,0.0,2.141142857142857,0.801
17,1057,"Okay , Awake , Ready for work , Ready to make money , Still tired in a way",2022-05-05T15:03:00.000000,3,true,1.0,1.0,1.0822222222222224,0.5236
17,1058,"Busy   at work , Joyous , Making money , Content , Happy",2022-05-05T20:11:00.000000,3,true,1.0,1.0,2.239333333333333,1.252
17,1059,"Content , Tired , Just waking up , Sleepy , Happy",2022-05-06T10:09:00.000000,3,true,1.0,1.0,1.4873333333333332,0.8952
17,1060,"Not feeling good , Tired , Very sluggish , Hurting , Sleepy",2022-05-06T15:01:00.000000,3,true,-2.0,0.0,-0.08971428571428572,0.3606666666666666
17,1061,"Ready to go home , Not making Shìt tonight , Feel bad , Terrible , Tried",2022-05-06T20:46:00.000000,3,true,-1.0,0.0,0.1791999999999999,1.20975
17,1020,"Content , Tired , Sleepy , Sad , Exhausted",2022-05-07T10:01:00.000000,3,true,-2.0,0.0,-1.0544,0.19520000000000004
17,1021,"Sad , Depressed , Lonely , Broke , Tired",2022-05-07T15:13:00.000000,3,true,-1.0,1.0,-2.6095999999999995,0.5288
17,1022,"Busy at work , Really busy , Tired , Exhausted , Making money",2022-05-07T20:21:00.000000,3,true,0.0,1.0,-0.5133333333333333,0.9440000000000001
17,1023,"Off work , Tired , Sluggish , Need to study for exams , Stressed",2022-05-08T10:03:00.000000,3,true,1.0,1.0,-0.89,0.8079999999999999
17,1024,"Sad , Depressed , Alone , Not enthusiastic , Worried",2022-05-08T15:03:00.000000,3,true,-1.0,1.0,-1.5024000000000002,1.1096
17,1025,"Content , Tired , Happy , Smiling , Worried still",2022-05-08T20:02:00.000000,3,true,2.0,0.0,0.664,0.833
17,1026,"Content , Worried about grades , Don’t feel good , Tired , Calm",2022-05-09T10:01:00.000000,3,true,2.0,0.0,0.7973333333333333,0.6034285714285714
17,1027,"Sad , Worried , Stressed , Unhappy , Tired",2022-05-09T15:03:00.000000,3,true,0.0,1.0,-2.8432000000000004,1.214
17,1028,"Tired , Busy , School work , Last 2 days of school , A lot to do",2022-05-09T20:17:00.000000,3,true,0.0,1.0,0.2700000000000001,0.5914285714285714
17,1029,"Busy bee , Awake , Content , School work , Last 2 days of school",2022-05-10T10:05:00.000000,3,true,0.0,1.0,1.0000000000000002,0.6466666666666667
17,1030,"Studying , Busy , Work soon , Content , Calm",2022-05-10T15:00:00.000000,3,true,2.0,0.0,1.52,0.2559999999999999
17,1031,"Busy   at work , Making money , Content , So so happy , Tired",2022-05-10T20:50:00.000000,3,true,2.0,0.0,1.1286666666666667,1.0416
17,1032,"Tired , Exhausted , Sluggish , Sleepy , Want a nap",2022-05-11T11:39:00.000000,3,true,-2.0,0.0,-0.7906666666666666,0.1299999999999999
17,1033,"Content , Very tired , Very busy , Last day of school , Paper for school , busy",2022-05-11T15:00:00.000000,3,true,0.0,1.0,0.3024000000000001,0.20800000000000007
17,1034,"Busy   at work , Tired , Worried , Stressed about a paper , I need to go",2022-05-11T20:01:00.000000,3,true,2.0,0.0,-1.5888000000000002,1.0657142857142856
17,1035,"Just waking up , Work last night late , Content , Tired , Awake",2022-05-12T10:01:00.000000,3,true,0.0,1.0,0.4808888888888889,0.7955000000000001
17,1036,"No more papers , No more school right now , PERSON , Going to work now , Make some money",2022-05-12T15:19:00.000000,3,true,1.0,1.0,1.8328,0.9786666666666667
17,1075,"I am very tired . I am jus getting up . I am actually still in the bed . Hopefully , I will feel ok today . I work this evening . I hate going to work feeling bad . It makes for such a long evening . I have a ton of schoolwork to do . I don’t know how to get that done when I have to go pick up my daughter every day because she will not go get her license .",2022-09-01T10:05:26.000000,4,false,-2.0,0.0,1.0918620689655172,0.8814054054054055
17,1076,"I feel okay today . I feel happy and good so far today . I am on my way to work , I need some money . Behind on some things . I’m hungry , and that makes me feel ill when I’m starving . So I need to eat when I get to work so I feel better in that aspect .",2022-09-01T15:09:48.000000,4,false,1.0,1.0,1.187,1.0038461538461538
17,1077,"I am feeling alright today . Not hurting   too bad . It’s not been too awful busy   at work . I got a good nights sleep , so that helps me not be tired I’m almost done with work , an hour left . Yaaay . Then I can go home and see my man . That makes me happy .",2022-09-01T20:01:27.000000,4,false,1.0,1.0,0.5910909090909091,0.7766923076923077
17,1078,"I feel good today , so far . I am on my way to work , so we shall see how the evening progresses . I am really hungry , so I need to eat , that is the only part that feels bad right now . I am happy . Not as stressed about money today . That also helps .",2022-09-02T15:00:55.000000,4,false,2.0,0.0,0.8955555555555557,0.9015652173913042
17,1079,"I am busy at work , well if You want to call it busy . I am outside in a shitty section , just like the last ten weekends . I’m not making anything . Fixing to try to switch restaurants . I am just sick of their Shìt .",2022-09-02T20:07:11.000000,4,false,2.0,0.0,0.3274666666666668,0.8115714285714286
17,1080,"I am okay today . I am a little tired , did not go to bed as early as I wanted . I am at work , yaaaay . Lol . I have to work a double today . Not looking forward to working ALL day , but I do need the money . Mentally I’m okay , a little stressed about money I guess . I’m happy other than that .",2022-09-03T10:21:22.000000,4,false,1.0,0.0,1.0609599999999997,0.8128
17,1081,"I hate my job . I am getting to the point I want to walk out every time I am there , due to the unfairness there ! I get so tired of the favoritism . Other than that and worrying about money , I am okay . I feel okay today .",2022-09-03T15:33:10.000000,4,false,0.0,1.0,0.25355555555555553,1.0138
17,1082,"I am at work . I am so tired , I am ready to go . I have worked all day , with an hour break . I don’t think I have really made anything , which makes me stress more . I’m happy mentally , but I am stressed and I’m tired . My feet are also hurting bad .",2022-09-03T20:26:59.000000,4,false,1.0,1.0,0.18199999999999994,0.9737894736842105
17,1083,"I am tired because I am just getting up . I haven’t slept this late In ages . I must have needed it . Other than that , I am okay . My mind is clear , I’m off work today and tomorrow , so I can relax and get some school work done .",2022-09-04T12:43:53.000000,4,false,-1.0,0.0,1.0546086956521739,0.7116
17,1084,"I do not feel the best today , so far anyway , but I have not been up long . No work or school today , so I am happy about that . That gives me the whole day , just for me , well for Me and schoolwork . I have some assignments due this weekend .",2022-09-05T10:06:28.000000,4,false,-1.0,0.0,1.9543157894736845,0.7884545454545455
17,1085,"I am good . I am doing homework today . I have assignments due this week , several . So I’ve been reading and doing quizzes . I feel okay today . Just paid my rent , so that’s off my chest . Got several bills coming up soon , and these are all already passed due . I have to get them in before the PERSON period ends . So that’s stressful . I hate bills .",2022-09-05T15:01:04.000000,4,false,1.0,0.0,0.8664999999999999,0.7505714285714284
17,1086,"I’m okay , I’m good . I’ve been doing homework all day , no work . Just a little stressed about bills is all . I have several things I need to post in the next couple weeks . That worries me because they are already behind . Other than that , I am okay .",2022-09-05T20:00:52.000000,4,false,2.0,0.0,0.47759999999999997,0.6466086956521739
17,1087,"I feel good this morning . I’ve been working on school work again . That keeps me from being bored , cause when I’m in school , I have plenty to do . I am still stressed about money , but it usually works itself out . So I am hoping it well this time as well .",2022-09-06T10:01:21.000000,4,false,2.0,0.0,1.4496363636363638,0.6337692307692306
17,1088,"I am feeling good . Just got to work , and I are when I got here . That’s always a help because it makes me nauseous when I’m super hungry . Hopefully tonight goes well and I make good money . I sure need it . Have a good evening !!",2022-09-06T15:40:17.000000,4,false,2.0,0.0,1.6269473684210531,1.0060869565217392
17,1089,"Fixing to get off of work , so that makes me happy . I am almost done with my sidework , got everything else done , then I can go home . Yaaay ! I feel good and I’m happy/content today . Stressed about money , but that’s all really .",2022-09-06T21:18:45.000000,4,false,2.0,0.0,1.5194666666666665,1.0788235294117647
18,1292,"Content , Calm , Happy , Indifferent , Fine",2022-04-30T20:06:00.000000,3,true,2.0,0.0,2.1607999999999996,0.1824
18,1293,"Calm , Tired , Slightly anxious , Distracted , Nuetral",2022-05-01T10:05:00.000000,3,true,0.0,0.0,-0.8879999999999999,0.5264
18,1294,"Slightly anxious , Time crunched , Quiet , Neutral , Easy",2022-05-01T15:00:00.000000,3,true,0.0,1.0,0.6413333333333333,0.2496666666666666
18,1295,"Content , Excited , At home , Happy , Jazzed",2022-05-01T22:29:00.000000,3,true,2.0,1.0,3.0369999999999995,1.232
18,1296,"Calm , Excited , Content , Capable , Tired",2022-05-02T10:07:00.000000,3,true,1.0,2.0,1.4991999999999996,0.7448
18,1297,"Focused , Content , Excited , Happy , Optimistic",2022-05-02T15:05:00.000000,3,true,2.0,2.0,3.287,1.5419999999999998
18,1298,"Content , Happy , Excited , Tired , Calm",2022-05-03T10:41:00.000000,3,true,2.0,0.0,1.8631999999999997,0.8632
18,1299,"Content , Calm , Tired , Comfortable , Fine",2022-05-04T12:09:00.000000,3,true,1.0,0.0,1.6224,-0.1472
18,1300,"Content , Calm , Chill , Neutral , Excited",2022-05-05T15:33:00.000000,3,true,1.0,1.0,2.1648,0.3336
18,1301,"Slightly anxious , Slightly annoyed , Excited , Content , Jittery",2022-05-07T10:22:00.000000,3,true,-1.0,2.0,-0.18171428571428577,1.4508571428571428
19,1308,"Pain , Fatigue , Tired , Busy , Swamped",2021-06-10T12:01:06.000000,1,true,-2.0,0.0,-2.5648000000000004,0.9466666666666667
19,1309,"Tired , Anxious , Overwhelmed , Scattered , Under pressure",2021-06-11T12:06:56.000000,1,true,1.0,2.0,-1.8960000000000001,1.018
19,1310,"Tired , Busy , Annoyed , Overwhelmed , Swamped",2021-06-12T12:01:41.000000,1,true,0.0,2.0,-2.1952,1.3733333333333333
19,1311,"Tired , Stressed , Overwhelmed , Busy , Behind",2021-06-13T12:04:47.000000,1,true,-1.0,0.0,-1.704,1.073
19,1312,"Stressed , Busy , Running behind , Unappreciated , Tired",2021-06-14T12:01:34.000000,1,true,0.0,1.0,-1.264,1.1456
20,1317,"Stress , Happy , Sad , Upset , Anamosity",2021-06-14T21:58:50.000000,1,true,-1.0,0.0,-1.077,1.591
20,1318,"Stress , Relief , Relaxed",2021-06-15T16:50:37.000000,1,true,-1.0,1.0,1.0186666666666666,0.5546666666666666
23,1341,"I have been tired , just getting my one day off to rest before going back to work . But also happy to be at home with my family and doing work around the house . It’s draining to only get one day to recoup after working 50 + hours .",2021-05-08T14:53:25.000000,1,false,-2.0,0.0,1.3059130434782609,0.6475833333333334
23,1342,"Very tired , it’s allergy season so I am starting to get a cold . Plus i have been working about 60 + hours a week so it’s hard to get any good rest , especially with two kids waking me up early am . I am also driving two hours one way to work , so there’s a lot taking it’s toll on me .",2021-05-10T14:07:42.000000,1,false,-2.0,0.0,1.0541999999999998,0.6682727272727274
23,1343,Still the same as yesterday . Just getting sick from allergies and having to drive two hours to work . It’s been tough but I’m still doing it for my family . I’m looking forward to a few days off soon so I can do some work at home .,2021-05-11T13:21:34.000000,1,false,0.0,1.0,0.6975555555555556,0.5401052631578948
23,1344,"Feeling ok , again just very tiered from work . Plus it was hard to find gas today since everyone was hoarding it all so it was a long day all around . After another drive back home tonight I will be off for two days so looking forward to that .",2021-05-12T22:26:54.000000,1,false,-2.0,0.0,1.1923809523809528,0.6347692307692308
23,1345,"Last day at work so it was a easier day since I’ll be off for two days . But a little stressed since it’s hard to find gas and when that will be fixed , also since I don’t know my schedule for next week .",2021-05-13T14:31:14.000000,1,false,1.0,1.0,0.3428235294117647,0.5298260869565217
23,1346,It’s been two days off so I’m pretty good and finally getting some better rest . I have been able to get up with my kids in the morning which is extremely nice to get up and take them to school . It’s also nice not to have to drive 4 hours each day to get to work .,2021-05-14T14:44:03.000000,1,false,1.0,1.0,2.0333846153846156,0.9410833333333333
23,1347,"Up until now I have been in a fairly good mood . Got to sit down to work on financials for the family and do some yard work , but the impending doom of going back to work is weighing in . It’s not that I don’t like my “job” I just don’t like who I do it for .",2021-05-15T16:01:33.000000,1,false,0.0,1.0,1.2472380952380948,0.9665384615384616
24,1410,"Exhausted , Drained , Unfocused , Stressed , Hot",2021-06-08T12:57:17.000000,1,true,-2.0,0.0,-2.467,1.0276
24,1411,"Tired , Achy , Grumpy , Anxious , Lethargic",2021-06-09T12:05:19.000000,1,true,-1.0,0.0,-2.4240000000000004,1.468
24,1412,"Tired , Headachey , Hot , Sneezy , Grumpy",2021-06-10T17:04:50.000000,1,true,1.0,0.0,-2.708,1.4866666666666666
24,1413,"tired , frustrated , grumpy , lethargic , hot",2021-06-11T17:01:48.000000,1,true,-1.0,2.0,-2.766,1.2088
24,1414,"Tired , Lethargic , Nitpicky , Grumpy , Unfocused",2021-06-11T22:19:34.000000,1,true,1.0,2.0,-2.593,0.5605
25,1487,"I am currently feeling tired and sleepy , lack of sleep .   Had enough to socialize with friends . I also had lack of appetite . I work up today thinking it would be a good day but I soon realized my outlook was very pessimistic .",2021-06-08T12:04:51.000000,1,false,1.0,0.0,1.1045714285714285,0.5340952380952381
25,1488,"Woke up early than usual-6am ! It was a nice day out , so I went to FAC  and walked around .   Felt good about myself . No hangover and no headache .   I felt I had alot of energy to do alot of things in GPE  .",2021-06-09T12:01:59.000000,1,false,1.0,1.0,1.333,1.0767058823529412
25,1489,I ' m feeling great .   Went to work and socialized with co-workers . My boss even recognized my spirited personality today . Didn ' t even feel depressed or drained from work .   I felt emotionally stable .   I hope to feel this way tomorrow .,2021-06-10T22:00:33.000000,1,false,2.0,1.0,1.6319999999999997,0.9586
33,2090,"Tired , Not motivated , Lazy , Happy , Sad",2021-05-25T12:01:44.000000,1,true,-1.0,0.0,0.10880000000000001,1.0024
33,2091,"Tired , Anxious , Sad , Happy , Depressed",2021-05-26T12:14:03.000000,1,true,-1.0,0.0,-1.364,1.164
33,2092,"Sad , Anxious , Happy , Restless , Tired",2021-05-27T12:01:17.000000,1,true,-2.0,1.0,-1.052,1.456
33,2093,"Happy , Tired , Anxious , Neutral , Calm",2021-05-28T12:01:06.000000,1,true,0.0,1.0,0.388,0.7288
33,2094,"Calm , Happy , Mad , Excited , Anxious",2021-05-29T12:05:28.000000,1,true,1.0,1.0,1.2408,1.7711999999999999
33,2095,"Happy , Excited , Anxious , Sleepy , Tired",2021-05-30T12:04:38.000000,1,true,2.0,1.0,0.6567999999999999,1.3864
33,2096,"Happy , Excited , Calm , Tired , Hopeful",2021-05-31T13:25:20.000000,1,true,2.0,1.0,2.156,0.9119999999999999
33,2097,"Tired , Anxious , Happy , Sad , Mad",2021-06-02T12:01:08.000000,1,true,1.0,1.0,-1.052,1.5064
33,2084,"Happy , Anxious , In pain , Sad , Neutral",2021-06-03T12:30:28.000000,1,true,1.0,1.0,-0.7864000000000001,1.3136
33,2085,"Happy , Sad , Mad , Anxious , Tired",2021-06-04T12:47:44.000000,1,true,1.0,1.0,-1.052,1.5064
33,2086,"Happy , Irritated , Sad , Mad , Neutral",2021-06-05T13:08:49.000000,1,true,0.0,1.0,-0.6152000000000001,1.3527999999999998
33,2087,"Mad , Angry , Anxious , Happy , Sad",2021-06-06T13:25:16.000000,1,true,0.0,1.0,-1.0568000000000002,1.9168
33,2088,"Sleepy , Tired , Sad , Mad , Anxious",2021-06-07T13:40:49.000000,1,true,0.0,1.0,-1.6736,1.0184
33,2089,"Happy , Excited , Anxious , Neutral , Sad",2021-06-08T12:46:39.000000,1,true,1.0,1.0,0.6007999999999999,1.4464
33,2115,I did not sleep well so I feel tired . I do not feel like I am read to start the day because I feel sluggish . I feel overwhelmed because I have so much to do today . I wish I would have slept better so I would feel better overall and be ready to tackle the day instead of wanting to stay in bet for the rest of the day .,2022-01-26T10:03:01.000000,2,false,-1.0,0.0,1.4395151515151516,0.7076923076923076
33,2116,I am feeling pretty happy . After I got ready for the day I felt less sluggish and it’s easier to get everything done that I needed to today . I feel a little tired from not sleeping well But I feel a lot better than I did this morning .,2022-01-26T15:03:33.000000,2,false,1.0,1.0,1.3716521739130436,0.6377499999999998
33,2117,I went to the gym after work and made dinner at home so I feel relaxed and accomplished . I feel calmer than I felt in the morning when I woke up because I was stressed out in the morning about the things I have to accomplish all through the day .,2022-01-26T20:09:54.000000,2,false,2.0,0.0,1.8228888888888888,1.0320909090909092
33,2118,I Slept pretty well last night so I feel rested and ready to start my day . I don’t feel as anxious or overwhelmed as I did yesterday . I feel pretty happy and in a good mood and overall just feel good . I feel a lot better than yesterday .,2022-01-27T10:57:16.000000,2,false,2.0,0.0,1.8815,0.8525
33,2119,I had a productive day and feel pretty happy . I feel like I accomplished a lot today . I feel like a had a great day at work and everything went smooth and everyone was nice and happy . I feel like today was a good day overall .,2022-01-27T20:01:41.000000,2,false,1.0,1.0,2.33376,0.8326153846153845
33,2120,I feel somewhat tired because I went to bed super late . I feel a little sluggish but not too bad to start start my day . I kinda regret going to bed so late just because today will be a long day . Overall I just feel neutral not sad but not too happy either .,2022-01-28T10:38:51.000000,2,false,0.0,1.0,0.5085925925925926,0.6623225806451614
33,2121,I feel sluggish and tired . I had a long day at work and regretted going out and staying up too late last night . I wish I had more energy to get things done today . I wish I would have slept a little more and better so I would not feel all day today .,2022-01-28T15:02:08.000000,2,false,-2.0,0.0,1.194,0.761
33,2122,"I am feeling very neutral , not happy but not sad either . I feel like I have accomplished everything I needed today and can just relax for the night because I’ll have a long weekend ahead of me . I just wish I did not feel as sluggish as I did early in the day .",2022-01-28T20:44:01.000000,2,false,0.0,1.0,1.3363076923076922,0.7202399999999999
33,2123,I stayed up fairly late last night to finish my homework but I did sleep pretty good so I woke up rested and content . I feel calm and pretty happy and feel like I’m ready to tackle the day . On the weekends I always have a ton of errands and things to do but I’m not anxious or anything today because I slept well last night .,2022-01-29T10:42:45.000000,2,false,1.0,0.0,1.4148749999999999,0.7735294117647059
33,2124,I had a long day at work so I just feel sluggish and tired . I feel like today was just crazy busy and I had to deal with a lot which made me feel sluggish and tired . My mood overall is kind of neutral because I am not sad but I’m not very happy either .,2022-01-29T16:53:18.000000,2,false,-2.0,0.0,0.5708799999999999,0.69225
33,2125,I have been cleaning my house after work so I just feel very neutral and relaxed . I am not feeling anxious or anything just more of a neutral mood and when I feel like that I feel like cleaning is a good relaxation for me .,2022-01-29T22:11:22.000000,2,false,0.0,1.0,1.6243478260869566,0.5438947368421052
33,2126,I slept well last night and feel well rested and pretty happy . I am excited for today because I don’t have to work and get to watch football with friends . I got everything that I needed done early in the week so today I just get to relax and enjoy the day .,2022-01-30T11:01:36.000000,2,false,2.0,1.0,2.21008,0.8482962962962963
33,2127,I’m feeling pretty excited to be able to watch the football game so I am pretty happy . I am feeling nervous just because I want my team to win but overall I’m just feeling happy that I got my week done and over with and can relax today .,2022-01-30T15:01:14.000000,2,false,2.0,1.0,2.0978333333333334,1.077913043478261
33,2128,Got to watch my home team win and I am extremely happy about that . I feel very calm and excited because of our hometown football team and their win . I don’t feel anxious or anything just super happ and very excited .,2022-01-30T20:21:24.000000,2,false,2.0,1.0,2.1094,1.4089
33,2129,I feel super sluggish because I might have eaten something that did not agree with my stomach so I did not sleep well at all and kept getting sick through the night . I feel like I did not drink too much so it had to be the food that I ate . I wish I did not have to work today because I know I’ll feel sluggish all day .,2022-01-31T10:02:20.000000,2,false,-2.0,0.0,1.1818461538461538,0.946923076923077
33,2130,I just do not feel good today so I feel very sluggish and tired . I feel like I am just slumping around because I do not feel good and did not sleep well either . I hope I get to go home and relax for awhile after I get off work and maybe I will start feel better .,2022-01-31T15:03:32.000000,2,false,-2.0,0.0,1.7016774193548387,0.7458
33,2131,I have not been feeling well today so I am just laying around the house and feel pretty neutral . I hope I feel better tomorrow after getting some sleep so I can get more done with my day than I did today .,2022-01-31T20:05:07.000000,2,false,0.0,1.0,2.0509090909090912,0.59
33,2132,Had a pretty long day but I just feel pretty neutral . I am not anxious or exhausted just tired from working a lot . I feel like I need to start making time to go to the gym so I would sleep better through the night .,2022-02-02T21:31:44.000000,2,false,0.0,1.0,1.1279999999999997,0.7395238095238095
33,2133,I am feeling fine but kind of stuck . We are having a pretty bad snow storm so my work closed so I will just be stuck in the house all day because the roads are prettty bad . My mood is actually pretty good and I am pretty happy .,2022-02-03T10:38:37.000000,2,false,0.0,0.0,0.9973333333333333,0.8318
33,2134,I feel pretty happy and just relaxed . There is a pretty big winter storm so I just get to sit at home all day because my work closed . I haven’t had a nice relaxing day off in awhile so it’s nice to just hang out,2022-02-03T15:33:19.000000,2,false,1.0,1.0,1.56736,0.6871999999999999
33,2135,I just feel very neutral . Did not do a whole lot today because I was just stuck in the house so I just enjoyed the day off and caught up on some house and homework . It has been a very relaxing and quite day so I was just relaxing .,2022-02-03T20:05:24.000000,2,false,0.0,0.0,1.0205,0.5180869565217392
33,2098,I think I might get another snow day because it is still snowing outside today . I haven’t done a whole lot so I just feel calm and content . I feel like it will be a pretty calm weekend so I don’t really have any plans or a whole lot to do .,2022-02-04T10:01:18.000000,2,false,2.0,0.0,1.4485517241379307,0.5140689655172413
33,2099,I am stuck in the house for second day in a row so I am just content and calm at my house . I haven’t done a whole lot yesterday or today and I am not used to being lazy for so many days in a row so it is kind of weird but it is nice,2022-02-04T15:47:00.000000,2,false,2.0,0.0,0.6964210526315789,0.2605454545454545
33,2100,I am feeling calm and content . The winter storm has finally stopped but it’s still very cold outside and I am just hanging out in the house . I feel pretty calm and relaxed because I haven’t been doing anything for two days .,2022-02-04T20:01:15.000000,2,false,2.0,0.0,1.0044444444444445,0.23168421052631583
33,2101,I have just been hanging out at home for a few days so I just feel calm and content . I have to go to work today but I feel pretty good about it just because I haven’t seen anyone in a few days so it will be nice .,2022-02-05T10:32:08.000000,2,false,2.0,0.0,1.7836363636363641,0.5068695652173913
33,2102,I am feeling pretty calm and content . I had a pretty easy shift at work and it was nice to see everyone even though it was a little slow . It was kind of weird to have to talk to so many people after I was at home by myself for awhile .,2022-02-05T15:31:02.000000,2,false,1.0,0.0,1.6252000000000002,0.4264800000000001
33,2103,It’s been a pretty good day so I am just pretty happy and relaxed . I got most of my house cleaned so that makes me feel more calm when I have my house clean . I’m probably gonna meet some friends later so I’m pretty happy about that .,2022-02-05T20:00:48.000000,2,false,1.0,1.0,2.4514,0.6136470588235294
33,2104,I stayed out super late last night because I was hanging out with friends and having a good time . I woke up super early and could not fall back asleep so I am just tired . I don’t really have a whole lot going on today so I am excited I can lounge around for a while .,2022-02-06T10:01:05.000000,2,false,-1.0,0.0,0.9658333333333332,0.7815714285714286
33,2105,I’m feeling okay now . It’s a pretty day so that makes me feel happy . I haven’t done a whole lot today so I am just hanging out and doing some homework . It is nice not to have to rush to get things done since I got two days off early in the week .,2022-02-06T15:22:44.000000,2,false,0.0,1.0,1.2665454545454549,0.73016
33,2106,I feel pretty calm and just sleepy . I had a pretty good day just hanging out and not really doing a whole lot so I am just ready for bed and get ready for tomorrow . Today was pretty uneventful just a quiet day .,2022-02-06T20:31:38.000000,2,false,0.0,0.0,2.044521739130435,0.2917777777777777
33,2107,I have a pretty exciting day today so I am pretty happy . I didn’t sleep too great last night so I just feel a little sluggish . I have a lot to do today but I get to go to a pep rally with my friends tonight so I am pretty excited about that .,2022-02-07T10:05:40.000000,2,false,2.0,0.0,1.8655000000000006,0.7817272727272728
33,2108,I got to leave work early and hang out with my friends so I am super happy . Our hometown team is going to super bowl so we went to the pep rally and even though it was freezing it was so awesome so I am feeling very happy .,2022-02-07T22:01:59.000000,2,false,2.0,1.0,1.6768888888888889,1.2175652173913043
33,2109,I went out to celebrate with a few of my friends last night and had a super fun time I did not really drink a whole lot because we did not stay out long . I did have a beer and two cocktails . I got home early but did not sleep well at all just kept waking up through the night so I just feel super sluggish and sleepy today because I had to be up very early,2022-02-08T10:20:58.000000,2,false,-1.0,0.0,1.5685000000000004,0.9804
33,2110,I have been having a pretty rough day and I just feel super tired and very sluggish . I had a long day at school and it is pretty busy at work today as well so I just feel like I am dragging my feet all day .,2022-02-08T15:10:30.000000,2,false,-2.0,0.0,1.3258181818181818,0.656
33,2111,I am just feeling very neutral and relaxed . I had a long day at work and school and I just want to sit down and hang out at the house . I just feel exhausted because I did not get good sleep last night and wish I could have slept better .,2022-02-08T20:11:07.000000,2,false,0.0,1.0,1.22864,0.5520769230769231
33,2112,I feel pretty calm but pretty tired as well . I went to bed fairly early last night but I just kept waking up through the night so I did not get any quality sleep . I don’t have a long day at work so I am not too worried about it .,2022-02-09T10:19:20.000000,2,false,0.0,1.0,1.4304761904761902,0.7800833333333332
33,2113,I’m feeling pretty content today but just kind of sluggish . I had a fairly easy day at work so I am not stressed out but just feel super tired today . I was hoping I would feel better in the afternoon so I could go to the gym but I just don’t feel like it .,2022-02-09T15:24:07.000000,2,false,1.0,0.0,1.67648,0.6936153846153845
33,2114,I feel super tired . I did not get great sleep last night so I am just dragging my feet all day today . Even though today was not very busy for me I still feel very sluggish and tired . I hope I get better sleep tonight so I feel better tomorrow .,2022-02-09T20:11:45.000000,2,false,-2.0,0.0,1.1517037037037037,0.6673333333333333
33,2149,"Tired , Sluggish , Neutral , Sleepy , Anxious",2022-05-04T11:38:00.000000,3,true,-2.0,0.0,-1.2752000000000001,0.30000000000000004
33,2150,"Neutral , Tired , Sluggish , Happy",2022-05-04T15:01:00.000000,3,true,1.0,1.0,-0.3790000000000001,0.36
33,2151,"Tired , Sluggish , Annoyed",2022-05-04T20:01:00.000000,3,true,-2.0,0.0,-2.7920000000000003,0.6320000000000001
33,2152,"Neutral , Content , Happy , Tired",2022-05-05T10:04:00.000000,3,true,0.0,1.0,0.7010000000000001,0.532
33,2153,"Happy , Tired , Calm , Content",2022-05-05T15:01:00.000000,3,true,1.0,1.0,1.513,0.398
33,2154,"Neutral , Sluggish , Tired , Anxious",2022-05-05T20:04:00.000000,3,true,0.0,1.0,-1.802,0.5
33,2155,"Calm , Content , Neutral , Sluggish",2022-05-06T10:18:00.000000,3,true,2.0,0.0,0.6639999999999999,-0.3460000000000001
33,2156,"Neutral , Irritated , Sluggish , In pain",2022-05-06T15:02:00.000000,3,true,0.0,1.0,-2.112,0.889
33,2157,"Tired , Sluggish , In pain , Annoyed",2022-05-06T20:01:00.000000,3,true,-2.0,0.0,-3.0120000000000005,0.9890000000000001
33,2158,"Sluggish , Tired , Mad , Sad , Annoyed",2022-05-07T10:25:00.000000,3,true,-2.0,0.0,-2.5648000000000004,0.944
33,2159,"Sluggish , Tired , Annoyed , Irritated",2022-05-07T15:30:00.000000,3,true,-1.0,0.0,-2.6740000000000004,1.04
33,2160,"Sluggish , Tired , Neutral",2022-05-07T20:10:00.000000,3,true,0.0,1.0,-1.8186666666666669,-0.16666666666666674
33,2161,"Neutral , Quite , Happy , Calm",2022-05-08T12:20:00.000000,3,true,1.0,1.0,1.423,0.18700000000000006
33,2162,"Calm , Happy , Neutral , Content",2022-05-08T16:14:00.000000,3,true,1.0,1.0,2.2009999999999996,0.265
33,2163,"Quite , Content , Tired , Sluggish , Calm",2022-05-08T20:01:00.000000,3,true,0.0,0.0,-0.2192,-0.19599999999999995
33,2164,"Sluggish , Tired , Quite , Content , Calm",2022-05-09T10:02:00.000000,3,true,-1.0,0.0,-0.2192,-0.19599999999999995
33,2165,"Tired , Sluggish , Annoyed , Angry , Mad",2022-05-09T15:14:00.000000,3,true,-2.0,0.0,-2.7296000000000005,1.3416000000000001
33,2166,"Tired , Sluggish , Neutral , Quite , Tired",2022-05-09T20:02:00.000000,3,true,0.0,1.0,-1.8912,-0.07200000000000006
33,2167,"Calm , Content , Quite , Neutral",2022-05-10T10:16:00.000000,3,true,2.0,0.0,0.966,-0.252
33,2168,"Content , Calm , Quite , Happy",2022-05-10T15:03:00.000000,3,true,1.0,1.0,2.013,0.29900000000000004
33,2169,"Quite , Calm , Content , Tired , Happy",2022-05-10T20:05:00.000000,3,true,0.0,0.0,1.0104,0.29279999999999995
33,2170,"Calm , Content , Quite , Anxious",2022-05-11T10:27:00.000000,3,true,2.0,0.0,0.5900000000000001,0.43900000000000006
33,2171,"Neutral , Calm , Quite , Happy , Content",2022-05-11T16:15:00.000000,3,true,1.0,1.0,1.5608,0.1863999999999999
33,2172,"Quite , Tired , Sluggish , Irritated , Content",2022-05-11T21:53:00.000000,3,true,0.0,0.0,-1.2832000000000001,0.41680000000000006
33,2173,"Calm , Content , Quiet , Anxious , Happy",2022-05-12T10:08:00.000000,3,true,2.0,0.0,1.9272000000000002,0.6123999999999999
33,2174,"Neutral , Quiet , Calm , Relaxed , Happy",2022-05-12T16:20:00.000000,3,true,0.0,1.0,2.3895999999999997,-0.1412
33,2175,"Quiet , Tired , Sleepy , Calm , Content",2022-05-12T20:01:00.000000,3,true,0.0,0.0,1.0559999999999998,-0.32199999999999984
33,2136,"Jittery , Nervous , Anxious , Tired , Sluggish",2022-05-13T10:00:00.000000,3,true,-2.0,2.0,-2.108,1.3936
33,2137,"Content , Calm , Quiet , Happy , Anxious",2022-05-13T15:59:00.000000,3,true,2.0,0.0,1.9271999999999998,0.6123999999999999
33,2138,"Nervous , Anxious , Jittery , Annoyed , Angry",2022-05-13T20:08:00.000000,3,true,-2.0,2.0,-2.3048,2.3312
33,2139,"Calm , Quiet , Content , Anxious , Sluggish",2022-05-14T10:00:00.000000,3,true,2.0,0.0,0.6976000000000001,0.12360000000000004
33,2140,"Neutral , Anxious , Irritated , Calm , Annoyed",2022-05-14T16:35:00.000000,3,true,0.0,1.0,-0.8976000000000001,1.1663999999999999
33,2141,"Quiet , Sluggish , Tired , Annoyed , Content",2022-05-14T20:44:00.000000,3,true,0.0,0.0,-0.7856000000000002,0.26359999999999995
33,2142,"Sluggish , Tired , Quiet , Content , Calm",2022-05-15T10:26:00.000000,3,true,-1.0,0.0,0.44799999999999995,-0.3228
33,2143,"Sluggish , Tired , Sleepy , Quiet , Calm",2022-05-15T15:00:00.000000,3,true,-2.0,0.0,0.1919999999999999,-0.4595999999999998
33,2144,"Calm , Quiet , Content , Tired , Sluggish",2022-05-15T20:00:00.000000,3,true,0.0,1.0,0.44800000000000006,-0.3228000000000002
33,2145,"Happy , Excited , Content , Quiet , Calm",2022-05-16T15:01:00.000000,3,true,2.0,1.0,2.9303999999999997,0.6572
33,2146,"Quiet , Tired , Calm , Sleepy , Anxious",2022-05-16T20:02:00.000000,3,true,0.0,0.0,0.28319999999999995,0.1412000000000001
33,2147,"Sluggish , Tired , Anxious , Jittery , Irritated",2022-05-17T10:00:00.000000,3,true,-2.0,0.0,-2.1056,1.3904
33,2148,"Active , Anxious , Jittery , Tired , Sluggish",2022-05-17T15:03:00.000000,3,true,0.0,2.0,-1.0864,1.3216
33,2193,"Tired , Neutral , Sleepy , Achy , Exhausted",2022-09-01T20:11:03.000000,4,true,0.0,1.0,-1.6192,0.5112
33,2194,"Tired , Sleepy , Sluggish , Irritated , Sad",2022-09-02T10:00:56.000000,4,true,-2.0,0.0,-1.7792000000000001,0.3719999999999999
33,2195,"Sluggish , Tired , Irritated , Annoyed , Sleepy",2022-09-02T20:00:48.000000,4,true,-2.0,0.0,-1.9728,0.732
33,2196,"Tired , Sleepy , Sluggish , Calm , Sad",2022-09-03T10:04:33.000000,4,true,-2.0,0.0,-0.7152000000000001,-0.24080000000000013
33,2197,"Sluggish , Tired , Annoyed , Mad , Frustrated",2022-09-03T15:26:33.000000,4,true,-2.0,0.0,-2.7968,1.1984
33,2198,"Tired , Bored , Sleepy , Annoyed , Neutral",2022-09-03T20:01:16.000000,4,true,0.0,1.0,-1.672,0.2607999999999999
33,2199,"Sluggish , Tired , Drowsy , Fatigued , Sleepy",2022-09-04T10:14:52.000000,4,true,-2.0,0.0,-1.6415999999999997,-0.05679999999999996
33,2200,"Content , Tired , Sleepy , Sluggish , Fatigued",2022-09-04T15:00:51.000000,4,true,0.0,1.0,-1.0192,0.03600000000000014
33,2201,"Quiet , Content , Annoyed , Irritated , Tired",2022-09-05T11:02:00.000000,4,true,0.0,0.0,-0.8079999999999998,0.8172
33,2202,"Neutral , Frustrated , Annoyed , Exhausted , Tired",2022-09-05T15:20:30.000000,4,true,0.0,1.0,-2.5584,0.8864
33,2203,"Tired , Sleepy , Sluggish , Annoyed , Mad",2022-09-05T20:03:12.000000,4,true,-2.0,0.0,-1.9584000000000004,0.7776
33,2204,"Annoyed , Mad , Angry , Tired , Sluggish",2022-09-06T10:23:49.000000,4,true,0.0,1.0,-2.7296000000000005,1.3416
33,2205,"Sad , Mad , Irritated , Annoyed , Tired",2022-09-06T15:00:50.000000,4,true,-1.0,1.0,-2.5872,1.4975999999999998
33,2206,"Mad , Annoyed , Angry , Tired , Irritated",2022-09-06T20:14:44.000000,4,true,0.0,1.0,-2.7520000000000002,1.8952
33,2207,"Sad , Tired , Sluggish , Fatigued , Sleepy",2022-09-07T10:27:24.000000,4,true,-1.0,1.0,-1.8816,0.0656000000000001
33,2208,"Tired , Sluggish , Sleepy , Neutral , Irritated",2022-09-07T16:15:18.000000,4,true,-2.0,0.0,-1.3888000000000003,0.2528
34,2365,Drained and rushed . No time to distressed and reset . Having to work despite needing a break due to traumatic event that happened during my shift (a coworker had a bad seizure and I had to call ORG and then immediately get back to servicing customers and answering phones),2021-05-02T13:20:28.000000,1,false,-1.0,0.0,-0.2249411764705882,1.2405555555555556
34,2366,Went to work and had a normal shift . Was still disheartening because we weren ' t as busy as we should be at this time of year . I know I ' m making less than normal and that causes worry because of bills .,2021-05-03T12:09:40.000000,1,false,1.0,0.0,0.29333333333333333,0.718
35,2408,"Proud , Frustrated , Annoyed , Impressed , Healthy",2021-03-23T12:00:37.000000,1,true,1.0,2.0,0.5344,1.5783999999999998
35,2409,"Annoyed , Frustrated , Sad , Busy , Productive",2021-03-26T15:37:34.000000,1,true,-1.0,1.0,-1.3472000000000004,1.444
42,3826,"About to head into a Saturday night dinner shift . I ' m looking forward to being of service , not looking forward to the guests who don ' t know how to fine out and plan to treat me like their slave rather than their host .",2021-06-12T17:04:25.000000,1,false,2.0,2.0,1.2499999999999998,0.7837647058823529
42,3827,"Energized , ready for my last shift of the week . Grateful that I have 2 days in a row off and that I have a job that pays as well as it does . Hopefully tonight will be smooth and by the numbers , that the kitchen performs well and that the guests are easy going .",2021-06-13T17:11:43.000000,1,false,2.0,0.0,1.692235294117647,0.5987199999999999
42,3828,I am off today and tomorrow . I spoke with my therapist for my weekly session which is always great because I get to unpack my mind which helps me find balance and a place of calm contentment . Tonight I plan to make dinner with my daughter and her husbsnd and open a nice bottle of wine and relax with all the dogs .,2021-06-14T17:02:42.000000,1,false,2.0,0.0,1.6902399999999997,0.6184166666666666
42,3829,I am having dinner with my family . The rest of this field will be jabbering .\ n ' Xxxxxxxxxxxxxxxxxxxxxxxxcxxxxxxxxxxcccccccccxxxgycdthxdibvdyic astonished sorority idiosyncrasies conscription PERSON auctions PERSON,2021-06-14T22:03:40.000000,1,false,2.0,0.0,1.6232,0.7756363636363637
43,3990,"Pretty good just turned 50 yesterday . I think I am running   on adrenalin . Lately I have been feeling a bit run down . When I go to work at the hotel to bartend sometimes I do feel like , I don ' t have the energy to deal with people being extra !",2021-06-08T12:08:16.000000,1,false,-2.0,0.0,1.6886956521739132,1.0052
43,3991,"I feel a bit rundown . I go into work tonight , not feeling to excited about it . I just don ' t feel like dealing with hard to please people tonight . But , I will go in and put my best foot forward , because sometimes people just need their bartender to be on their game to listen to them .",2021-06-10T12:01:20.000000,1,false,2.0,1.0,1.6937142857142855,0.8536666666666667
43,3992,"In the past 24 hours I have been feeling a bit tired and run down . Pulled a double so my body is feeling a bit worn down . And I am tired and sleepy , really feel like I just need to rest . Hoping I feel better tomorrow .",2021-06-12T12:30:48.000000,1,false,1.0,1.0,0.7876363636363636,0.558782608695652
43,3993,I haven ' t been to work in a few days I ' ve been on vacation   so the drink count is because of the vacation . I really needed the getaway . Sometimes the work can be mentally and physically draining . But I do love being able to talk to people when they come through the bar .,2021-06-13T13:25:05.000000,1,false,1.0,1.0,1.4862222222222226,0.71
54,2035,"cool , hopeful , eager , excited , remoseful",2024-10-09T12:00:48.000000,7,true,2.0,2.0,3.3066666666666666,1.6400000000000001
54,2076,"i feel very refreshed right now and I am also happy , calm and also have a wonderful day \ nI also feel very calm and also excited \ nI feel contempted and having a great day with no stress \nI feel enthusiast",2024-10-09T17:00:58.000000,7,false,2.0,1.0,2.1772,1.076
54,2376,"Cool , Calm , Happy , Excited , Feel good",2024-10-10T12:21:45.000000,7,true,2.0,2.0,3.2006666666666668,1.1506666666666665
54,2448,"Active , Happy , Delighted , Calm , Enthusiast",2024-10-10T17:06:31.000000,7,true,2.0,0.0,3.2808,1.6376
54,2526,How I am feeling currently I feel excited and happy at the moment and doing things that will make me happy and distancing myself from any thing that ' s gonna spoil or disrupt feeling currently \nI do not feel emotionally drained,2024-10-10T22:57:50.000000,7,false,1.0,2.0,1.2986666666666666,1.2002
54,2654,"I’m content , my mind is clear , and I’m able to focus on the present rather than worrying about the future or dwelling on the past . so I m satisfied with what I have and I m also happy never allowing anything bothering me",2024-10-11T17:51:11.000000,7,false,1.0,0.0,1.1912,0.8294285714285714
54,2941,"Calm , Happy , Enthusiast , Good , Cool",2024-10-12T12:31:58.000000,7,true,2.0,1.0,3.2920000000000003,1.0024
54,3036,"Cool , Happy , Calm , Active , Lively",2024-10-12T17:28:22.000000,7,true,1.0,0.0,3.1144,1.292
54,3135,"Enthusiasts , Active , Lively , Energies , Feel good",2024-10-13T12:55:04.000000,7,true,2.0,0.0,2.7944,1.758
54,3435,I really feel neutral and not really active because a friend got me angry and instead of apologizing he stood on his words and made me feel bad like I was the one who orchestrated the whole negative drama,2024-10-13T22:54:50.000000,7,false,0.0,1.0,0.4847500000000001,1.084
60,2412,"Relaxed , Peaceful , Connected , Happy , Fulfilled",2024-07-19T12:00:19.000000,7,true,2.0,0.0,3.0984000000000003,0.384
60,2413,"Happy , Content , Satisfied , Full , Excited",2024-07-19T17:01:01.000000,7,true,2.0,0.0,2.7608,1.217
60,2414,"Happy , Rested , Confided , Rested , Fabulous s",2024-07-19T22:03:31.000000,7,true,2.0,0.0,3.1109999999999998,0.865
60,2415,"Satisfied , Excited , Rested , Happy , Busy",2024-07-20T12:00:33.000000,7,true,2.0,0.0,2.4856,1.5346666666666666
60,2416,I am currently feeling great   just went car shopping with my daughter   PERSON to work   feeling accomplished   so happy to have spent quality time with her   made me proud to have my college grad picking out her new car,2024-07-20T17:06:15.000000,7,false,2.0,0.0,2.3007619047619046,1.0143
60,2426,"Full , Satisfied , Happy , Calm , Loved",2024-07-20T22:05:06.000000,7,true,2.0,0.0,2.9688000000000003,0.492
60,2437,Feeling calm contend and relaxed   happy Sunday y favorite day of the week   \nSunday funday is what I call it   maybe church later   yoga ? A walk in the park   ready to set my to do list for this coming week   food shopping and preparations to be done,2024-07-21T12:00:20.000000,7,false,2.0,0.0,1.9150909090909087,0.44999999999999996
60,2449,Currently feeling great and full   took a ride into GPE to have Our favorite mushroom truffle pizza    It’s so delicious makes me feel grateful and happy    So full thou    Beyond delicious and totally Sunday funday,2024-07-21T17:01:23.000000,7,false,2.0,0.0,2.5343529411764707,0.796
60,2460,"Hungry , Satisfied , Fulfilled , Tired , Excited",2024-07-21T22:32:01.000000,7,true,2.0,0.0,0.7536,1.584
60,2471,I am current feeling accomplished   it’s Monday morning   already went to yoga and the local bagel store for   Monday bagels and Lox cream cheese \nJust quoted car insurance for my daughters new car that we were able to find on Saturday   it’s already a good day,2024-07-22T12:01:02.000000,7,false,2.0,0.0,1.9226666666666665,0.5969090909090908
60,2482,8 pm   feeling tired but accomplished   went into the city for work back on GPE    pretty long day   making schedule for tomorrow and already see long day ahead \nAt least 2 yoga classes   brunch meeting with a client and lots of errands in between    Hoping to also solidify a rental deal,2024-07-22T22:07:36.000000,7,false,2.0,0.0,1.199619047619048,0.56848
60,2484,"Fulfilled , Content , Happy , Satisfied , Relaxed",2024-07-23T12:00:48.000000,7,true,2.0,0.0,3.1624000000000003,0.43466666666666665
60,2501,Hi ! Currently feeling accomplished banking with my 19 year old to transfer all paperwork credit cards etc in his name since   he will be moving back to ORG in GPE in a few weeks   Lots to be done with my twins before school begins again,2024-07-23T17:00:39.000000,7,false,2.0,0.0,1.2172000000000003,0.6053000000000001
60,2512,Currently feeling content and ready to wind down taco today   dinner all done dusted cleaned   relaxing watching ORG vs Yankees and reading a book   making list for tomorrow’s agenda —-lots to be done,2024-07-23T22:02:44.000000,7,false,2.0,0.0,1.3360000000000003,0.3903333333333333
60,2523,"Relaxed , Excited , Accomplished , Expectant , Satisfied",2024-07-24T12:00:30.000000,7,true,2.0,0.0,2.9959999999999996,1.2906666666666666
60,2524,Currently feeling accomplished   beach yoga at 6 am today   solidified my daughters car deal   picking up tomorrow and a few other work things to be finished   zoom call at 5 for 2 hours and maybe sunset yoga at the beach tomorrow    Feeling great !,2024-07-24T17:00:38.000000,7,false,2.0,0.0,2.0236190476190474,0.6282727272727273
60,2525,"Relaxed , Tired , Fulfilled , Calm , Exercised",2024-07-24T22:23:42.000000,7,true,2.0,0.0,1.522,-0.45066666666666677
60,2527,Happy Thursday ! Feeling great   yoga class done already   just went to to bank got certified check to pick up my daughters new car today   super excited for her   a good day so far   no complaints so far !!! Cloudy overcast but humid as can be —,2024-07-25T12:05:24.000000,7,false,2.0,0.0,1.4497600000000004,0.8163571428571428
60,2537,Feeling so very excited   at ORG right now getting my daughter’s car   picking it up right now ! It’s beautiful   she is happy I am happy I am so excited for her   beyond excited !!!! \nOnce we leave here will go and get some food with get to celebrate her new beautiful car,2024-07-25T17:00:40.000000,7,false,2.0,0.0,2.057037037037037,1.308
60,2566,"Relaxed , Happy , Fulfilled , Calm , Thoughtful",2024-07-25T22:01:05.000000,7,true,2.0,0.0,2.8728,0.12
60,2577,Hi happy Friday ! Feeling content and fulfilled . Just did an hour of Pilates so my body s feeling great sore but worked out .   Feeling great . And it’s Friday . Work n food shopping to be done and excited about a beautiful weekend coming up . Enjoy all !,2024-07-26T12:00:23.000000,7,false,2.0,0.0,2.2031111111111112,1.192846153846154
61,2970,"Happy , Smile , Tired , Angry , Sad",2024-08-03T17:00:36.000000,7,true,1.0,1.0,-0.2071999999999999,1.2504
61,2981,Right now I ' m feeling great . Was able to get some choir done such as cleaning and ordering food for my self . As right now I ' m feeling great I was able to clean up the entire living room and feeling very positive about it,2024-08-03T22:00:26.000000,7,false,2.0,2.0,2.109166666666667,0.77225
61,2992,Having just woke up and starting my day I will be \nHave a positive attitude towards life and cleaning and taking care . Today I plan to knock out and clean the refrigerator and try and clean a little bit more I have a positive and have a great attitude,2024-08-04T12:06:39.000000,7,false,0.0,2.0,1.822153846153846,0.7739090909090909
61,3003,"Tired , Anger , Relaxed , Focus , Determine",2024-08-04T17:15:19.000000,7,true,-2.0,0.0,-0.06559999999999995,0.5816
61,3014,Have them woken up I was able to cook breakfast shower as well as I ' m getting a little running so I ' m going to get a few happy stuff I guess I ' m told you about the house I was such as and what they don ' t maintenance to fix the gas line and then do some shopping around the house,2024-08-05T17:26:35.000000,7,false,2.0,0.0,1.4033846153846155,0.857448275862069
61,3025,"Happy , Excited , Proud , Sad , Anger",2024-08-07T12:22:51.000000,7,true,2.0,0.0,1.1176,1.8512
61,3037,"Sad , Upset , Frustration , Scared , Worry",2024-08-07T17:00:24.000000,7,true,2.0,0.0,-2.8047999999999993,1.6776
61,3043,"Tired , Worried , Scared , Happy , Fear",2024-08-07T22:07:05.000000,7,true,2.0,0.0,-1.7112000000000003,1.8352
61,3047,"Sad , Tired , Hungry , Happy , Excited",2024-08-10T17:00:25.000000,7,true,2.0,0.0,-0.2664000000000001,1.4048
61,3058,Right now I ' m feeling content calm and hungry so in a few minutes I will cook me a big meal I relax with some music and then also get service for items done around the house such as cleaning and cooking stuff,2024-08-10T22:02:02.000000,7,false,2.0,0.0,1.5047619047619047,0.6014285714285714
64,4689,"Calm , Thoughtful , Extra , Generous , Happy",2024-08-10T17:07:48.000000,7,true,0.0,0.0,2.6976,0.6288
64,4690,"I’m feel just normal , not too sad not too happy \nJust placing my emotions in one place actually \nI’m hungry at the same time tired too \nI feel like having burgers but my mouth is very sort and I don’t o know how to sort that out",2024-08-10T22:06:01.000000,7,false,0.0,1.0,0.8204444444444445,0.6121176470588235
64,4691,"I’m peaceful and calm , PERSON really have nothin bothering me actually , I’m abit lonely but then I need company and also I want to go out too \nBut I feel not bad but happy and restful \nI want to see my partner and talk about things and eat good food",2024-08-11T12:13:36.000000,7,false,2.0,0.0,1.578736842105263,0.6203809523809525
64,4692,"Bored , In between happiness , Not so happy , PERSON , PERSON",2024-08-11T17:00:48.000000,7,true,1.0,2.0,1.4360000000000002,0.7926666666666666
64,4694,"I’m calm not doing To much , I’m tired and I want to get a lot of things done and all of that and you know I want to be able to help myself , work is kinda tiring and everomw is just there full rough and calm \nI’m just in a particular posture",2024-08-12T12:01:18.000000,7,false,2.0,0.0,1.0595999999999999,0.5905555555555555
64,4695,"Good , Relaxed , Not troubled , Focused , Happy",2024-08-12T22:05:00.000000,7,true,0.0,1.0,1.9249999999999998,0.775
64,4696,"I’m very happy and energized and all of that , I was able to witness something beautiful in my presence and it really motivated me that young people are able to share there experiences and be happy about it and all .\nI’m happy because there was no fear towards sharing this information with me",2024-08-13T12:02:08.000000,7,false,2.0,1.0,2.0030588235294116,1.158
64,4697,"I’m lively not doing to much , leaving by the moment sharing word with family and loved one practically having nice moments and all that is let \nMemories are made a lot of things are inclusive and all of that \nI’m just you know everywhere doing everything",2024-08-13T17:25:30.000000,7,false,2.0,2.0,1.409,0.7787777777777778
64,4698,"In pain , Relaxed , Stressed , Sleepy , Feverish",2024-08-13T22:00:58.000000,7,true,1.0,0.0,-0.7008000000000001,0.8968
64,4699,"I’m abit contented , not doing anything serious , just there at aparticular location not doing anything , just thanking God for everything expecially daily involvement and activities and all of that \nI’m just somewhat contented Because I got food to eat and all bed to rest on",2024-08-14T12:54:03.000000,7,false,1.0,0.0,2.3069333333333333,0.9649333333333333
64,4700,"I feel okay actually , I feel better \nI feel calm , I feel like a bunch of joy , I feel like things will be fine , I feel it’s a matter of time , I feel I miss my family \n , I’m in a very cheerful mood and place and all of that I’m in between happiness and I like how it’s going and all that happening is joyful",2024-08-14T17:13:28.000000,7,false,0.0,1.0,2.1315714285714287,0.8797419354838709
64,4701,"I’m a natural because everything is stressful but then I’m neutral , I have to deal with both gappy and sad things are happening you know I’m just a natural I can’t really say how I feel at the moment \nThings are just some type of way I can’t really say tho",2024-08-14T22:03:03.000000,7,false,0.0,1.0,0.7510588235294118,0.5121111111111112
64,4702,I’m abit tired and all of that \nI have a lot to do and a lot of emotions attached at the moment \nBeen feeling abit stressed out and unhappy life just stressing me and all of that \nA lot of drama has been happening lately,2024-08-15T12:02:18.000000,7,false,-2.0,0.0,0.184,0.8218823529411765
64,4703,"I’m calm because I have a nap all day ,barely had anything to eat it’s just calm that I’m able to take a nap out of others , so I’m calm and trying to regain strength and all of that .\nA lot of drama but then been having on hell of a day so a nap was the best thing and it came through too",2024-08-16T12:36:29.000000,7,false,2.0,0.0,1.4092173913043482,0.39256
64,4705,"Lively , Happy , Cheerful , Joy filled , Beautiful",2024-08-16T17:01:38.000000,7,true,2.0,1.0,3.5031999999999996,1.8776
64,4706,"I’m very sad because I got things to do , but I’m in pains I feel very low at this point \nI feel no one is going to help isn’t coming to my aid \nI feel very stressed out \nMy tooth hurts \nAnd I’m not getting enough sleep and all that’s to be said but then I can’t do nothing about it \nIt will pass",2024-08-16T22:00:36.000000,7,false,-1.0,1.0,0.2969599999999999,0.7677692307692308
64,4707,"I’m very active \nI’m hyper , I have a good day going on \nIt’s been enjoyable and alll of that \nI’m having sense of relief and I’m very calm \nI feel happy and strong too \nI’m able to do what I want \nI’m really strong and hyper \nHad a very rough week but I’m practically very strong rn",2024-08-17T12:01:13.000000,7,false,0.0,2.0,1.9363333333333335,1.0938260869565217
64,4708,"Restful , Excited , Stressed , Abit worried , Nervous",2024-08-17T22:00:41.000000,7,true,2.0,0.0,-0.5464,1.7448000000000001
64,4709,I’m less stressed very happy and contented and the fact that it’s Sunday is a whole new vibe also \nThings have been turning fine on my ends and life seems fair \nI’m feeling calm and thoughtful at the same time it’s not easy but I’m at it I guess,2024-08-18T12:06:11.000000,7,false,2.0,0.0,1.6251428571428568,0.5704545454545455
67,4796,"Calm , Happy , Relaxed , N/a , N/a",2024-11-02T17:36:49.000000,7,true,0.0,1.0,3.2866666666666666,0.10666666666666658
67,4797,I ' m feeling excited because I am playing some video games . I am later going to eat some food outside . Then later I might be on my phone and play some more video games . Then be on the phone and then sleep,2024-11-02T22:17:52.000000,7,false,2.0,0.0,1.4056470588235292,0.8871764705882352
67,4798,"Good , Happy , Calm , Excited , Thinking",2024-11-03T17:55:40.000000,7,true,0.0,1.0,3.0935999999999995,0.9136
67,4799,"Calm , Content , Happy , Relaxed , Thinking",2024-11-03T22:15:08.000000,7,true,2.0,0.0,2.7464,0.1472
67,4800,"Calm , Happy , Normal , Relaxed , Neutral",2024-11-04T17:33:33.000000,7,true,0.0,2.0,2.3064,-0.08720000000000017
67,4801,"I currently feel neutral . I don ' t feel happy or sad i just feel normal . I went outside for a little while went to buy groceries , did some exercise for 30 minutes . I will later eat something quick and take a quick shower and rest",2024-11-04T22:12:21.000000,7,false,0.0,1.0,1.4332727272727273,1.0519130434782609
67,4802,"Calm , Sleepy , Tired , Relaxed , Not active",2024-11-05T22:17:46.000000,7,true,0.0,0.0,1.3055999999999999,0.013599999999999945
67,4803,I currently feel tired since I had to wake up early in the morning to get some blood work and tests done . I feel kind of dizzy since they took five tubes of blood . But it ' s normal for the blood tests since I am checking if I have any type of sickness or just in general my health but nothing serious . I just have to eat something and drink plenty of water,2024-11-07T12:50:50.000000,7,false,-1.0,0.0,0.987111111111111,0.8216296296296296
67,4805,I am currently feeling tired because I slept late . I will later do some chores and do some exercise and go outside and run for a little bit to get some cardio in . Later I will do some side gigs and earn some extra cash,2024-11-08T12:00:30.000000,7,false,0.0,1.0,0.5363809523809524,0.83825
73,5013,"Active , Excited , Hoped , Enthusiastic , Brave",2024-10-08T22:01:56.000000,7,true,0.0,2.0,2.9539999999999997,2.279
73,5014,"I feel down , as though feeling feverish , for some reasons I feel it ' s because of the anxiety and overall stress I ' ve had recently ,\ nIn the past week I ' ve had more to drink but less food , that too may be part of the reasons",2024-10-09T12:01:57.000000,7,false,0.0,2.0,0.5856470588235295,0.8101904761904761
73,5015,"I ' m alright , \nIt ' s been a hectic day , I ' ve had a few drinks and as well tried to be active but I feel weak , this is something I ' ve felt these past few days \nI ' d like to be more active so hoping to be strong as soon as possible",2024-10-09T17:05:08.000000,7,false,-2.0,0.0,1.256,0.7976363636363637
73,5016,"Active , Hopeful , Excited , Energized , Glad",2024-10-10T12:16:14.000000,7,true,0.0,2.0,3.28,1.778
73,5017,"Neutral , Happy , Hopeful , Thoughtful , Okay",2024-10-10T17:05:52.000000,7,true,0.0,1.0,1.8760000000000001,0.5312
73,5018,I am currently feeling alright \ nA hectic day but am ok \ nHad a few drinks \nAmong other things I feel tired \ nI feel stressed and nervous \ nUncertain about some things but I believe everything will be fine \nI am currently feeling alright \ nA hectic day but am ok \ nHad a few drinks \nAmong other things I feel tired \ nI feel stressed and nervous \ nUncertain about some things but I believe everything will be fine,2024-10-10T22:01:32.000000,7,false,0.0,1.0,0.5437500000000002,0.7448888888888889
73,5019,"I ' m alright , today is better than the previous day \ nEverything seems good \ nI ' m available to my emotions \ nI recognize myself and take my feelings into account \nI ' m alright , today is better than the previous day \ nEverything seems good \ nI ' m available to my emotions \ nI recognize myself and take my feelings into account",2024-10-11T12:03:39.000000,7,false,0.0,1.0,2.0693333333333332,0.5015999999999998
73,5020,"Stressed , Sluggish , Tired , Exhausted , Weak",2024-10-11T17:01:01.000000,7,true,-1.0,0.0,-2.6896,0.476
73,5021,"Neutral , Okay , Hopeful , Edgy , Happy",2024-10-11T22:56:18.000000,7,true,0.0,1.0,1.2584,1.0152
75,5039,i am pretty happy as the end of the work day is quickly approaching . in about 8 minutes my day will be complete . i accomplished most of my identified task and feel pretty happy about the completion of my work . i am prepared for tomorrow,2024-10-17T17:11:52.000000,7,false,2.0,1.0,1.990363636363636,0.973
75,5040,"tired , sleepy , exhausted , fatigue , bored",2024-10-17T22:00:49.000000,7,true,-1.0,0.0,-2.1152,0.1279999999999999
75,5041,"I had an extremely \ nbusy morning . i met with 3 families . teaching teams and leaders . the conversations were intense , in depth and overwhelming .   i was focused on helping them find solutions to complex issues",2024-10-18T12:59:19.000000,7,false,-1.0,0.0,1.2235999999999998,1.1320000000000001
75,5042,i am feeling more content . i am more relaxed and able to focus . i had lunch therefore not at sluggish as i was earlier .   i am \ nsitting and resting at this time and excited about the weekend and relaxing,2024-10-18T17:00:48.000000,7,false,1.0,0.0,1.9737142857142858,0.4749230769230769
75,5043,i am currently tired . i had a long day as i had a private work case . i had to observe an interaction between a father and child for close to two hours .   i feel a need to take a bath and relax .   i am currently not home and have another few hours before i am \ nable to rest .,2024-10-18T22:05:53.000000,7,false,-2.0,0.0,1.417263157894737,0.506
75,5044,"tired , exhausted , stressed , annoyed , frustrated",2024-10-19T12:00:23.000000,7,true,-2.0,0.0,-3.0416,1.3312
75,5052,"i am actually feeling content in the moment . i had the opportunity to visit ORG      . during the visit i was able to decompress , enjoy the moment and and appreciate the time . i noticed so many families engaged in activities . i worked in a clay project and it was calm and relaxing",2024-10-19T17:43:14.000000,7,false,1.0,0.0,2.123789473684211,0.7486363636363635
75,5053,I am currently feeling tired at the present moment . I had an eventful day at the museum/ working and observing . Due to the need to be alert- fully engaged and interactive I am tired .   I am in bed relaxing and hope to be sleep in the next few hours .,2024-10-19T22:06:52.000000,7,false,0.0,0.0,1.1908571428571428,0.5836666666666668
75,5054,i am pretty relaxed at the current time i am sitting on the bed completing surveys / working this morning . i have a plan for dinner and don ' t feel overwhelmed . i am thinking about a way to be content and not be overwhelmed with the anticipation of returning to work tomorrow .,2024-10-20T12:10:08.000000,7,false,1.0,0.0,1.413913043478261,0.5258181818181817
75,5055,"i am currently calm and content . i feel this way because i was able to relax , think and shift my attitude .   in focus on being sluggish or think about it i notice that i inherently have a sense of tiredness .   although I worked together i am calm and thinking about next steps",2024-10-20T17:09:30.000000,7,false,2.0,0.0,1.7364444444444447,0.49758333333333327
75,5056,"content , comfortable , relaxed , tired , happy",2024-10-20T22:02:06.000000,7,true,0.0,1.0,1.8776,0.2447999999999999
75,5057,i am currently at work preparing for a meeting . although i am not enthusiastic about the meeting i am lively and ready to communicate . i am knowledgeable on the content matter and look forward to engaging . the information will be helpful as i support children and families,2024-10-21T12:05:17.000000,7,false,1.0,2.0,2.266095238095238,0.8816190476190476
75,5058,"vibrant , calm , lively , energetic , proud",2024-10-21T17:03:40.000000,7,true,1.0,2.0,2.7936,1.6016
75,5059,"At the current time i am extremely tired . the day didn ' t end as well as i anticipated . i had a few meetings at work ,\ ncompleted an intense project and planned for the next day .   my eyes are currently bothering me and my breathing is impaired due to asthma . my body needs to rest .",2024-10-21T22:00:25.000000,7,false,-2.0,0.0,0.6502857142857144,0.7854782608695652
75,5060,i just had an extremely collaborative meeting with a site . i learned so much about their interest . goals and plans for the school year . i was engaged - enthusiastic warn and welcoming . i felt comfortable and relaxed,2024-10-22T12:02:14.000000,7,false,1.0,2.0,1.981882352941176,1.0025
75,5061,"i am content calm . i am relaxed and waiting the opportunity to present for teaching teams . the focus of the discussion is on feelings and having visual aids in the classroom community . i look forward into training the teaching teams at this particular school . they should be open , eager and willing to learn",2024-10-22T17:03:00.000000,7,false,1.0,0.0,1.6321666666666668,0.7519090909090909
80,5179,"Confused , Down , Inactive , Drained , Twist",2024-08-14T12:39:38.000000,7,true,0.0,1.0,-1.7856,0.58
80,5180,"Sad , Angry , Weak , Tired , Down",2024-08-15T12:14:48.000000,7,true,-2.0,1.0,-2.624,0.6407999999999999
80,5181,"Calm , Relax , Quiet , Freeze , Smooth",2024-08-15T17:01:30.000000,7,true,0.0,0.0,1.7728000000000002,-0.28600000000000003
80,5182,"Down , Bittered , sad , Weak , Tired",2024-08-16T12:26:02.000000,7,true,-1.0,1.0,-2.524,0.22099999999999986
80,5183,"Clear , Calm , Jittery , Reflex , Smiley",2024-08-16T17:02:49.000000,7,true,0.0,1.0,1.6384,0.7304
80,5184,"Active , Lively , Calm , Jittery , Great",2024-08-17T12:00:40.000000,7,true,0.0,1.0,2.1936,1.4888
80,5185,"Feeling greatful , peaceful , calm , twisted , swinging , feeling fine , feeling good , feeling a bit dispirited despite winning a good fairable discount for the day . Feeling a bit down because of my stomach hurt due to stupor yesterday",2024-08-18T12:26:24.000000,7,false,0.0,1.0,0.9449600000000001,0.5268
80,5186,"Contentment is a warm and comforting feeling , like a gentle smile that spreads through your heart and mind . It ' s a sense of satisfaction and pleasure , where things feel right with the world , and you ' re at peace with your circumstances . In moments of contentment , life feels cozy and familiar , filling you with a sense of calm delight .",2024-08-19T12:38:48.000000,7,false,1.0,1.0,2.6214999999999997,0.7345714285714285
80,5187,"Euphoria is an electrifying and exhilarating feeling , like a burst of energy that courses through your veins , leaving you breathless . In moments of euphoria , life feels like a thrilling adventure , full of possibility and promise , and you ' re ready to take on the world with an unstoppable sense of excitement and abandon .",2024-08-19T17:54:14.000000,7,false,1.0,2.0,1.5416666666666663,1.4289090909090907
80,5188,"A sense of neutrality is a calm and balanced feeling , like a still pond that reflects the surroundings without a ripple . It ' s a state of emotional equilibrium , where neither excitement nor despair dominates , and the mind is clear of strong inclinations . In this state , thoughts and feelings are acknowledged without judgment , and the individual observes their experiences with a detached curiosity .\ n",2024-08-20T12:37:37.000000,7,false,1.0,0.0,1.0496923076923077,0.6401290322580644
80,5189,"Vitality is an energetic and dynamic feeling , like a   state of being fully engaged and immersed in the moment , where your senses are heightened , and your spirit is lifted . With vitality , every step feels light , every task feels manageable , and every challenge feels like an opportunity to thrive .",2024-08-20T17:34:56.000000,7,false,0.0,2.0,1.9080000000000006,0.9811818181818182
80,5190,"Energetic , Vibrant , Effervescent , Dynamic , Excited",2024-08-21T12:21:45.000000,7,true,1.0,2.0,2.5664,2.4984
80,5191,"Vibrant , Excited , Energetic , Promising , Expectant of possibilities",2024-08-21T17:02:37.000000,7,true,1.0,1.0,2.783333333333333,2.0536666666666665
80,5192,"Strong , Thriving , Motivated , Refreshing , Great",2024-08-22T12:49:03.000000,7,true,0.0,2.0,3.2072000000000003,2.0186666666666664
89,431,"I feel tired from the night before and my brain is foggy . I’m having trouble focusing . My voice is raspy and my throat feels kind of sore . There’s some nervousness in my chest but other than that , I feel fine .",2024-08-14T12:24:38.000000,7,false,-2.0,0.0,-0.22159999999999996,0.9631111111111111
89,432,"I currently feel kind of sick in my stomach . It feels like I might throw up but it never happens . I also feel tired , like I need a nap . I don’t really have the anxiety anymore . I’m just tired . That’s basically it though .",2024-08-14T17:01:41.000000,7,false,-1.0,0.0,0.2166666666666666,0.9061904761904762
89,433,I feel very anxious and stressed right now . I’m thinking about what I have to get done and my future and also personal problems . It’s getting to me right now . It’s hard to focus on the things that matter so that’s adding to it .,2024-08-14T22:01:19.000000,7,false,-2.0,2.0,0.9840000000000001,0.9716
89,434,"Focused , Satisfied , Curious , Hungry , Nervous",2024-08-15T12:22:11.000000,7,true,0.0,2.0,-0.22899999999999976,1.8133333333333335
89,435,"Tired , Bored , Unmotivated , Distracted , Stressed",2024-08-15T17:58:58.000000,7,true,-1.0,0.0,-2.7112,0.29279999999999995
89,436,I’m feeling decent right now . I feel a little behind in my day (which may translate to some stress) and a little distracted . I also feel hungry but dirty (I need a shower) . I also feel bloated . That’s basically it,2024-08-16T12:14:34.000000,7,false,0.0,2.0,0.2206315789473685,0.7293333333333334
89,437,"Lively , Content , Focused , Energized , Hungry",2024-08-16T17:00:39.000000,7,true,1.0,2.0,0.5173333333333333,1.3946666666666667
89,438,"Content , Happy , Tired , Slow",2024-08-16T22:27:34.000000,7,true,0.0,2.0,0.4769999999999999,0.38449999999999995
89,565,"Hungry , Energized , Curious , Determined , Confident",2024-08-17T12:19:35.000000,7,true,0.0,2.0,0.43500000000000005,1.1420000000000001
89,566,"I feel tensed up . My body (upper back , face , jaw) just feel really tense . I feel sort of annoyed (because of my brother) . I’m feeling hungry , and I’m starting to feel tired . The tense feeling is probably from some stress .",2024-08-17T22:54:58.000000,7,false,0.0,1.0,0.6663999999999998,1.0353
89,567,"Tired , Sluggish , Slow , Nervous , Stressed",2024-08-18T12:31:35.000000,7,true,-1.0,0.0,-2.2696,0.6300000000000001
89,568,I’m feeling kind of overwhelmed right now . Kind of nervous and impatient . I want to do something fun but I know I need to concentrate and get work done on my laptop (personal duties) . I’m trying to stay positive but it’s hard . I feel a little down but I’m pushing through .,2024-08-18T17:00:33.000000,7,false,0.0,1.0,0.9612307692307691,0.9914074074074074
89,569,"Nervous , Meh , Worried , Exhausted , Stressed",2024-08-18T22:28:09.000000,7,true,0.0,1.0,-2.444,1.4744
89,570,"I’m feeling a pretty nervous feeling about various things . I also feel a hint of excitement and some confusion . My entire body feels really tense , like it needs to be massaged . My stomach also feels weird .",2024-08-19T12:26:26.000000,7,false,-1.0,2.0,0.8242666666666667,0.8077647058823529
94,793,"Happy , Amazed , Alive , Lively , Good",2024-11-06T12:01:53.000000,7,true,1.0,2.0,2.9264,1.6632
94,794,"Quite "" is an intensifier that means ""really ,"" ""completely ,"" ""rather ,"" ""exceptionally ,"" or ""actually "". It ' s used to add strength to an adjective or adverb , but not as much as ""really "" or ""very "". For example , ""Blue jays are quite common in this area "" means that blue jays are noticeably common , more common than you might expect . \n",2024-11-06T17:07:27.000000,7,false,2.0,0.0,0.7836363636363636,0.5423333333333331
94,795,"Calm means free from agitation , excitement , or passion . Here are some ways to describe something as calm : \n \nSerene : A calm , peaceful , or tranquil state . When used to describe people , it can suggest dignity , composure , and graciousness . When used to describe nature , it can suggest mellowness . \n",2024-11-07T12:01:38.000000,7,false,2.0,0.0,1.5899999999999999,0.41821428571428576
94,796,"Sadness is an emotion that can be described as a feeling of unhappiness , sorrow , or grief . It can also be characterized by feelings of loss , disappointment , helplessness , or despair . When someone is sad , they may withdraw from others , become lethargic or quiet , or cry",2024-11-07T17:05:23.000000,7,false,-2.0,1.0,-0.8666086956521738,0.6858333333333333
94,797,"Feeling calm is a mental state of peace and quiet , free from agitation , excitement , or disturbance . It can also be described as a state of serenity , tranquility , or peace . When you feel calm , your body may experience the following physical changes : Lowered heart rate , Reduced blood pressure , Decreased feelings of anger and frustration \ n",2024-11-08T12:02:24.000000,7,false,2.0,0.0,1.006857142857143,0.5664285714285713
94,798,"Active , Awake , Mobile , Energetic , Agile",2024-11-08T17:36:20.000000,7,true,0.0,2.0,2.0416,1.6344
94,799,"Feeling alive is a state of being that involves experiencing the full range of human emotions , including hopes , fears , and losses . It can also mean being present in the moment , and being fully engaged in the things you do",2024-11-09T12:10:52.000000,7,false,0.0,2.0,1.2642666666666666,0.7367777777777778
94,800,"Happy , Good , Hyped up , Stress free , Living good",2024-11-09T17:03:26.000000,7,true,2.0,1.0,2.3215,1.5788571428571427
94,811,"Feeling neutral is a calm , measured emotion that can mean feeling indifferent , nothing in particular , or a lack of preference . It can also mean being impartial , unbiased , or disinterested . Some say that feeling neutral can help you : Detach from a situation , See things more clearly , Think more creatively , Make better decisions , and Move forward \ n",2024-11-10T12:02:45.000000,7,false,0.0,1.0,1.114285714285714,0.5463428571428572
94,812,"Slow , Sluggish , Dull , Not interested , Down",2024-11-10T17:03:43.000000,7,true,-1.0,0.0,-1.2272000000000003,-0.08840000000000003
94,813,"Gentle , Quiet , Calm , Cool , Lowkey",2024-11-11T12:01:43.000000,7,true,0.0,0.0,2.0064,0.03959999999999986
94,814,"Sad , Feeling down , Depressed , At my lowest , Down",2024-11-11T17:04:08.000000,7,true,-2.0,1.0,-1.6226666666666667,0.3806666666666666
94,815,"Chilled , Collected , Calm , Lowkey , Peaceful",2024-11-11T22:38:15.000000,7,true,2.0,0.0,1.334,-0.0855999999999999
94,968,"It ' s also normal to have an ""off "" day or two , and it can be a good opportunity to check in with yourself . If you ' re feeling ""off "" for more than a couple of days , you can try reflecting on what ' s going on and asking yourself some non-judgmental questions . \n",2024-11-12T12:11:30.000000,7,false,0.0,0.0,1.7253333333333336,0.5324000000000001
94,969,"Sadness is a common emotion that can be characterized by a low mood or feeling down . It can be caused by a number of things , including : Disappointing events , Major life changes , Loss , Memories from childhood , and A painful situation that was blocked out . \n",2024-11-12T17:08:09.000000,7,false,-2.0,1.0,0.22945454545454558,0.6704166666666667
99,1376,I am tired and a little anxious because I had to have a blood draw at the doctors this morning which made me feel sick . Right now I am happy because I just got a coffee and am starting on some work but I feel hungry and have a slight headache .,2024-11-07T12:20:31.000000,7,false,-1.0,0.0,0.45368421052631575,1.0659130434782609
99,1377,"Peaceful , Thoughtful , Focused , Calm , Content",2024-11-07T17:35:57.000000,7,true,1.0,0.0,2.346,-0.31000000000000005
99,1378,I am feeling a little anxious because I have to drive into the city today for work and I am worried about the traffic and getting my work done . I am happy because of the beautiful weather and overall feel pretty good today with a fair amount of energy .,2024-11-08T12:16:00.000000,7,false,1.0,2.0,1.507666666666667,1.09544
99,1379,"Chill , Relaxed , Hungry , Content , Restless",2024-11-08T22:07:18.000000,7,true,1.0,1.0,0.42879999999999985,0.6376000000000001
99,1380,I am a little tired from a doctors appointment early this morning but am enjoying my coffee . I am feeling a bit unmotivated to get work done because I’m tired and it’s the weekend which is frustrating because I need to get it done .,2024-11-09T12:01:23.000000,7,false,-2.0,0.0,0.5002222222222223,0.7430909090909091
99,1381,"Angsty , Tired , Calm , Warm , Thoughtful",2024-11-09T22:01:51.000000,7,true,0.0,0.0,0.8540000000000001,-0.030999999999999917
99,1382,I just had breakfast with family so I am happy . I am starting to get energized for the day and I am looking forward to going on a hike . I feel a little stressed because I have a lot to get done tomorrow and because I have to start injections for a medical treatment .,2024-11-10T12:04:23.000000,7,false,2.0,0.0,1.6405999999999998,0.8145454545454545
99,1383,"Happy , Chill , Pensive , Tired , Jittery",2024-11-10T17:30:46.000000,7,true,1.0,1.0,0.5416000000000001,0.8672
99,1384,"Quiet , Relaxed , Chill , Bored , Calm",2024-11-10T22:04:45.000000,7,true,0.0,0.0,1.6352,-0.5779999999999998
99,1385,I am feeling anxious because of medical appointments and because I am waiting for responses to important emails as well as important meetings that I need to prep for this week . I am happy because the sun came out and I talked to my mom but I am pretty tired .,2024-11-11T12:21:47.000000,7,false,0.0,1.0,1.5336,0.9375555555555556
99,1386,I am still feeling anxious because I haven’t gotten a response to an important email and I still have a lot of work to get done . I went on a nice ride which made me feel calmer and I am hopeful that the rest of the day will be productive .,2024-11-11T17:27:16.000000,7,false,0.0,0.0,1.577818181818182,0.7325384615384616
99,1387,I just finished eating so I feel full and glad for my food . I am anxious to administer my medication tonight but I am excited to relax and watch a movie . I feel pretty calm otherwise and am feeling pretty alert/good from my workout just before dinner .,2024-11-11T22:01:24.000000,7,false,0.0,0.0,2.072363636363637,0.9142
99,1388,I feel good because my doctors appointment this morning went well but I am a little anxious about future monitoring appointments and an upcoming procedure . I am feeling energized because I had coffee and a bit of a delicious donut .,2024-11-12T12:21:15.000000,7,false,0.0,2.0,1.7125333333333335,0.9432631578947368
99,1389,"anxious , tired , emotional , wired , unfocused",2024-11-12T17:02:23.000000,7,true,-2.0,2.0,-1.2007999999999999,1.0132
105,1773,The way I am feeling is tired and sluggish since I just got out of work not to long ago . Other then that I am feeling content and neutral because life is having some uncertainty but I know everything will work its way out with the support and love from my family . I am content and happy thinking of my life now and how things could be different .,2024-11-13T12:24:53.000000,7,false,-2.0,0.0,1.3592000000000004,0.6083225806451613
105,1774,"Tired , Active , Motivated , Anxious , Good",2024-11-13T17:01:22.000000,7,true,0.0,2.0,0.8392,1.5152
105,1775,"Tired , Motivated , Content , Sluggish , Optimistic",2024-11-13T22:25:31.000000,7,true,-2.0,0.0,0.6808,0.7368
105,1776,"Tired , Content , Optimistic , Relaxed , Neutral",2024-11-14T12:01:19.000000,7,true,-2.0,0.0,1.1232,0.13759999999999994
105,1777,"Tired , Content , Fuzzy , Uneasy , Ignored",2024-11-15T12:08:21.000000,7,true,-2.0,0.0,-1.6375999999999997,0.34639999999999993
105,1779,"Worried , Overthinking , Lonely , Unappreciated , Unsure",2024-11-15T17:35:27.000000,7,true,0.0,1.0,-2.2032,1.2576
105,1780,Right now I am currently trying to wake up but it’s a little harder for me right now . I want to . go back to sleep but that’s usual for working the night shift . I am thankful that it’s Friday but would rather lay in bed then do anything .,2024-11-15T22:59:57.000000,7,false,-2.0,0.0,0.9862222222222223,0.6505217391304348
105,1781,Exhausted and tired . I worked overnight and only got about 2 hours of sleep through out the day so I am drained . Sleep is calling my name soon so the tiredness is over powering my other emotions . To be honest typing is taking a lot out of my and making me more tired .,2024-11-16T22:15:38.000000,7,false,-2.0,0.0,0.08474999999999999,0.37341176470588233
105,1782,"Upbeat , Postive , Thoughtful , Optimistic , Grateful",2024-11-17T12:02:22.000000,7,true,1.0,2.0,2.964,0.754
105,1783,"Neutral , Ok , Tired , Thankful , Grateful",2024-11-17T17:01:20.000000,7,true,0.0,1.0,1.0419999999999998,0.19799999999999995
105,1784,"Uneasy , Neutral , Unsure , Blah , In the middle",2024-11-18T12:02:58.000000,7,true,0.0,1.0,-1.7184000000000001,0.8051999999999999
105,1785,"Sluggish , Tired , Complacent , Neutral , Hurt",2024-11-18T22:01:10.000000,7,true,-2.0,0.0,-1.592,0.48
105,1786,"Nervous , Uncertainty , Anxiety , Sad , Annoyed",2024-11-19T12:01:09.000000,7,true,-2.0,2.0,-2.804,1.801
105,1795,I’m not feeling fully awake since waking up not that long ago . I slept around 2 hours and it didn’t help . I’m not feeling like myself a lot of stressors right now in life and financially it’s been rough for my family . Sometimes it’s hard to have hope but need too .,2024-11-19T17:00:58.000000,7,false,-2.0,0.0,1.5190588235294118,0.7199166666666668
106,1822,"Nostalgic , Sad , Lonely , Tired , Sleepy",2024-10-12T12:33:32.000000,7,true,-1.0,1.0,-1.3408,0.0815999999999999
106,1823,"I feel extremely inconvenienced . I wish I could go back and time and change my decisions so I’m not in the situation that I’m currently in . I’m grateful that my inconvenience is minor and temporary , but I’m still annoyed .",2024-10-13T12:31:10.000000,7,false,-1.0,0.0,0.17261538461538445,0.915
106,1824,I’m feeling a little tired but I feel like I have a lot of things that I’m looking forward to doing . I finished my outstanding tasks that I was dreading . I feel relieved and know that I can rest soon .,2024-10-14T12:51:27.000000,7,false,-1.0,0.0,1.3616,0.6784761904761905
106,1825,I’m tired but I feel relaxed . I finally have free time . I am looking forward to eating food and unwinding . My day is finally over and I don’t have any outstanding obligations . I’m grateful that I didn’t have a stressful day .,2024-10-14T22:02:10.000000,7,false,1.0,0.0,1.681777777777778,0.6667058823529411
106,1826,"Relaxed , Easygoing , Peaceful , Positive , Productive",2024-10-16T12:37:03.000000,7,true,2.0,0.0,2.9776,0.052000000000000046
106,1827,I feel exhausted and drained . I feel like I need a nap . I want to sleep . I can’t wait to rest and relax . I’m also frustrated because piece of the back of my phone glass is falling off . I hope it doesn’t break more .,2024-10-16T17:29:19.000000,7,false,-2.0,0.0,0.5760000000000002,0.5311818181818182
106,1828,I recently had a scary motorcycle accident and I’m still recovering . I feel very shaken up and afraid to ride my motorcycle again . I’m feeling very sad right now because of the incident . I also feel uneasy .,2024-10-18T12:12:43.000000,7,false,-1.0,1.0,-0.06360000000000002,1.3145555555555555
106,1830,"Congested , Sick , Tired , Relaxed , Mellow",2024-10-19T12:58:23.000000,7,true,2.0,0.0,-0.546,-0.1655000000000002
106,1831,I’m feeling relaxed and at ease . I’m not too stressed about anything at the moment . I’m still a bit sick which is frustrating but my symptoms seem to have improved . I am looking forward to getting rest and getting better .,2024-10-19T22:27:48.000000,7,false,2.0,0.0,0.8637647058823529,0.71125
107,1841,"I’m feeling very tired and having little energy . I find it hard to get out of bed . All the stress has been weighing on me lately and it just seems too much to handle . I’m also feeling very lonely , but because of my ankle injury , I can’t go out to meet my friends .",2024-08-04T12:01:14.000000,7,false,-2.0,0.0,0.3959999999999999,0.7517
107,1842,"I feel like I’m in a rut , unable to get out . I hear my abusive ex’s voice in my head “you’re too passive . You’re wallowing in self-pity . ” Maybe he’s right . Maybe I don’t have to willpower to continue .",2024-08-04T17:00:58.000000,7,false,-2.0,1.0,0.6314285714285715,0.8642857142857143
107,1843,"I am feeling ok or neutral this morning . Although my situation is not ideal as I am facing a lot of stress right now , but I can choose to be kind to myself and respond to the life stress with calmness .",2024-08-05T12:10:15.000000,7,false,0.0,1.0,1.0050526315789474,0.5852222222222222
107,1844,I drank too much coffee . I am feeling jittery and anxious . My heart rate is higher than normal . I feel like I’m on edge . Also I’m feeling lonely and down . I wish I could travel with my friends together .,2024-08-05T17:14:59.000000,7,false,-1.0,2.0,1.2146666666666668,0.8124444444444444
107,1845,"Angry , Irritated , Annoyed , Bothered , Sad",2024-08-05T22:54:35.000000,7,true,0.0,2.0,-2.678,1.762
107,1846,I find it hard to have motivation to do anything . I feel a sense of loss : loss of confidence and identity . I am not sure who I am or what I want anymore . I feel like it’s easier to just sleep all day and not think about anything .,2024-08-06T12:01:19.000000,7,false,-1.0,1.0,1.2655238095238095,0.7986666666666666
107,1847,"I am moving slowly , feeling listless . I am standing in a crowded , bustling train station , but I am feeling very alone . I feel like no one wants me . I crave connection and love but I have been hurt too many times .",2024-08-06T17:03:07.000000,7,false,-1.0,1.0,0.9104444444444444,0.7242
107,1848,"Tired , Exhausted , Content , Chill , Supported",2024-08-06T22:46:36.000000,7,true,0.0,0.0,0.32320000000000004,0.32000000000000006
107,1849,"Tired , Unmotivated , Exhausted , Drained , Fatigued",2024-08-07T12:22:56.000000,7,true,-2.0,0.0,-2.6072,0.2912000000000001
107,1850,I don’t feel like I did a good job at my job interview today . I feel bad about myself . I have a lot of criticism about myself . I’m trying to challenge my inner critic but I’m still feeling down . I know I need to be more patient with myself and my progress .,2024-08-07T17:01:57.000000,7,false,-1.0,1.0,0.8920000000000001,0.8532500000000001
107,1852,"I feel overwhelmed . There is so much to do and so little time . I feel the urge to pull away and hide myself from all my responsibilities . But I have to resist the urge , because although it provides temporary relief , it won’t help me in the long run—it will actually make me hate myself more and make my long-term anxiety worse .",2024-08-07T22:12:23.000000,7,false,-1.0,2.0,0.1511111111111111,1.0468148148148149
107,1853,"My cat is sick , and I am very worried for him . I was in such an anxious state that I missed my job interview so now I feel really bad about myself . I’m having a lot of thoughts of self-blame , and I’m feeling nervous , worried , anxious , and down .",2024-08-08T17:00:41.000000,7,false,-2.0,2.0,-0.46222222222222226,1.1987
107,1854,"Nervous , Worried , Anxious , Stressed , Jittery",2024-08-08T22:19:29.000000,7,true,-1.0,2.0,-2.2488,2.2920000000000003
107,1855,"My cat is in pain . I am very worried about him , but I also have a job interview soon and have to prepare for that . The constant stress is making me very tired . I feel like I do not have enough energy to handle the day .",2024-08-09T12:54:43.000000,7,false,-2.0,2.0,0.6110476190476191,1.0693000000000001
107,1856,"Tired , Drained , Worried , Nervous , Sad",2024-08-09T17:25:15.000000,7,true,-2.0,0.0,-2.46,1.188
107,1857,"Relieved , Content , Connected , Accomplished , Tired",2024-08-10T17:10:27.000000,7,true,0.0,1.0,1.5536,0.477
107,1858,"Worried , Content , Relieved , Excited , Anxious",2024-08-10T22:15:13.000000,7,true,-1.0,2.0,0.7087999999999999,1.592
119,2472,"As of right now , I’m feeling exhausted from not sleeping enough last night . My mind feels foggy , and I’m struggling to stay focused on tasks . I’m hoping to get some rest soon so I can recharge and feel more productive .",2024-10-16T12:34:18.000000,7,false,-1.0,0.0,1.0187368421052632,0.6027777777777776
119,2473,"I ' m really hungry since I barely ate while traveling . Also feeling rushed because the events I need to handle aren ' t done yet , and it ' s adding to my stress . Need to refuel and focus on finishing things up .",2024-10-16T22:01:04.000000,7,false,0.0,1.0,0.6704000000000001,1.021375
119,2474,"Sleepy , Exhausted , Cold , Hungry , Thirsty",2024-10-17T17:26:52.000000,7,true,-2.0,0.0,-1.6880000000000002,0.9488
119,2475,"As of right now , I feel tired . I didn’t sleep much last night and I don’t feel hungry this early in the morning . It wasn’t as cold as it was yesterday but , it’s cold nonetheless and I didn’t have practice and things to do .",2024-10-18T12:12:18.000000,7,false,0.0,1.0,0.45749999999999996,0.6381904761904762
119,2476,"Happy , Hot , Thirsty , Hungry , Excited",2024-10-18T17:01:19.000000,7,true,0.0,2.0,0.5289999999999999,2.0048
119,2477,"I’m feeling incredibly comfortable and happy right now . After the stress of the last few days , it ' s such a relief to have this moment to unwind . I received some beautiful flowers , which made my day so much brighter . There’s something about flowers that brings a calmness to the room , and it feels good to just be surrounded by something so simple yet cheerful .",2024-10-18T22:57:15.000000,7,false,2.0,2.0,1.9884444444444445,0.6487999999999999
120,2485,"tired , anticipatory , scattered , calm , neutral",2024-11-02T17:01:21.000000,7,true,-2.0,0.0,-0.272,0.1856
120,2486,I ' m feeling content and happy having spent the day with my family including members I haven ' t seen in a while . I am also feeling energetic & engaged after a day of physical activity and outdoor time .,2024-11-02T22:01:24.000000,7,false,2.0,0.0,1.9409411764705884,0.6578666666666667
120,2487,"happy , lively , enthusiastic , energetic , ready",2024-11-03T12:17:07.000000,7,true,2.0,1.0,2.9463999999999997,1.9351999999999998
120,2488,"active , energized , hyper , focused , enthused",2024-11-03T17:16:20.000000,7,true,0.0,2.0,1.5559999999999998,1.6920000000000002
120,2489,"tired , exhausted , content , full , lethargic",2024-11-03T22:01:24.000000,7,true,-2.0,0.0,-1.0752,0.2288
120,2502,"tired , sluggish , determined , ready , thoughtful",2024-11-04T12:52:02.000000,7,true,-1.0,0.0,0.03279999999999998,0.3176000000000001
120,2503,I am currently feeling neutral as I am engaged with many items at work today with which require my full focus and concentration .   I am also relatively relaxed as most of the work has been completed and deadlines will be met .,2024-11-04T17:08:15.000000,7,false,0.0,1.0,1.476,0.47144444444444444
120,2504,"I am currently feeling satisfied because I have completed all of my work without needing to put in overtime , relaxed as I have no more pressing concerns for the remainder of today and happy to wind down .",2024-11-04T22:12:01.000000,7,false,2.0,0.0,1.1960000000000002,0.638
120,2505,I am feeling mentally tired and sluggish since I did not get a lot of sleep last night . I am also feeling annoyed because I have unexpected work given to me that I need to finish in a short amount of time today .,2024-11-05T12:17:38.000000,7,false,-2.0,0.0,0.25835294117647056,0.6920869565217391
120,2506,"active , content , engaged , focused , energetic",2024-11-05T17:33:09.000000,7,true,0.0,2.0,2.59,1.49
120,2507,"happy , accomplished , content , energized , eager",2024-11-06T17:27:56.000000,7,true,2.0,1.0,3.004,1.4573333333333334
120,2508,I ' m feeling tired and lethargic after a long day at work . I ' m feeling curious about what to eat for dinner . I ' m feeling shocked at how early it became dark today and surprised by how much it affects my mood .,2024-11-06T22:05:35.000000,7,false,-2.0,0.0,0.9101176470588236,0.7503333333333333
120,2509,"sluggish , tired , worried , reflective , curious",2024-11-07T12:27:31.000000,7,true,-2.0,0.0,-1.2255999999999998,0.7256
122,2587,I am feeling stressed because of a few large projects at work that I feel I am behind on . I also did not get enough sleep last night . Looking forward to the weekend so I can catch up on sleep and maybe even do something fun,2024-08-29T12:02:11.000000,7,false,1.0,0.0,1.1548,0.9465217391304348
122,2589,"Stressed , Tired , Worried , Exhausted , Thankful",2024-08-29T17:05:37.000000,7,true,0.0,1.0,-1.6351999999999998,1.1184
122,2590,I am glad to be done with work but I am feeling very tired . Definitely looking forward to the upcoming long weekend . Not feeling particularly happy or sad at the moment . I plan to go to sleep pretty early,2024-08-29T22:11:33.000000,7,false,1.0,1.0,1.3884,0.723111111111111
122,2591,"I am feeling good because it is Friday , and the workday always ends a bit earlier on a holiday weekend vs . a normal week . I will mostly just be relaxing this weekend but am hoping to get some nice bike rides in . The weather looks like it will be good as well .",2024-08-30T12:05:43.000000,7,false,-1.0,0.0,2.0558333333333336,0.5818461538461538
122,2592,"Hapoy , Content , Joyful , Relaxed , Okay",2024-08-31T22:03:28.000000,7,true,1.0,1.0,2.442,0.30899999999999994
122,2593,"Calm , Content , Joyful , Glad , Happy",2024-09-02T17:03:56.000000,7,true,1.0,1.0,3.3031999999999995,0.9688
122,2594,"Content , Tired , Sleepy , Happy , Wondering",2024-09-02T22:30:57.000000,7,true,0.0,1.0,1.0432000000000001,0.7784
122,2595,"I am feeling okay right now . I am at work and things are a little slow because it is the first day back at work after a long three-day holiday weekend for Labor Day . So luckily it is not too stressful , but I am still wishing it was the weekend again .",2024-09-03T12:00:54.000000,7,false,0.0,1.0,1.158363636363636,0.61528
122,2596,"Calm , Bored , Daydreaming , Tired , Hopeful",2024-09-03T17:20:20.000000,7,true,0.0,1.0,0.6016000000000001,0.0007999999999999119
122,2597,"I am feeling relaxed right now because it is Tuesday night and work was not all that stressful today . I think because today was the first day back after the long holiday weekend for Labor Day , people were mostly heads down doing their own work .",2024-09-03T22:52:17.000000,7,false,1.0,1.0,1.2382608695652173,0.6419285714285714
122,2598,Today has been a busy day at work thus far . I have had a few meetings and have been getting a lot of requests from stakeholders . Therefore I am feeling a moderate level of stress currently . I am also a little tired because I did not sleep all that well .,2024-09-04T12:07:42.000000,7,false,-1.0,2.0,0.6566666666666667,0.5068695652173913
122,2600,"I am feeling neutral at the moment . The work day is almost over since it is nearly 4 : 00PM , and the day was moderately stressful . I am hoping for a relaxing evening . I might even go to a local run club at a running store for a group workout .",2024-09-04T17:45:50.000000,7,false,0.0,1.0,0.9575238095238093,0.8784166666666666
127,2912,"Last night , I went out and had a great time , but now I’m just feeling really tired . I stayed out later than I planned , and even though I slept , I still woke up feeling drained . My whole body feels heavy , and I can’t seem to shake off the tiredness . I thought a good night’s sleep would help , but instead , I’m just dragging through the day , barely able to focus on anything .",2024-09-15T12:00:40.000000,7,false,-1.0,0.0,0.6769411764705883,0.6505294117647059
127,2913,"Calm , Cool , Happy , Chill , Relaxed",2024-09-15T17:01:04.000000,7,true,2.0,0.0,3.1271999999999998,0.2607999999999999
127,2914,I feel happy enjoying the process of helping kids learn new things . My work brings me joy and keeps me motivated each day as I love seeing their progress and growth . It’s fulfilling to know I’m making a positive impact on their learning journey .,2024-09-16T17:09:44.000000,7,false,2.0,1.0,2.6253333333333333,1.4249473684210527
127,2915,"Calm , Rested , Happy , Cool , Chill",2024-09-16T22:02:39.000000,7,true,2.0,0.0,3.0103999999999997,0.41279999999999994
127,2916,"Happy , Calm , Nice , Relaxed , Cool",2024-09-17T12:00:25.000000,7,true,1.0,2.0,3.276,0.4496
127,2917,"happy , mad , glad , nervous , anxious",2024-09-17T22:03:15.000000,7,true,-1.0,1.0,0.2224,2.2504
127,2918,"I’m feeling jittery , with a sense of nervous energy that makes it hard to focus . My mind feels restless , and it’s tough to sit still or concentrate . It’s an uncomfortable feeling , but I’m trying to stay calm and manage it by taking deep breaths .",2024-09-18T12:39:31.000000,7,false,-2.0,2.0,0.5217777777777778,0.8652727272727272
127,2919,"CHILL , CALM , RELAXED , HAPPY , CONTENT",2024-09-18T17:16:20.000000,7,true,0.0,2.0,2.9335999999999998,0.06559999999999988
127,2920,"Hungry , Happy , Calm , Angry , Cold",2024-09-18T22:00:32.000000,7,true,1.0,1.0,-0.11759999999999997,1.2744
127,2921,"I ' m feeling really annoyed at work today . It seems like everything is going wrong , and it ' s starting to get under my skin . There are constant interruptions , making it hard to focus on what I need to get done . The workload is piling up , but instead of tackling it , I’m spending most of my time fixing small issues that keep popping up . It feels like I ' m putting out fires all day , and it’s exhausting .\ n",2024-09-19T12:01:15.000000,7,false,-2.0,2.0,0.8083333333333332,0.9811176470588235
127,2923,"I ' m feeling really annoyed at work today . It seems like everything is going wrong , and it ' s starting to get under my skin . There are constant interruptions , making it hard to focus on what I need to get done . The workload is piling up , but instead of tackling it , I’m spending most of my time fixing small issues that keep popping up . It feels like I ' m putting out fires all day , and it’s exhausting .",2024-09-19T17:00:42.000000,7,false,1.0,2.0,0.8083333333333332,0.9811176470588235
127,2924,"happy , sad , content , aggravated , smiling",2024-09-20T12:51:46.000000,7,true,-1.0,2.0,0.8664,1.1612
127,2925,"I am currently experiencing a state of emotional neutrality . There are no strong positive or negative feelings overwhelming me at the moment . My emotions feel calm and composed , like a still pond . My mind is clear and focused , without any distracting thoughts or feelings . I am simply present and observing my surroundings without any particular reactions .",2024-09-20T17:49:03.000000,7,false,0.0,1.0,0.8455000000000003,0.5658333333333334
133,3098,"Currently I feel wonderful , like all I have been hoping for are coming through . So I feels good and great \nHappy ! I just finished The Chamber of Secrets for the first time and oh God what a read it is . I recommend it to everyone",2024-09-12T12:11:19.000000,7,false,1.0,0.0,2.01675,0.6943333333333334
133,3099,"Happy , Loved , Excited , Wanted , Proud",2024-09-13T17:14:04.000000,7,true,1.0,1.0,3.4669999999999996,1.818
133,3100,"Happy , Good , Hopefull , Excited , Grateful",2024-09-14T12:04:48.000000,7,true,0.0,1.0,3.593,1.387
133,3101,"Happy , Grateful , GOOD , Excited , Wonderful",2024-09-14T22:19:34.000000,7,true,2.0,1.0,3.6512000000000002,1.5304
133,3103,"I’m feeling a blend of anxiety and hope right now . The anxiety comes from worries about an upcoming event or unresolved issues , which seem to linger in the back of my mind and affect my daily routine . At the same time , there ' s a sense of hope that counterbalances this anxiety , giving me a glimmer of positivity and a belief in a better outcome . This mix makes me cautious and reserved in some moments , yet optimistic and enthusiastic about potential positive outcomes in others . Overall , it’s a complex interplay between worry and optimism that shapes how I approach things .",2024-09-15T12:06:10.000000,7,false,0.0,2.0,0.8774285714285716,0.9438222222222222
133,3104,"Active , Happy , Excited , Loved , Wanted",2024-09-15T17:07:57.000000,7,true,0.0,2.0,3.3489999999999998,1.8479999999999999
133,3105,"I’m experiencing a deep sense of happiness right now that feels incredibly fulfilling and uplifting . It’s not anchored to a specific event but rather a general sense of well-being and contentment that seems to infuse my daily life . Everything feels a bit more vibrant and enjoyable , as if I’m seeing the world through a brighter , more optimistic lens . This feeling has a way of making even the simplest moments more delightful . I’m smiling more often , and interactions with others are marked by a genuine enthusiasm and positive energy .",2024-09-16T12:20:41.000000,7,false,1.0,1.0,2.1904,0.975
133,3106,"Happy , Anxious , Excited , Hopefull , Graceful",2024-09-16T17:05:09.000000,7,true,0.0,1.0,2.175,2.388
133,3107,"Happy , Excited , Graceful , Hopefull , Contented",2024-09-17T12:11:47.000000,7,true,1.0,0.0,3.327,2.037333333333333
133,3108,"Excited , Grateful , Happy , Loved , Wanted",2024-09-17T17:00:41.000000,7,true,1.0,1.0,3.571,1.471
133,3109,"Excited , Happy , Wanted , Loved , Grateful",2024-09-18T12:12:00.000000,7,true,1.0,1.0,3.5709999999999997,1.4709999999999999
134,3122,"I woke up today and struggled to get out of bed . When I left my bed , I was extremely tired and lethargic and wanted to get back in it . I had to go to college , so I pushed through anyway . I was tired when I arrived at my first class , and was late due to my aforementioned struggle to get out of bed .",2024-10-16T12:34:06.000000,7,false,-2.0,0.0,0.2421666666666666,0.8869333333333334
134,3123,"Hungry , Impatient , Restless , Nervous , Lethargic",2024-10-16T17:01:00.000000,7,true,0.0,1.0,-2.4408000000000003,1.6184
134,3125,"Procrastinating , Moody , Happy , Satisfied , Lethargic",2024-10-16T22:15:22.000000,7,true,1.0,1.0,0.8210000000000001,1.3880000000000001
134,3126,"Lethargic , Sleepy , Moody , Worried , Anxious",2024-10-17T12:00:57.000000,7,true,-1.0,0.0,-1.6992,1.304
134,3127,"Agitated , Content , Restless , Happy , Joyous",2024-10-17T17:02:27.000000,7,true,0.0,2.0,1.404,1.6423999999999999
134,3128,"Lethargic , Neutral , Unmotivated , Content , Sleepy",2024-10-17T22:03:03.000000,7,true,0.0,1.0,-0.45199999999999996,-0.31999999999999984
134,3129,I stayed up until 3 A . M . yesterday because I had too much caffeine but feel okay today . I am anxious because I have to do my English Midterm today . I also need to brush my teeth and dreading it . I don ' t really want to do anything ever .,2024-10-18T12:30:02.000000,7,false,-2.0,0.0,0.9342857142857143,0.9612727272727273
134,3130,"I am currently feeling like I am a wet dish rag , to say the least . I literally didn ' t do anything today except masturbate which made me feel like a failure . I would say that I am not feeling bad , but not feeling good .",2024-10-18T22:01:16.000000,7,false,0.0,1.0,0.6360000000000001,0.74525
134,3131,"Neutral , Lethargic , Anxious , Content , Melancholic",2024-10-19T17:09:24.000000,7,true,0.0,1.0,-0.9456,0.5248000000000002
134,3132,"Sluggish , Uncomfortable , Lethargic , Anxious , Nervous",2024-10-19T22:01:36.000000,7,true,-1.0,0.0,-2.2152000000000003,1.1392
134,3133,"I went to counseling today to discuss my issues and felt like I could tackle them . I had a very pleasant morning and felt better than usual . I had a good enjoyable lunch too , it was a cheeseburger ! Nothing will stop me today .",2024-10-20T17:48:14.000000,7,false,0.0,1.0,1.4726,0.6561904761904762
134,3134,"I did not complete my math homework yesterday that I had a week to do and felt like a useless failure . I did get out of bed today at a reasonable time , and math class was slightly interesting , so I guess I ' m happy . Slightly joyous , even .",2024-10-21T12:44:43.000000,7,false,1.0,1.0,0.9392380952380954,0.7937037037037037
134,3137,I just finished my Javascript Exam and am confident I got 100 % so I feel accomplished ! I am feeling quite tired and lazy though . I have to do my math homework . I don ' t feel as useless as I did this morning .,2024-10-22T17:41:12.000000,7,false,-1.0,0.0,0.6890000000000001,0.8062222222222222
134,3138,"My headlights on my car was not working which made me scared . I have to hit the center console on the car in order to get it to work , which made me anxious and frightened . I felt like a failure today because I didn ' t go to math class .",2024-10-22T22:01:04.000000,7,false,0.0,0.0,0.5385263157894737,1.1168461538461538
139,3487,"happy , fantastic , cool , delightful , reserved",2024-11-12T12:09:12.000000,7,true,1.0,1.0,2.9736000000000002,1.4176
139,3488,"Confident , Relaxed , Happy , Buzzed , Energetic",2024-11-12T17:07:51.000000,7,true,1.0,1.0,2.484,1.0168
139,3489,"I feel relaxed and euphoric , with reduced inhibitions and heightened sociability , often accompanied by a sense of warmth and calmness . I feel so confident and energetic to try out new things and do the things I’m scared of without being scared or anxious , I feel so lightheaded , impaired balance with heightened mood \ nI feel so cool and reserved and have less worry and increased emotional sensitivity ……… \ n \ nIt feels like I’m at the top of the world and having confidence to try out new things",2024-11-12T22:08:36.000000,7,false,1.0,2.0,1.1000000000000003,0.9682926829268292
139,3490,"I currently feel relaxed and euphoric , with a sense of warmth spreading throughout my body , accompanied by reduced inhibitions and heightened sociability .\ nEmotionally , I feel anxious , depressed and irritable , with heightened sensitivity to surroundings , struggling to focus and maintain a clear train of thought .",2024-11-13T12:02:59.000000,7,false,1.0,1.0,1.0445454545454547,1.0428695652173914
139,3491,"I currently feel relaxed and euphoric , with a sense of warmth spreading throughout my body , accompanied by reduced inhibitions and heightened sociability . My thoughts are slightly foggy , and my coordination is impaired , making everyday tasks challenging . Physically , I ' m experiencing a pleasant numbness .\ n \ n , I feel lethargic and weak , with hangover symptoms like headaches , fatigue and nausea setting in . Emotionally , I ' m anxious and irritable , struggling to focus . My body feels drained .\ n \ n I feel disoriented and confused , with increased emotional sensitivity and mood swings causing regrettable decisions and actions .",2024-11-13T17:10:16.000000,7,false,2.0,0.0,0.15435897435897464,1.0256
139,3493,"I ' m feeling relaxed and calm , with a gentle haze enveloping my thoughts . The alcohol ' s warmth has seeped into my muscles , easing any tension or stress , and my senses seem slightly dulled . My thoughts are floating effortlessly .\ nI feel a soothing tranquility wash over me , calming my mind and easing my muscles . The initial sharpness of my thoughts begins to blur , replaced by a gentle haze that softens the edges of my worries . My senses , once acute , now feel slightly dulled , as if viewed through a warm , fuzzy lens . The world around me seems more mellow .\ nMy limbs feel heavier , weighed down by a pleasant lethargy that discourages unnecessary movement . Conversation flows more easily , unencumbered by self-consciousness or inhibitions . Emotions , too , become more fluid , with laughter and smiles emerging more readily \ n \ n",2024-11-13T22:06:07.000000,7,false,0.0,1.0,1.0143333333333333,0.6030526315789473
139,3494,"Happy , Calm , Cool , Energetic , Reserved",2024-11-14T12:05:54.000000,7,true,0.0,2.0,2.7096,1.0072
139,3495,"I ' m feeling slightly relaxed , with a subtle warmth spreading through my body . My senses remain sharp , but my mind has eased into a calm , gentle hum . Clarity and focus remain intact . A gentle warmth spreads throughout my body , easing any residual tension and promoting relaxation . My mind , previously alert and active , slows its pace slightly , adopting a calm and serene demeanor \ nMy senses remain sharp and responsive , with no noticeable diminishment in clarity or focus . Emotionally , I feel more at ease , with concerns or worries diminishing in intensity . Social interactions become more comfortable , with conversation flowing effortlessly . Laughter and smiles emerge more readily . my thinking remains clear and logical . Problem-solving abilities and decision-making capacities seem unaffected . Memory recall and concentration remain intactBalance and coordination are maintained .",2024-11-14T17:06:22.000000,7,false,1.0,0.0,1.6709090909090907,0.5856969696969696
139,3496,"Happy , Relaxed , Calm , Tranquil , Serene",2024-11-14T22:03:43.000000,7,true,2.0,2.0,3.1887999999999996,-0.20520000000000005
139,3497,"I ' m feeling rather chill and relaxed , like the tension in my body has dissipated , leaving me with a warm , fuzzy sensation . My thoughts are still clear , but my mind has shifted gears , and I ' m now cruising at a leisurely pace , enjoying the gentle buzz .\ n \ nThe gentle warmth spreading through my veins is soothing , calming my nervous system and quieting my racing thoughts . My senses remain sharp , but my perception has softened , allowing me to view the world with a more relaxed , laid-back attitude . I find myself laughing more easily , connecting with others on a deeper level . My worries haven ' t vanished , but they ' ve receded into the background , allowing me to focus on the present moment .",2024-11-15T12:03:26.000000,7,false,1.0,1.0,1.2202307692307692,0.6463529411764706
139,3498,"Happy , Energetic , Calm , Cool , Reserved",2024-11-15T17:05:45.000000,7,true,1.0,1.0,2.7096,1.0072
139,3499,"I currently feel mildly relaxed and calm , with a subtle sense of euphoria and reduced inhibitions ,   My senses remain relatively sharp , with minimal impairment to coordination and cognitive function , although I may experience slight dizziness .",2024-11-15T22:11:13.000000,7,false,1.0,2.0,0.9376842105263159,0.5445714285714287
139,3500,"I ' m feeling rather chill and relaxed , like the tension in my body has dissipated , leaving me with a warm , fuzzy sensation . My thoughts are still clear , but my mind has shifted gears , and I ' m now cruising at a leisurely pace , enjoying the gentle buzz .\ n \ nThe gentle warmth spreading through my veins is soothing , calming my nervous system and quieting my racing thoughts . My senses remain sharp , but my perception has softened , allowing me to view the world with a more relaxed , laid-back attitude . I find myself laughing more easily , connecting with others on a deeper level . My worries haven ' t vanished , but they ' ve receded into the background , allowing me to focus on the present moment .",2024-11-16T12:21:53.000000,7,false,1.0,0.0,1.2202307692307692,0.6463529411764706
139,3501,"Delighted , Cool , Calm , Lively , Serene",2024-11-16T17:02:51.000000,7,true,2.0,1.0,3.0048000000000004,1.0032
139,3502,"I feel relaxed and calm , with moderate euphoria and reduced inhibitions . My senses are somewhat impaired , with mild dizziness , slight confusion , and decreased coordination , with potential slurred speech and impaired judgment .",2024-11-16T22:06:10.000000,7,false,1.0,1.0,0.235294117647059,0.6846315789473685
139,3504,"Happy , Delightful , Calm , Contented , Reserved",2024-11-17T12:04:33.000000,7,true,2.0,0.0,2.7784,0.9583999999999999
139,3505,"Warm , Relaxed , Calm , Fuzzy , Excited",2024-11-17T17:06:13.000000,7,true,2.0,2.0,1.9424,0.44800000000000006
139,3506,"Cool , Calm , Quiet , Depressed , Nervous",2024-11-18T12:05:54.000000,7,true,0.0,1.0,0.45520000000000016,0.5315999999999999
139,3507,"Calm , Happy , Cool , Excited , Reserved",2024-11-18T22:05:18.000000,7,true,2.0,0.0,2.8072,1.0576
139,3508,"my senses are slightly numb , and coordination takes a bit more effort . Simple tasks require a tad more concentration , and reaction times slow down . My body feels warm , flushed , and cozy .\ nMy worries seem to fade away , replaced by a carefree attitude and increased sociability .",2024-11-19T12:12:44.000000,7,false,0.0,1.0,0.47540740740740733,0.73272
140,3530,I would say that I am feeling relaxed . Also another way that I would be feeling is happy and the reason for that is because I have been able to spend time with family and also to enjoy the weather also,2024-08-08T17:01:04.000000,7,false,2.0,0.0,2.102666666666667,0.6396363636363636
140,3531,"Happy , Great , Peaceful , Na , Na",2024-08-09T17:07:58.000000,7,true,2.0,0.0,3.513333333333333,0.9386666666666666
140,3532,I would say that right now that I am feeling relax . The reason that I say that is because it is the weekend and also I am just watching movies . Also the reason thay I say this is because I am happy and also doing something that I enjoy doing alot of the times also,2024-08-10T17:06:05.000000,7,false,0.0,1.0,2.111714285714286,0.7943478260869565
140,3533,I am feeling happy right now because I am able to relax and also have the day off of work .   Also another reason why I am not feeling the bad is because I was able to spend time with family today . Also another reason I feel good is because I was able to also get some work done today .,2024-08-10T22:00:46.000000,7,false,0.0,1.0,1.7591428571428571,0.8088
140,3534,I would say now the way that I am feeling is content and also relax and the reason that I am feeling this way is because I feel that I have made good time of this weekend . Also another reason is because I was able to rest and I also feel alot more better and rested .,2024-08-11T12:00:45.000000,7,false,2.0,0.0,2.1814,0.6772142857142857
140,3535,The way that I am feeling is frustrated right now and the reason for that is because of the way that I am feeling now . The reason that I say that is because some days no matter how hard you try it is like some people try so hard to get to mad .,2024-08-11T17:02:59.000000,7,false,-2.0,0.0,0.6517647058823532,0.8977857142857142
140,3542,"Average , Ok , Making it , Na , Na",2024-08-11T22:02:55.000000,7,true,0.0,1.0,1.472,0.278
140,3543,Overall the way that I am feeling right now would be not bad but also happy also . The reason that I say this is because I have had am good morning   and also was able to relax an little also . Also another reason thaylt I say this is because I was able to have an good breakfast that I also had enjoyed .,2024-08-12T12:02:19.000000,7,false,0.0,1.0,1.6474545454545457,0.5894482758620689
140,3544,I would say the way that I am feeling right now is that I am satisfied and the reason for that is because I am relaxed and also at peace . The reason that I say that is because I am out in nature and it is something that is relaxing to me .,2024-08-12T17:01:36.000000,7,false,2.0,0.0,2.2450000000000006,0.49909090909090914
140,3545,"Even , Good , Fine , Relaxed , Na",2024-08-12T22:01:05.000000,7,true,0.0,1.0,3.0026666666666664,-0.1293333333333333
140,3546,"Energized , Happy , Relaxed , Na , Na",2024-08-13T12:13:01.000000,7,true,2.0,0.0,3.4299999999999997,0.5599999999999999
140,3547,I would say that the way that I am feeling right now is that I am content and also happy at the same time .   The reason that I say this is because I was able to spend time with family and also be able to get work done at the same time also .,2024-08-13T17:05:24.000000,7,false,0.0,1.0,1.5003809523809524,0.6822222222222223
140,3548,"Good , Calm , Tired , Ok , Na",2024-08-13T22:02:48.000000,7,true,0.0,1.0,1.168,-0.02000000000000024
140,3549,I would say that right now that I feel content with where I am and also am enjoying time with family right now .   Also it is an day that you are able to enjoy the weather that it is nice today .   Also it is an great day to be alive today,2024-08-14T12:01:16.000000,7,false,0.0,1.0,2.1662857142857144,0.7262857142857142
140,3550,The reason that I would say   that I feel calm is because I was able to go out and enjoy what nature had to offer me and also it is something that is an good stress reliver also .   Also it was an time that I was able to spend time with family .,2024-08-14T17:01:31.000000,7,false,2.0,0.0,1.933866666666667,0.84384
140,3551,I would say that I am feeling pretty good and also happy at this moment . The reason that I say this is because I am on vacation and also enjoying the time that I get to spend with family . Also I would say that it was an time that I was having fun,2024-08-14T22:03:31.000000,7,false,2.0,0.0,2.1004705882352943,0.9049230769230769
140,3553,"Calm , Happy , Peaceful , Na , Na",2024-08-15T12:04:18.000000,7,true,2.0,0.0,3.292,0.11866666666666659
145,3689,"I feel sad and tired right now . It is a gross , rainy day . I am also upset with my boyfriend at the moment . I am giving space and distance for now . I feel very down in the dumps today . I am hoping that my day gets better soon .",2024-08-07T12:08:02.000000,7,false,-1.0,1.0,0.4617391304347825,0.7357499999999999
145,3690,I am feeling much better about myself . I am talking to my friend on FaceTime now about the stress with my boyfriend . He is still annoying me but it is getting better . Hoping he starts to behave better later,2024-08-07T17:29:29.000000,7,false,1.0,1.0,1.246,0.9809333333333333
145,3691,"I feel angry about how my boyfriend is acting and am considering breaking up with him . I am currently cooking dinner and trying to talk to friends as a way to distract myself , but there is only so much more I can take right now",2024-08-07T22:05:10.000000,7,false,-1.0,1.0,1.5544,1.112
145,3692,"I am anxious , overwhelmed and upset . I am seriously considering leaving my boyfriend of 5 years over him interfering with my friendships and creating problems . I feel horrible and cannot handle the stress",2024-08-08T17:50:25.000000,7,false,-1.0,2.0,-0.8719999999999999,1.5283636363636361
145,3693,I feel a bit better about the situation with PERSON . He “tOoK aCcOuNtAbIlItY” for his actions . I hope I can come to a good place after speaking with my friend . I feel bad for how I acted in the whole situation,2024-08-08T22:17:23.000000,7,false,1.0,0.0,1.4195789473684213,0.7141176470588235
145,3694,I am currently on the train going back to the city . I feel very tired . I did a lot this weekend . I will have a relaxing Sunday night at home . I am a little annoyed people are sitting with me on the train because I feel uncomfortable,2024-08-11T17:15:08.000000,7,false,1.0,0.0,0.8272380952380954,0.86
145,3695,I am going for a walk right now so I can enjoy the weather and get out of the house . I am happy to get outside and be in the sun . I am also happy to be active since I had foot surgery and couldn’t walk for a while,2024-08-13T17:16:42.000000,7,false,0.0,2.0,1.4842105263157892,0.9508571428571428
147,3731,"Tired , Sluggish , Lazy , Discontented , Anxious",2024-10-14T12:43:40.000000,7,true,-1.0,0.0,-1.956,0.5800000000000001
147,3732,"Tired , Pain , Sluggish , Cold , Winded",2024-10-14T17:11:54.000000,7,true,0.0,1.0,-2.512,0.744
147,3733,"Content , Sleepy , Pained , Calm , Quiet",2024-10-14T22:01:30.000000,7,true,1.0,0.0,1.0352000000000001,-0.46950000000000003
147,3734,I feel very content right now not tired or irritated . I am peace with myself right now I ' m calm and quiet . I have no strife with anyone at the present and I feel pleasantly surprised that I don ' t have any anger in myself .,2024-10-15T12:12:26.000000,7,false,1.0,0.0,1.1796363636363636,0.7558181818181818
147,3735,I am feeling just okay I went for a walk with my friend and her dog . We got some air and sat out for a bit and talked about various things . Then we went up and I went to the store for her and I and I also fed the birds that I have been feeding for about 8 years,2024-10-15T17:09:50.000000,7,false,0.0,1.0,1.3989999999999998,0.9476363636363636
147,3736,I am feeling very content right now I ' m watching my shows and having an after dinner snack . I like to watch after my shows some videos on YouTube then I get tired and go to bed . They are called ASMR videos and they help me relax before bed or sometimes I watch pimple popping videos as a way to relax,2024-10-15T22:01:47.000000,7,false,1.0,0.0,1.2026666666666668,0.5922727272727273
147,3737,"Mad , Anxious , Jittery , Unhappy , Restless",2024-10-16T12:08:19.000000,7,true,-1.0,2.0,-2.12,2.414
147,3738,I am feeling satisfied right now my housing complex fixed my door and gave me a new key for my apartment because my key broke in the lock . I waited all day but they fixed my problem . Now I am going to feed the birds and print something out at the library that is very important .,2024-10-16T17:01:55.000000,7,false,0.0,1.0,1.0769090909090908,0.7019166666666665
147,3739,"Content , Satisfied , Neutral , Watching TV , Calm",2024-10-16T22:02:31.000000,7,true,0.0,1.0,1.9024,-0.09000000000000008
147,3740,I am feeling good right now it ' s a semi nice day out and I ' m out with my friend and her dog going on a nice walk . We are enjoying the fresh fall air for a few hours then we will go back home and do whatever house work we have to do,2024-10-17T12:34:26.000000,7,false,1.0,2.0,1.459,0.7898000000000001
147,3741,"Content , Calm , Neutral , Pleasant , Happy",2024-10-17T17:01:12.000000,7,true,0.0,1.0,2.4631999999999996,0.26
147,3742,"Content , Neutral , Relaxing , Watching TV , Happy",2024-10-17T22:01:35.000000,7,true,0.0,1.0,1.9224,0.40159999999999996
147,3743,I am very content right now I am house sitting for a friend in the hospital and I am taking care of his cat . I am also waiting on housing to come and fix his door knob before I leave and go home to my house and take care of my stuff for the day,2024-10-18T12:01:15.000000,7,false,0.0,1.0,0.9977391304347826,0.3334999999999999
147,3744,"Content , Happy , Relaxed , Enjoying fresh air , Sitting with nature",2024-10-18T17:02:18.000000,7,true,0.0,1.0,2.5634999999999994,0.30999999999999994
147,3745,I ' m very lively right now because I ' m watching my thing of all time ORG wrestling . I love ORG very much and have been watching for years since I was a teenager . I get very excited to watch because I have my favorite wrestlers,2024-10-18T22:01:22.000000,7,false,1.0,2.0,1.5228888888888887,0.9512631578947368
147,3746,"Neutral , Content , Calm , Quiet , Relaxed",2024-10-19T12:22:23.000000,7,true,0.0,1.0,2.024,-0.49239999999999995
147,3747,I just came home from visiting a friend in the hospital . He is doing much better so I am feeling good about that . I am house sitting and cat sitting for him and he should be going to rehab soon . Hopefully close to home so I can visit him at least two times a week .,2024-10-19T17:23:50.000000,7,false,0.0,1.0,1.434,0.39965217391304353
147,3748,"Happy , Content , Relaxed , Watching a movie , Quiet",2024-10-19T22:01:34.000000,7,true,1.0,1.0,2.7288,0.35640000000000005
147,3749,I am feeling really tired and sluggish because I didn ' t sleep well because of my friend being in the hospital and not getting the proper care . I also have a sleep disorder and bad neuropathy due to my diabetes so I had a lot of pain as well .,2024-10-20T12:01:22.000000,7,false,-1.0,0.0,0.10340000000000008,0.6088695652173912
147,3750,I am doing really good today I am sitting outside with my friends and their dogs in this beautiful weather . We went for a walk with the dogs and then came back to sit in the back of my building and chat and talk with the other neighbors .,2024-10-20T17:01:12.000000,7,false,0.0,1.0,1.314588235294118,0.59375
147,3751,I am very content and neutral I ' m watching one of my favorite movies on the ORG channel . I like this movie very much it is a Christmas movie and it makes me feel good so I ' m very happy it ' s on . It ' s going to be a Christmas movie marathon tonight and that makes me very happy because it ' s the ORG  countdown to Christmas which is my favorite holiday .,2024-10-20T22:05:45.000000,7,false,0.0,1.0,2.06528,0.9021428571428571
152,3869,"Context , Calm , Engaged , Busy , Interested",2024-07-09T17:01:40.000000,7,true,2.0,0.0,1.4320000000000002,0.475
152,3870,"Right now I feel pretty good about myself and my family . I am participating in a continuing education program which I enjoy and I have plans for the next two days . I also plan to go the the gym this afternoon . however , I am concerned about the November election .\ n \ n",2024-07-11T12:08:43.000000,7,false,2.0,0.0,1.5915294117647054,0.7910588235294118
152,3871,"Placid , Thoughtful , Concerned , Worried , Tired",2024-07-12T17:10:09.000000,7,true,-2.0,0.0,-1.0912,0.9568
152,3872,"I am placid and relaxed . However , I am also thinking about the future for my children and grandchildren , which worries me . I have to run several errands this morning and I would rather be doing something else . I also miss the ability to take trips due to my wife’s illness .",2024-07-13T12:34:22.000000,7,false,2.0,0.0,0.9427368421052629,0.7257777777777779
152,3873,"I am feeling content and relaxed . Although I worry about the future for my children and grandchildren , I know that I am lucky that they are all doing well . My wife had a stroke four years ago that left her unable to walk without assistance . This has eliminated our travel plans and other plans , but we are dealing with the situation .",2024-07-13T17:16:03.000000,7,false,2.0,0.0,1.0435555555555558,0.7897142857142857
152,3874,I feel content but worried about the future for my children and grandchildren .   I am somewhat frustrated by our inability to travel due to my wife’s disability caused by a stroke 4 years ago . My life is ok but not exciting .,2024-07-14T12:09:42.000000,7,false,2.0,0.0,0.5840000000000001,1.11275
152,3875,"Satisfied , Calm , Concerned , Interested , Busy",2024-07-14T17:45:14.000000,7,true,1.0,0.0,1.2448000000000001,0.7026666666666667
155,3938,"Focused , Tired , Determined , Nervous , Productive",2024-11-01T17:04:05.000000,7,true,0.0,1.0,-0.17000000000000004,1.342
155,3939,"Sad , Worried , Relaxed , Contemplated , Na",2024-11-01T22:06:07.000000,7,true,-1.0,1.0,-0.8426666666666668,0.6026666666666667
155,3940,"I am feeling calm and content , not much to do today so I can relax and spend quality time with my partner . I had a good sleep so I feel well rested too . I also felt that I had a good evening with a successful score on my exam yesterday night and it was a big stressor , so I ' m happy and content it worked out .",2024-11-02T12:49:51.000000,7,false,1.0,0.0,1.9736923076923074,0.6623124999999999
155,3941,"Happy , Content , Chill , Relaxed , Calm",2024-11-02T17:32:45.000000,7,true,1.0,1.0,2.9335999999999998,0.0656000000000001
155,3942,"Sleepy , Content , Calm , Chill , Relaxed",2024-11-03T12:04:16.000000,7,true,0.0,1.0,2.3120000000000003,-0.4224000000000001
155,3943,"Chill , Focused , Relaxed , Calm , At peace",2024-11-04T12:19:49.000000,7,true,1.0,1.0,3.093,-0.621
155,3944,"Jittery , Nervous , Overwhelmed , Anxious , Weak",2024-11-04T22:30:36.000000,7,true,-1.0,1.0,-1.8328,1.7775999999999998
155,3945,I am feeling fearful about the future and I am feeling uncertain about the path forward and I am scared and nervous and shaking . Also I am feeling a bit numb and trying to convince my mental state to be calmer .,2024-11-07T17:17:07.000000,7,false,-2.0,2.0,0.15974999999999995,0.8897142857142857
155,3946,"Nervous , Stressed , Suppressed , Jittery , Tense",2024-11-08T12:34:29.000000,7,true,-1.0,1.0,-1.7690000000000001,1.855
155,3947,"I am feeling pretty calm in the current moment and a bit tired from the busy week . Overall , I feel pretty chill and I do not have too much anxiety in the current moment . I feel pretty peaceful and I do not feel very nervous right now . A little tense , but overall I am calm .",2024-11-08T17:45:35.000000,7,false,0.0,1.0,1.0735999999999999,0.5657692307692308
155,3948,"calm , focused , chill , relaxed , nottense",2024-11-09T17:04:20.000000,7,true,1.0,1.0,2.872,-0.5986666666666667
155,3949,"Calm , Excited , Chill , Happy , Content",2024-11-09T22:18:26.000000,7,true,1.0,1.0,3.0023999999999997,0.7744
164,4187,"Tired , Thoughtful , Busy",2024-07-19T12:01:27.000000,7,true,0.0,1.0,-0.816,0.21399999999999997
164,4188,"A little anxious about work related matters and completing projects that have to be resolved soon , but also excited for the weekend and the opportunity to relax and spend time with friends and family .",2024-07-19T17:02:04.000000,7,false,1.0,1.0,1.8295,0.9861333333333333
164,4189,"Excited , Nervous , Anticipatory , Zen , Calm before storm",2024-07-21T12:01:21.000000,7,true,1.0,0.0,0.5319999999999999,1.213142857142857
164,4190,"I’m doing fine . Nervous about our home purchase , and if we’re making the right decisions , or if we’re in over our heads . But I’m also excited about the prospect of making this a reality . We’ll see what happens .",2024-07-21T17:00:37.000000,7,false,1.0,1.0,1.85,0.8042222222222222
164,4191,"Nervous , Excited , Thoughtful , Na , An",2024-07-21T22:04:52.000000,7,true,1.0,1.0,0.7559999999999999,1.7213333333333334
164,4192,"Concerned about our housing situation , and lack of long term plans . Not sure if we should build , but kind of leaning towards it , even though it seems insane . But I ' m not sure what other real options we have , given our finances and the market .",2024-07-22T12:01:12.000000,7,false,1.0,1.0,0.7495555555555555,0.6522105263157895
164,4193,"I ' m nervous about our housing situation , and finding a place to live that will work for us . I want everyone to be happy , but to live in a small apartment , for 2 years minimum , could be very hard when we ' re trying to fit in to a new place . But what else are we supposed to do ?",2024-07-22T17:26:25.000000,7,false,0.0,1.0,1.093142857142857,0.8654074074074074
164,4194,"Tired , Bored , Cool , Na , Maybe",2024-07-22T22:00:32.000000,7,true,0.0,1.0,-0.8986666666666666,0.3653333333333333
164,4195,"Still concerned about the housing situation . Not making much progress unfortunately . It ' s kind of all I can think about these days , which is more than somewhat distracting at work , and makes it hard to focus on completing tasks that need to be done .",2024-07-23T12:01:12.000000,7,false,0.0,1.0,0.8632941176470589,0.714842105263158
168,4253,"I’m currently experiencing a mix of emotions . I am a little bit stress , tired , but at the same time , I’m feeling grateful for the life that I have . On the other hand , I am a little bit worried about some school things , but at the same time I have faith that everything will work out . Currently , trying to stay positive and fight procrastination to achieve my personal goals for today’s day .",2024-11-07T12:02:25.000000,7,false,0.0,1.0,0.7034838709677418,0.6021935483870968
168,4254,"Tired , Bored , Grateful , Stressed , Heavy",2024-11-07T17:02:19.000000,7,true,0.0,0.0,-1.3552,0.6248
168,4255,"I’m currently feeling better than before , more relaxed . I had a nice meal and a good laugh , which was all I needed for today . Feeling grateful , and happy for everything that is going on in my life right now .",2024-11-07T22:04:24.000000,7,false,1.0,1.0,2.7925000000000004,0.788
168,4256,"I am currently feeling calm and excited for today , I am excited and enthusiastic to learn . Definitely , have more energy than yesterday . Very grateful for everything and everyone in my life . Looking forward to continue with this grateful feeling for the rest of the day .",2024-11-08T12:04:39.000000,7,false,2.0,0.0,2.4927619047619047,0.8507368421052631
168,4257,"I am currently feeling mixture of excitement and anticipation as a few exams approach . I am also a little bit tired , but overall feeling good and at peace at this moment . Trying to stay positive and focused on my goals",2024-11-08T17:19:44.000000,7,false,2.0,0.0,1.2750588235294118,0.4085333333333333
168,4258,"Still feeling calm and happy . As the day comes to an end , I am starting to feel a little bit tired for all of the errands that I had to do today . Overall , still feeling grateful for everything in my life and looking forward to have a good day tomorrow !",2024-11-08T22:33:10.000000,7,false,0.0,1.0,1.5390909090909093,0.39052173913043486
168,4259,"Currently feeling content and tired . Looking forward to rest for a few minutes and continue with my happy . Overall , it has been a great day , which is keeping me motivated , grateful and happy . Looking forward for the rest of my day to be filled with positive energy .",2024-11-09T17:04:29.000000,7,false,1.0,0.0,2.223809523809524,0.6118181818181818
168,4260,"I am currently feeling extremely grateful , happy and calm . My heart is full of gratitude and positivity after having a successful day . Looking forward for another great day tomorrow… Ready to rest and have a good sleep .",2024-11-09T22:34:46.000000,7,false,1.0,0.0,2.4483636363636365,0.5906
168,4261,"Tired , Grateful , Excited , Positive , Happy",2024-11-10T17:07:02.000000,7,true,0.0,1.0,2.308,1.336
168,4262,"Currently feeling happy and very good about the outcome of my day , looking forward to rest and hoping to have an amazing day tomorrow ! I’m also feeling a little tired , but as I get ready to rest for the night , I am definitely feeling grateful for today’s day .",2024-11-10T22:12:04.000000,7,false,1.0,1.0,1.8805000000000003,0.5263636363636364
168,4263,"Today I woke up feeling extremely motivated , happy and energized . Looking forward to have an amazing day , enjoy every minute of it and learn new things thoughout this day . Looking forward to keep this positive energy going .",2024-11-11T12:20:07.000000,7,false,1.0,1.0,2.5406000000000004,1.1903809523809523
168,4264,"Feeling quite , even though I’m still in my “gratefulness bubble” today has been a really busy day , full of social interactions , which has me a little bit drained , but still feeling content , grateful and full of positivity for the rest of my day .",2024-11-11T17:01:54.000000,7,false,0.0,0.0,1.4133333333333336,0.05647619047619068
168,4265,"Feeling quiet , and in the unwinding as the night goes on . Looking forward to relax and have a great sleep , which I 100 % need after today , which was an amazing and productive day . Hoping that tomorrow will be a new day full of opportunities and positivity .",2024-11-11T22:22:22.000000,7,false,0.0,0.0,2.308181818181818,0.7389999999999999
168,4266,Woke up feeling great . As my day as started I’ve had some amazing interactions with great people ! Which has made the start of my day a good looking . Looking forward to keep this positive energy and radiate it to others .,2024-11-12T12:18:11.000000,7,false,1.0,1.0,2.442823529411765,1.191888888888889
168,4267,"Currently feeling happy , and grateful for all of the opportunities that I have had today . Feeling a little bit tired , but still pushing through the day , as I still have a few more commitments for today . Looking forward for the rest of my day to be as nice as it has been .",2024-11-12T17:02:27.000000,7,false,1.0,1.0,1.6589565217391304,0.39976923076923077
168,4268,Currently feeling extremely excited and happy of all the things I’ve learned today . Feeling extremely grateful for all of the opportunities that I have . Looking forward to have a great day tomorrow and keep learning !,2024-11-12T22:22:50.000000,7,false,2.0,1.0,2.5044444444444447,1.0164
168,4269,"Woke up feeling extra grateful for all of the wonderful things that are currently happening to me , and all of the opportunities that I have . Currently feeling , extremely enthusiastic for the day ahead and all of the doors that will be opening for me .",2024-11-13T12:32:11.000000,7,false,2.0,2.0,2.1654117647058824,1.1626315789473685
169,4286,"Family does not want me . They have left me out of every family event . I hate myself for that . I want to be counted as family as we . It is unfair to be a woman , tou have no value . I have self esteem or live for myself .",2024-08-09T12:02:09.000000,7,false,-2.0,2.0,1.4726315789473685,0.9062857142857143
169,4287,"Family does not want me . They have left me out of every family event . I hate myself for that . I want to be counted as family as we . It is unfair to be a woman , tou have no value . I have self esteem or live for myself .",2024-08-09T17:01:20.000000,7,false,-2.0,0.0,1.4726315789473685,0.9062857142857143
169,4288,I am feeling better than yesterday and have a better mood as well . I am still low on my self esteem and want to love myself . I hope to be a parent and partner for my family . I want to enjoy my weekend with them and cook delicious meals .,2024-08-10T17:01:30.000000,7,false,-2.0,0.0,2.2947272727272723,0.7082857142857142
169,4289,I am feeling better than yesterday and have a better mood as well . I am still low on my self esteem and want to love myself . I hope to be a parent and partner for my family . I want to enjoy my weekend with them and cook delicious meals .,2024-08-11T12:58:01.000000,7,false,-2.0,0.0,2.2947272727272723,0.7082857142857142
169,4290,I am feeling better than yesterday and have a better mood as well . I am still low on my self esteem and want to love myself . I hope to be a parent and partner for my family . I want to enjoy my weekend with them and cook delicious meals .,2024-08-11T17:50:03.000000,7,false,0.0,0.0,2.2947272727272723,0.7082857142857142
169,4291,I am feeling better than yesterday and have a better mood as well . I am still low on my self esteem and want to love myself . I hope to be a parent and partner for my family . I want to enjoy my weekend with them and cook delicious meals .,2024-08-11T22:35:40.000000,7,false,-2.0,1.0,2.2947272727272723,0.7082857142857142
169,4292,"Happy , Content , Useful , Satisfaction , Mature",2024-08-12T12:39:26.000000,7,true,1.0,2.0,2.5336,0.9408
169,4293,I am feeling a little bit nervous and worried about the future .   I want to say I am not looking forward to the elections in November .   I think people have become evil and toxic which is affecting their mental health .,2024-08-12T17:25:58.000000,7,false,-2.0,0.0,0.2741176470588235,1.104470588235294
169,4294,"Cool , Humor , Satisfaction , Hungry , Foodie",2024-08-12T22:21:55.000000,7,true,-2.0,0.0,1.7247999999999997,1.3719999999999999
169,4295,I am doing better today . I want to work hard and be happy . I want to be able to take care of my family ' s needs and wants and be a good parent . I hope to help my son with college and take the stress away from his life .,2024-08-13T12:37:43.000000,7,false,0.0,1.0,1.7971666666666668,0.8911304347826087
169,4296,"Cool , Relax , Fun , Hungry , Happy",2024-08-13T17:01:16.000000,7,true,-2.0,0.0,2.0888,1.4464000000000001
169,4297,I am feeling a little bit nervous and worried about the future .   I want to say I am not looking forward to the elections in November .   I think people have become evil and toxic which is affecting their mental health .,2024-08-13T22:13:00.000000,7,false,-2.0,1.0,0.2741176470588235,1.104470588235294
169,4298,I am feeling ok and worried about the future . I want to be a good citizen and have money to take care of my family . I hope for them to be happy and content . I want to spend money for education and other activities to better myself and my family .,2024-08-14T12:36:31.000000,7,false,-2.0,0.0,2.1410000000000005,0.932
169,4299,I am content and working to make sure my family is supported and loved . I want to give them a home and others things to grow and be productive citizens . I am doing the best that I can . I am content and happy .,2024-08-14T17:18:58.000000,7,false,-2.0,1.0,2.392888888888889,0.759
169,4300,I am happy and relaxed . I want to go to bed and be happy . I am having a good day and looking forward to the weekend soon . It has been a hard working week and I am looking forward to it ending . I am so trying to save money .,2024-08-14T22:08:57.000000,7,false,1.0,2.0,2.0210000000000004,0.7048571428571428
169,4301,I am enjoying my day . Hoping to travel a little and go out with my family for the weekend . I like traveling and learning about the new cultures . It is fun and educational . I want to learn new things .,2024-08-15T12:34:03.000000,7,false,1.0,2.0,2.446,1.0423529411764707
169,4302,"Worried , Content , Anxious , Nervous , Happy",2024-08-15T17:07:11.000000,7,true,-2.0,0.0,-0.25599999999999995,1.8399999999999999
169,4303,I am relaxed and trying to make it through the day . I have anxiety and nervousness which is leading to depression . I wan to be happy and trying really hard to keep myself together for my family . I hope to be caring and successful member of society .,2024-08-15T22:02:08.000000,7,false,-2.0,2.0,1.2079999999999997,0.8653636363636363
169,4304,I am happy to be here and looking forward to the week . I will be going on a short trip with my family and looking to have a good time on it . Schools will be opening soon and the kids are happy to gi back . I hope they have a good school year .\ n,2024-08-16T12:01:38.000000,7,false,1.0,1.0,1.9408695652173906,0.6317391304347826
169,4305,"I am happy to have had a wonderful ,   delicious lunch with my husband . It made him happy and content . I want to give to others and be a part fo their lives . It brings be joy and happiness . I hope others feel it as well .",2024-08-16T17:04:45.000000,7,false,-2.0,0.0,2.5982,1.0132173913043478
169,4306,I had a beautiful day with family and I am very pleased with myself .   I hope everyone is happy and content and have their wishes come true . I hope to better myself and grow with my family . Cheers to a wonderful day and weekend .,2024-08-16T22:22:11.000000,7,false,1.0,0.0,2.6930000000000005,0.8854736842105264
169,4307,"Relax , Happy , Content , Worried , Anxious",2024-08-17T22:02:12.000000,7,true,-2.0,0.0,0.8936,1.384
169,4308,I am worried about the future of my family . \nI want to work hard and be helpful to my family . I am enjoying my weekend and end of summer school . I had a delicious breakfast and content . I want to have cale today .,2024-08-18T12:51:28.000000,7,false,-2.0,0.0,1.7731999999999999,0.9798
169,4309,"Happy , Full , Content , Relaxed , Worried",2024-08-18T17:29:54.000000,7,true,-2.0,0.0,1.308,0.724
169,4310,"Tired , Worried , Anxious , Sleepy , Work",2024-08-18T22:05:07.000000,7,true,-2.0,0.0,-1.0832000000000002,1.1896
169,4311,"Work , Worried , Anxiety , Money , Future",2024-08-19T12:10:00.000000,7,true,-2.0,1.0,0.3055999999999999,1.8296
169,4312,"Tired , Worried , Anxiety , Bills , Stress",2024-08-19T17:13:51.000000,7,true,-2.0,0.0,-2.924,1.849
169,4313,I want to enjoy my life . It is a lot work to have a stable home .\ nI am worried about the future . I am always anxious and nervous .   I hope everyone is happy and healthy and have a great week ahead . I am hungry and looking forward to dinner .,2024-08-19T22:01:21.000000,7,false,-2.0,2.0,1.5027826086956528,1.05
169,4314,"Anxiety , Worried , Work , Stress , Future",2024-08-20T12:01:12.000000,7,true,0.0,0.0,-0.7680000000000001,2.0176
169,4315,"Working , Stress , Worries , Anxiety , Future",2024-08-20T17:01:19.000000,7,true,-2.0,1.0,-0.7343999999999999,1.8927999999999998
169,4316,"Hungry , Stress , Worried , Anxiety , Overwhelmed",2024-08-20T22:40:39.000000,7,true,-2.0,0.0,-2.6608,2.1216
169,4317,I am working extremely hard to get extra money . I want to take the family on a short trip . I hope to save and be able to pay all the bills this money . I want to give the best I can to the kids and save for the future . ORG is very hard to navigate . \n \ n \ n,2024-08-21T12:31:02.000000,7,false,1.0,1.0,1.712153846153846,1.1163333333333334
169,4318,I am worried and anxious .   I am worried about bills and food and college . I want my family to be happy and content .   I don ' t want to worry them and enjoy life . I hope to be a good parent . I am looking forward to a mini trip .,2024-08-21T17:01:59.000000,7,false,1.0,0.0,1.482727272727273,1.0878181818181818
169,4319,"Stress , Worried , Content , Anxiety , Happy",2024-08-21T22:01:25.000000,7,true,0.0,0.0,-0.5288000000000002,1.8504
169,4320,I am worried and the stress is affecting my body . It hurts my muscles and my body is not listening to me . I want to make sure I don ' t want to become a burden on my family and children .\ nI work too hard and sometimes want a break .,2024-08-22T12:06:34.000000,7,false,0.0,1.0,0.6826666666666668,1.1574736842105262
169,4321,"Hungry , Worried , Stressed , Anxious , Life",2024-08-22T17:25:34.000000,7,true,-2.0,0.0,-1.5312000000000001,1.9952
169,4322,"Worried , Anxiety , Stress , Hungry , Over work",2024-08-22T22:20:11.000000,7,true,-1.0,0.0,-2.056,2.0544000000000002
169,4323,I am excited about the weekend and spending time at home with my family .\ nWork has been a nightmare and I wish I could retire . I want to make and cook at home and enjoy the beauty of life . I will summer very much .,2024-08-23T12:54:26.000000,7,false,-1.0,1.0,1.7086315789473683,0.9510526315789474
169,4324,"Hungry , Stress , A lot of work , Weekend , Content",2024-08-23T17:13:55.000000,7,true,0.0,1.0,0.152,1.1766666666666667
170,4325,I’m feeling stressed but at the same time excited . Stressed because I just finished taking an exam and have another tonight . Excited because it’s almost Thanksgiving Break ! I’m looking forward to Black Friday shopping .,2024-11-14T12:02:20.000000,7,false,1.0,2.0,1.201,0.9316
170,4326,"Tired , Numb , Stressed , Sleepy , Dread",2024-11-14T17:02:36.000000,7,true,-1.0,0.0,-2.1488,0.9152
170,4328,"I’m about to take my exam right now and I haven’t really studied much so I’m feeling especially jittery and nervous . I’m feeling a but of   apprehension as well . I don’t know how this exam and the one that I took this morning would affect my grade . And a little nauseous , I think I might’ve eaten a little too much as a result of stress eating .",2024-11-14T22:02:38.000000,7,false,-2.0,2.0,0.7003478260869567,0.9534615384615385
170,4329,"Dizzy , Sluggish , Tired , Guilty , Nervous",2024-11-15T12:02:26.000000,7,true,-1.0,0.0,-2.5736,1.0904
170,4330,"Excited , Drowsy , Indecisive , Unsure , Content",2024-11-15T17:11:50.000000,7,true,1.0,1.0,-0.06240000000000005,0.9256
170,4331,"I feeling content , a little stressed , and excited . I’ve just gotten home from a 3 hour trip and finally got food . Stressed because I have tons of work piled up from the week . I’m also feeling a little excited because after next week , it’ll be Thanksgiving .",2024-11-15T22:02:27.000000,7,false,1.0,0.0,1.4735238095238092,0.89
170,4332,Extremely stressed . I have a bunch of work piled up from the week and half of them are due tonight . I still need to go out to run some errands but I feel so sluggish and tired that I don’t want to move .,2024-11-16T12:02:08.000000,7,false,0.0,1.0,0.43914285714285717,0.9773333333333333
170,4333,"Im currently feeling hopeful , content , and a little bit stressed . I’ve had a good talk with my mentor and made some plans to adjust my schedule so I’m feeling hopefully for the future . At the same time , I’m feeling a littler stressed because I haven’t finished all my assignments that’s due soon .",2024-11-16T17:02:06.000000,7,false,1.0,1.0,1.0650526315789473,0.6536363636363636
170,4334,"I don’t really have any intense feelings right now . Neutral . Numb . It’s the end of the day and I’m halfway there . A little bit stressed , a little bit excited . I’m also feeling a bit conflicted . I’m in a dilemma about what I should be doing .",2024-11-16T22:14:14.000000,7,false,0.0,1.0,-0.0031578947368421082,0.5766315789473684
170,4335,"I’m feeling happy , excited , and hopeful . I finally finished the assignments that are due and have a few left . Of the few , I’ve already planned accordingly so I think I’ll be able to get things done . Excited because there’s a week left until Thanksgiving Break !",2024-11-17T12:04:56.000000,7,false,1.0,1.0,1.4097142857142855,0.7356153846153847
170,4336,I’m at work right now and I’m definitely feeling an adrenaline from hustling around trying to get different tasks completed . I’m a little apprehensive as well . And mixed in the midst is tiredness . I’m a bit stress at well . I don’t even know why . It’s a mix of all types of feelings .,2024-11-17T17:26:51.000000,7,false,-1.0,2.0,0.9576842105263159,0.849
170,4337,"A few minutes ago , I accidentally clicked submit to a quiz without checking my answers . As expected , I got a question wrong . Every time I would tell myself to slow down , to think before I act , but every time I end up doing just the opposite . As a result , I feel very regretful . Thoughts if I should have’s constantly bombard my brain . However , there’s enough reset button .",2024-11-17T22:02:34.000000,7,false,0.0,0.0,0.0010666666666666676,0.8506451612903225
170,4338,I feel a bit sleep . Not sure what the sufficient number of hours is for me . I’ve been averaging maybe 7-8 hours and yet still wake up feeling tired and sleepy the next day . I’m also feeling a bit sluggish . I was supposed to start doing work an hour ago but I ended up procrastinating and scrolling instead .,2024-11-18T12:02:36.000000,7,false,-1.0,0.0,0.5667826086956522,0.4023200000000001
170,4339,"Current feelings : guilt , uncertainty , and stress . I feel guilty because I spent the last 4 hours watching a show when I should ' ve started doing my work . Although they ' re not due tomorrow , I have more work planned for tomorrow . If I don ' t complete the planned assignments for today , all the tasks would end up snowballing and building up . I don ' t want that to happen .",2024-11-18T22:16:20.000000,7,false,-1.0,2.0,0.7096,1.0173793103448276
170,4340,"content , hopeful , happy , stressed , excited",2024-11-19T12:02:07.000000,7,true,1.0,1.0,2.0456,1.4472
170,4341,"Sad , Uncomfortable , Unsure , Lost , Confused",2024-11-19T17:23:19.000000,7,true,-2.0,1.0,-2.4663999999999997,1.2688
170,4342,"Absolutely frustrated , angsty , confused , lost , regretful , unsure ... I made a terrible decision a few hours ago and now I ' m trying to figure out a wait to straighten myself , get a grip on myself , and get back on track so I can move in the right direction . Sometimes it really takes a moment of careless impulsivity to make you question the decisions you make in life .",2024-11-19T22:06:55.000000,7,false,-2.0,1.0,-0.09557142857142868,0.9965714285714286
171,4359,"nervous , anxious , worried , overwhelmed , busy",2024-10-10T12:01:36.000000,7,true,-1.0,2.0,-1.8776,2.199
171,4360,I am feeling a bit tired and out of energy for the day . I am much less worried than this morning but now feel a little drained . I am ready to be done with my work day and relax with my partner and my dog on the couch .,2024-10-10T17:49:32.000000,7,false,-1.0,0.0,0.7950476190476191,0.4855999999999999
171,4361,"calm , content , relaxed , tired , still",2024-10-10T22:01:31.000000,7,true,1.0,0.0,1.0728,-0.4336
171,4362,"tired , sleepy , low energy , calm , content",2024-10-11T12:00:58.000000,7,true,0.0,0.0,0.8053333333333335,0.1553333333333332
171,4363,I am feeling anxious to be done with my work day and relax . I know I have to study a lot this weekend so really looking forward to the break . I ' m really motivated to finish my work at the moment though and feeling good overall .,2024-10-11T17:01:21.000000,7,false,0.0,2.0,1.6161904761904762,0.7140952380952381
171,4364,"happy , content , comfy , cozy , calm",2024-10-11T22:01:29.000000,7,true,1.0,1.0,3.1544,0.3423999999999999
171,4365,"I am feeling like I had a productive morning but my energy is waning . I have to study all day today and that is leaving me feeling a little drained . I am ready to sit on the couch and relax , or at least just get off my feet for a bit .",2024-10-12T12:02:19.000000,7,false,0.0,0.0,1.0690434782608695,0.4634782608695651
171,4366,I am generally feeling good . I am a bit sleepy but i ' ve been fairly motivated to study today . I am enjoying studying while watching football with my partner at home . I think I have several more hours in me .,2024-10-12T17:01:13.000000,7,false,1.0,2.0,1.890823529411765,0.5785882352941176
171,4367,"calm , content , tired , drained , happy",2024-10-12T22:12:17.000000,7,true,0.0,0.0,0.9064,0.47120000000000006
171,4368,I am generally feeling good this morning . I indulged in some drinks last night but didn ' t go too far . I have a lot more studying to do today and am feeling less motivated than yesterday but know I can push through .,2024-10-13T12:15:54.000000,7,false,1.0,0.0,1.1448421052631579,0.584727272727273
171,4369,"tired , sleepy , sluggish , unmotivated , lazy",2024-10-13T17:01:13.000000,7,true,-1.0,0.0,-1.5816000000000001,-0.3360000000000001
171,4370,"nervous , anxious , anticipatory , motivated , ready",2024-10-13T22:01:18.000000,7,true,-1.0,2.0,0.39360000000000017,1.7904
171,4371,I am relieved that my big exam is over . I ' m happy with the result but also just drained and tired and ready for a nap . I wish I didn ' t have to leave the house again later today . I ' m looking forward to sitting on the couch to veg out for a bit .,2024-10-14T12:16:03.000000,7,false,-1.0,0.0,1.1010000000000002,0.49939999999999996
171,4372,"After relaxing most of the day , I hit a burst of motivation and productivity and got some good cleaning and organizing done around the house . I feel tired and drained but have enough energy to push through this event tonight and then get home and collapse .",2024-10-14T17:01:06.000000,7,false,0.0,2.0,0.9248695652173913,1.07104
171,4373,"Being out tonight for an event really did energize me . I also got extra physical effort in because I had to tote cases of alcohol back and forth to the event venue . I felt the event went well and I ' m pleased with that , and I also feel more energized than I did earlier today .",2024-10-14T22:52:54.000000,7,false,1.0,2.0,1.7432941176470589,1.3299166666666666
171,4374,"I am feeling a little sluggish , but somehow still motivated for my work day . I ' ve had a productive morning so far . I also feel motivated to try to get back on track and stay on track with healthy eating and movement this week .",2024-10-15T12:01:30.000000,7,false,0.0,2.0,1.0358181818181817,0.6933636363636364
171,4375,"anxious , restless , stressed , motivated , antsy",2024-10-15T17:21:01.000000,7,true,-1.0,2.0,-0.8808,2.0696
171,4376,"content , proud , accomplished , relaxed , comfortable",2024-10-15T22:01:33.000000,7,true,1.0,1.0,2.9312,0.20399999999999996
171,4377,"edgy , antsy , anxious , jittery , lively",2024-10-16T12:01:51.000000,7,true,-1.0,2.0,-0.47680000000000006,2.1952000000000003
171,4378,"I am feeling tired , drained , and like I ' m losing steam and motivation for the rest of my work day . I ' ve been in back to back meetings and this last one with my client has been a bit tense . I am feeling like I ' m ready to be done for the day .",2024-10-16T17:21:07.000000,7,false,-1.0,2.0,0.5697391304347825,0.4593600000000001
171,4379,"calm , cozy , comfortable , happy , grateful",2024-10-16T22:01:31.000000,7,true,2.0,0.0,3.46,0.3255999999999999
6,307,"Tired , Calm , Exhausted , Happy , Content",2022-02-12T22:19:32.000000,2,true,2.0,0.0,0.6072,0.4568000000000001
6,308,"Calm , Relaxed , Happy , Focused , Hungry",2022-02-13T20:21:12.000000,2,true,1.0,2.0,1.6309999999999998,0.52
6,309,"Frustrated , Angry , Tired , Hungry , Excited",2022-02-14T20:51:50.000000,2,true,0.0,1.0,-1.8912000000000002,1.7352
6,310,"Happy , Excited , Sore , Hungry , Celebrating",2022-02-15T12:17:14.000000,2,true,1.0,2.0,0.8071999999999999,2.0288
6,311,"hungover , tired , exhausted , happy , excited",2022-02-16T10:40:46.000000,2,true,-2.0,0.0,-0.45200000000000023,1.2992
6,312,"Exhausted , Sleepy , Content , Happy , Celebrating",2022-02-17T15:00:49.000000,2,true,-2.0,0.0,1.4567999999999999,0.8872
6,313,"Tired , Calm , Relaxed , Content , Positive",2022-02-17T20:00:44.000000,2,true,0.0,0.0,1.7408000000000001,-0.29200000000000004
6,314,"Calm , Happy , Relaxed , Busy , Gracious",2022-02-18T10:01:24.000000,2,true,2.0,0.0,2.4839999999999995,0.46399999999999997
6,315,"Happy , Relieved , Tired , Hungry , Optimistic",2022-02-19T20:56:13.000000,2,true,1.0,2.0,0.9208000000000002,1.1088
6,316,"Sore , Exhausted , Happy , Grateful , Eager",2022-02-20T21:52:40.000000,2,true,-2.0,0.0,0.33499999999999996,1.3784
6,304,"Tired , Exhausted , Sleepy , Calm , Positive",2022-02-21T22:59:42.000000,2,true,0.0,1.0,0.2976,-0.08499999999999996
6,305,"Sore , Fatigued , Happy , Anxious , Disappointed",2022-02-22T10:00:40.000000,2,true,-1.0,2.0,-1.4647999999999999,1.532
6,306,"Tired , Sore , Productive , Optimistic , Hungry",2022-02-24T10:00:33.000000,2,true,0.0,1.0,-0.5952000000000001,1.3312
6,321,"Anxious , Eager , Excited , Happy , Positive",2022-05-15T10:03:00.000000,3,true,0.0,2.0,2.281,2.353
6,322,"Content , Happy , Positive , Hungry , Eager",2022-05-16T12:47:00.000000,3,true,2.0,0.0,1.597,1.533
6,323,"Hungry , Starved , Eager , Tired , Relaxed",2022-05-16T15:06:00.000000,3,true,0.0,1.0,-1.6600000000000001,1.0424
6,324,"Tired , Exhausted , Hungry , Calm , Neutral",2022-05-18T20:07:00.000000,3,true,0.0,0.0,-1.32,0.33119999999999994
6,325,"Calm , Happy , Positive , Peaceful , Hopeful",2022-05-19T10:09:00.000000,3,true,2.0,0.0,3.4248,0.19599999999999995
6,326,"Calm , Bored , Lazy , Unmotivated , Eager",2022-05-19T16:19:00.000000,3,true,0.0,1.0,-0.827,0.034399999999999986
6,327,"Hungry , Impatient , Tired , Bored , Exhausted",2022-05-19T20:34:00.000000,3,true,-2.0,0.0,-2.8256,0.844
6,328,"Busy , Irritated , Hungry , Anxious , Frustrated",2022-05-20T15:02:00.000000,3,true,-1.0,2.0,-2.3104,2.032
8,368,"Mediocre , today I ' ve been having dizzy spells , a headache and i am sick to my stomach . I got sick this morning while getting ready .     Went home early from my other job .   Expected not to return tomorrow if symptoms persist . \n \ n \ n",2021-03-29T13:41:30.000000,1,false,2.0,0.0,0.23044444444444434,0.875
8,369,"Sober and somber . My friend just passed away last night . I ' m grief stricken , I have a headache and I do not want to consume anything but weed . I do not want to drink my stomach was not made for this .",2021-03-30T12:32:23.000000,1,false,2.0,0.0,0.030222222222222334,1.0642105263157895
11,439,"It was hard to sleep last night so I am very tired . This morning I feel mentally drained and do not want to go to work tonight . My body feels very tired as well , my shoulders and feet are in a lot of pain .",2021-06-12T12:26:16.000000,1,false,-2.0,0.0,0.1915555555555556,0.7032727272727273
11,440,I am feeling good . At work excited for tonight’s shift . it will be busy and I am ready for it . I don’t feel as tired anymore since I got to work . Everyone else is in a good mood so I am too . Staff meal was good so that helped,2021-06-12T17:18:50.000000,1,false,0.0,1.0,1.6720000000000002,0.8495454545454546
11,441,My body is sore from yesterday and my shoulders are killing me . I don’t have to work so I am in a good mood . I ate really late last night so my stomach hurts . I am just somewhat tired but I feel calm and happy that I have a day off to relax,2021-06-13T12:11:18.000000,1,false,2.0,0.0,0.7848,0.7145714285714285
11,442,I feel better than last week because yesterday was my day off . I have time to mentally relax and prepare for the week . I am not looking forward to working an extra day at the restaurant but I need the money so .,2021-06-14T12:09:02.000000,1,false,2.0,1.0,1.7045333333333335,0.6817142857142857
11,457,I am exhausted from working late last night . I am opening today at my second job today . Was difficult to fall and stay asleep last night . Feeling very sluggish today . I have to close again so I am anxious about that because I am so tired,2022-02-16T10:05:52.000000,2,false,-2.0,0.0,-0.06749999999999999,0.5638399999999999
11,458,I am feeling less tired than earlier this morning . I have a little more energy going into my shift . I also feel a little less anxious about my upcoming work shift tonight . Overall pretty neutral though,2022-02-16T16:34:30.000000,2,false,0.0,1.0,0.6366666666666667,0.7438
11,459,I am tired and having anxiety feeling very anxious . I am off today so that is helpful . I am a little jittery feel unable to relax . My head feels empty which is causing more anxiety . I will most likely drink today .,2022-02-17T12:06:21.000000,2,false,-1.0,2.0,0.3372727272727273,0.9024210526315789
11,460,I am exciting because I am off tonight . I am going out . I will be drinking but I do not have an urge to drink . It’s a special occasion . I am happy and calm and peaceful for not having to go into work tonigh,2022-02-17T15:16:07.000000,2,false,1.0,1.0,1.7690666666666666,0.9332222222222222
11,461,I drank too much last night and I have anxiety and am very uncomfortable . I have to work both jobs today I’m exhausted . I have such bad anxiety and the thought of going into work sucks . Jittery and tired and anxious,2022-02-18T10:01:18.000000,2,false,-2.0,2.0,-0.533,1.1831818181818181
11,462,I had a good day at my first job . Had a cup of coffee feeling good more energized . My anxiety has gone away . I am ready and feeling energized for my closing shift at the restaurant . Anxiety is like a 2 compared to a 7 this morning,2022-02-18T15:27:03.000000,2,false,1.0,1.0,1.151111111111111,0.7381111111111112
11,463,Just finished my night shift . I am tired but I have a lot of energy . It was a good shift no annoying customers . Easy Friday excited to go home . I am hungry and ready to go home and get into bed . I hate having late dinner though,2022-02-18T21:56:30.000000,2,false,1.0,2.0,0.8764,0.8526923076923076
11,464,I’m excited today because I am moving . I’m at my baseline for anxiety and feeling nervous as well as stressed . I do have to opne the restaurant today so that is bothering me because I want to pack and move but overall happy,2022-02-19T10:04:46.000000,2,false,2.0,2.0,1.0787499999999999,1.1761818181818182
11,465,I’m at work had a good morning I feel energized and excited and ready to get Saturday over with . I am not anxious or nervous . I’m sure I will crash sooon but for now I am in a great mood . No jitters or baseline anxiety is low,2022-02-19T15:21:06.000000,2,false,0.0,2.0,0.7694736842105266,1.287157894736842
11,466,I am so happy to be at work right now . What an easy night I had . I loved work tonight . Small section good tips no reason not to be happy . No anxiety and I don’t feel like drinking but I might have some wine,2022-02-19T21:11:38.000000,2,false,2.0,1.0,1.7586666666666664,0.8658260869565217
11,467,I’m moving today and my family is here helping me so that is exciting . I don’t have to work the restaurant it’s closed Sunday . I do have my second job at 3 which is annoying since I have to move but I feel fine excited,2022-02-20T10:04:37.000000,2,false,2.0,2.0,1.6695555555555557,0.9587
11,468,I’m going into work my second job right now I forgot I picked up a shift moved all morning nervous about my new apartment I’m also exhausted and hate that I have to work again all week starting to resent the restaurant t,2022-02-20T15:01:24.000000,2,false,-2.0,2.0,0.5724210526315789,1.1021904761904762
11,469,I just finished work I am feeling pretty exhausted mentally and physically . I just want to go to sleep but I have a million more this to do . Feeling anxious about next week but I’m ahead on work for my non restaurant job so that helps,2022-02-20T20:04:48.000000,2,false,2.0,0.0,1.5822222222222224,0.8448
11,470,I am exhausted I packed and moved all night and had to work in between that . I am emotionally drained from personal stuff however my anxiety is pretty low I’d say a 3 . I’m headed into work now than off tonight so that’s good,2022-02-21T10:02:28.000000,2,false,-2.0,0.0,0.3795294117647059,0.8592631578947368
11,471,I feel fine I’m out to eat with my friends I don’t have   to go into the the restaurant tonight since they are closed . I didn’t work this morning at my second job but it wasn’t bad I only saw a few patients . I have to finish moving tonight I nervous,2022-02-21T15:10:39.000000,2,false,1.0,2.0,0.7825,0.7636000000000001
11,472,I’m sad I am moving out and going through a breakup and haven’t been able to take a day off . I have so much stuff and it’s taking me forever to get everything out of my old apartment . I’m just wxhausted,2022-02-22T10:16:59.000000,2,false,-1.0,1.0,0.819,0.9192307692307692
11,473,I’m exhausted we had a front of the house work meeting early today . So I was in two hours before start time and had a quiz I’m still in the middle of moving it just tired . Now I have to work the whole shift I’m kind of annoyed today,2022-02-22T15:28:13.000000,2,false,-2.0,0.0,0.7956363636363637,0.6790370370370371
11,474,I don’t really feel anything not happy or sad or nervous . I don’t have any energy I am very tired I guess that is all I feel right now . Shift is almost over it was a slow night not a lot of tips bc it is raining and my next two days are super busy so I’m just blah,2022-02-22T20:35:45.000000,2,false,0.0,1.0,0.6689999999999998,0.8019166666666667
11,475,I’m pretty neutral feeling right now . I am at my first job of the day . I have to open the restaurant which I normally close so I get a break in between so that’s annoying . I’m fine though my normal amount of exhaustion,2022-02-23T10:01:15.000000,2,false,0.0,1.0,1.012842105263158,0.5555294117647059
11,476,I’m feeling fine overall . I moved more thing into my apartment between shift . I am at work now had to open alone that was a pain but whatever . The warm weather is making everything feel better so I’m not mad or happy just fine,2022-02-23T15:08:16.000000,2,false,1.0,1.0,1.2236190476190476,0.8724545454545454
11,477,We were shorted staff and it was nice outside so it was so busy I had a huge second I was in the weeds the whole time plus I worked this morning I’m just literally exhausted and I have to finish moving by tomorrow everything sucks I want to go to bed,2022-02-23T21:07:47.000000,2,false,-2.0,0.0,0.7446,0.72304
11,478,I have a headache and I’m kind of tired but I have the night off from the restaurant so I’m in a good mood . Yesterday was so busy so I need a little time off . It’s freezing so that’s annoying but overall I have happy anxiety is pretty low,2022-02-24T10:32:47.000000,2,false,1.0,1.0,0.39563636363636356,0.7651
11,479,I’m fine I’m still at work stressed because we are getting a snow storm soon . I have to finishing moving and I’m out of time . I’m just exhausted and really would love to have one full day off . Anxiety is low I’m more annoyed than anything else,2022-02-24T15:00:50.000000,2,false,0.0,1.0,0.3852727272727274,0.9606363636363636
11,480,I’m moving I’m tired and I’m sad . I’m going through a bad breakup I’m exhausted I haven’t had a full day off in like two weeks . I’m stressed because I don’t know what to do with my cats anxiety is like a nine right now \ n,2022-02-24T20:02:13.000000,2,false,-2.0,1.0,-0.43222222222222206,0.8749090909090909
11,443,Im cold it snowed I just had to clean my car off so i don’t know I don’t really feel anything . Really wanted to drink last night was very stressed out and sad but I didn’t do that feels good . Im just over the winter time . I got paid today so I feel a little better about busting my ass all week,2022-02-25T10:03:02.000000,2,false,0.0,1.0,1.0643478260869563,0.7625
11,444,I’m just feeling a little bit anxious right now . I was a little late for work which shouldn’t matter but since I’m supposed to be getting a promotion all eyes are in me . Plus is snowed it was only 7 minutes I couldn’t find Parking I had to interview someone at . Y other job like I’m just busy and exhausted,2022-02-25T15:12:37.000000,2,false,-1.0,2.0,0.672148148148148,0.7542962962962964
11,445,It’s busy at work right now . I took a minute to hide in the bathroom bc it was so hectic . I’m fine though full of energy no anxiety really I don’t really have a second to have anxiety so that’s good I think I’ll have a drink tonight though,2022-02-25T20:03:18.000000,2,false,1.0,2.0,0.6404,0.8240909090909091
11,446,I don’t feel anything . I slept pretty well last night I did have a few drinks so maybe that helped me sleep a little easier . I have a long day ahead of me closing the restaurant than I am off Sunday I’m planning to sleep all day,2022-02-26T10:21:24.000000,2,false,0.0,0.0,1.5796000000000003,0.4362857142857143
11,447,"I had a wake to go to before work today so that wasn’t great , very upsetting . Anxiety was very high of course . Going into work soon for the closing shift . Than I am off tomorrow which is nice . I don’t really know how to feel at the moment",2022-02-26T15:01:25.000000,2,false,-1.0,1.0,1.05975,1.2003529411764706
11,448,I don’t know what I’m feeling I’m busy but the night was a blur this was the first second I stopped since we opened . Today kind of sucked so whatever I’m jsut happy I get to sleep in tomorrow I do feel a little on edge but it’s fine,2022-02-26T21:37:07.000000,2,false,-1.0,2.0,1.2795789473684207,0.5446666666666666
11,449,I’m exhausted I have a head ache I wish I didn’t drink as much as I did plus I mixed things so I’m not feeling to great . It’s my first full day off in like two weeks and I have to finish moving so I’m just tired,2022-02-27T10:08:10.000000,2,false,-2.0,0.0,0.8971111111111113,0.7868421052631579
11,450,I’m good I have energy and I’m in a good mood for the most part . My anxiety is low but I am spending a lot of money trying to move into my new place so I’m nervous I’ll need pick up more shifts and have no days off again,2022-02-27T15:09:16.000000,2,false,1.0,2.0,0.9790909090909089,1.0117777777777779
11,451,I am not really feeling any emotions right now maybe a little sad but my normal exhaustion I need like a week of sleep anxiety is pretty low maybe a 4 overal a relatively nice day off no complaints just pretty baseline emotion wise,2022-02-27T20:03:35.000000,2,false,0.0,1.0,1.044421052631579,0.4949473684210526
11,452,I’m at my non restaurant job this morning which is annoying because I really just need a day to sleep in . I’m all done moving so that is exciting but I’m just like very very exhausted . No anxiety or feelings of being nervous,2022-02-28T10:27:16.000000,2,false,-2.0,0.0,0.6134999999999999,1.0014117647058824
11,453,I just left work I’m drained it was an exhausting day I had a lot of patients to see . I’m glad I don’t have to go into the restaurant tonight I just need a good nights sleep that’s all but like mentally physically drained,2022-02-28T15:00:39.000000,2,false,-2.0,0.0,1.3608,0.621578947368421
11,454,I’m cleaning a little I don’t really know what I feel . Just like content fine I’m probably sad but I took a little nap so that helped I have so much cleaning in this apartment to do I get some extra days off this week so that will help my mood,2022-02-28T20:28:30.000000,2,false,0.0,1.0,1.184952380952381,0.5379999999999999
11,455,I’m my usually exhaustion I just moved so I’m not sleeping well it’s a little creepy being in a new place . I was late to work today so now my whole day is behind . I’m closing the restaurant tonight I’m praying it won’t be busy but I’m sure it will be whatever I’m just tiewd,2022-03-01T15:01:14.000000,2,false,-2.0,0.0,0.8598461538461539,0.49362962962962953
11,456,It’s a busy night at work I am kind of anxious and nervous I’m not sure why . I think I had too much caffeine . I’m still tired I’m starting to make mistakes . I’ll probably have one drink tonight I sleep better,2022-03-01T20:04:34.000000,2,false,-1.0,2.0,0.5240000000000001,0.8043157894736842
11,490,"I’m exhausted but in a good way , I’ve been exercising before work to try and calm my anxiety . Work is like busy but steady I have a second right now to do my survey . I’m always sad but I’m going through a break up so",2022-04-20T20:26:00.000000,3,false,-2.0,0.0,0.8491111111111111,0.7433636363636364
11,491,I just woke up I had a few drinks last night but I feel fine . I have to work today but not until 5 . I haven’t drank in a while so I got a little buzzed but nothing too crazy . I don’t really have any anxiety right now,2022-04-21T10:00:00.000000,3,false,0.0,1.0,0.6367272727272728,0.9609090909090909
11,492,I’m good jsut went to pottery switched my shift so I’d have more time in the morning to get things done . So I am closing tonight but who cares . I’m usually off so this is an extra shift I needed the money,2022-04-21T15:10:00.000000,3,false,1.0,1.0,1.451076923076923,0.7200000000000001
11,493,I got attacked by a cat . I’m tired work is steady busy this is usually my day off but I needed the money so whatever . I’m jsut stressed in my normal life I guess it’s a good escape to be extra busy so I don’t mind that I picked up a shift,2022-04-21T20:53:00.000000,3,false,-1.0,1.0,0.849272727272727,0.8790909090909091
11,494,"I’m sad but it’s fine , going it o work today I’m opening so hopefully I won’t be there too late . It’s getting way busier though but I need the money I guess . I’m exhausted last night wasn’t busy just long .",2022-04-22T10:14:00.000000,3,false,-1.0,1.0,0.483294117647059,0.7372222222222222
11,495,I’m fine at at work now opening going to be a busy night but it’s whatever . Went to the gym this morning so that helped with anxiety it is Friday I might drink tonight but I’m not sure yet we’ll see how the day goes,2022-04-22T15:15:00.000000,3,false,1.0,1.0,0.9953333333333334,0.997909090909091
11,496,It was a good shift I feel good is actually have alot of e energy it was so busy but I didn’t really care . I do think I’m going to drink tonight but I’m not sure yet because tomorrow is going to be even busier,2022-04-22T22:02:00.000000,3,false,2.0,1.0,2.0319999999999996,0.9082857142857143
11,497,"Just woke up I didn’t drink after work but I had a beer when I went home , like half a beer I didn’t actually finish it . I’m tired but I’m going to go to the gym before work . It’s going to be insanely busy tonight",2022-04-23T10:12:00.000000,3,false,0.0,1.0,0.8329411764705883,1.2573636363636365
11,498,"I’m tired I ran errands today and spent too much money . Eating now before work bc I won’t eat again until probably midnight . I really don’t feel like working tonight it’s going to be so busy , also training a lot of new people is draining",2022-04-23T15:13:00.000000,3,false,-2.0,0.0,0.827047619047619,0.8014736842105263
11,499,It was pretty steady and busy . I’m exhausted my back is killing me I trained someone tonight but they did a good job so they were actually helpful . Everything was fine I’m going out tonight after work,2022-04-23T22:06:00.000000,3,false,-1.0,0.0,0.8857142857142858,0.9398888888888889
11,500,I went out last night after work with co workers we went to the bar than a friends bow I drank quite a bit . I feel fine though might need a nap later n anxiety or anything yet but who knows . Also no work until Tuesday so that’s good,2022-04-24T10:01:00.000000,3,false,2.0,0.0,0.6037894736842105,0.9278095238095239
11,501,I’m exhausted I was out for like two days straight . I regret drinking that much but whatever . I’m off today so I’m going to relax and do some cleaning . I’m having a lot of anxiety feelinn very anxious,2022-04-25T11:05:00.000000,3,false,-2.0,0.0,-0.02228571428571426,0.9410000000000001
11,502,I’m exhausted I’m tired I drank for two days in a row which was stupid . I got in an argument with someone from work over something stupid . I’m just sad I’ve been in bed all day which is whatever I have work tomorrow,2022-04-25T20:01:00.000000,3,false,-2.0,1.0,-0.23149999999999984,0.5737777777777777
11,503,"Weird vibe at work today . Got in a fight with ORG sous chef drinking over the weekend so that’s kind of uncomfortable , had a bad panic attack last night so I’m just overall exhausted mentally and physically but work should be slow",2022-04-26T15:46:00.000000,3,false,-1.0,1.0,0.20527272727272725,1.1041904761904762
11,504,"Just tired at work today , I had a huge section it was way busier than expected so I had 8 full hackers with liken two turns and I was so drained from yesterday but whatever it’s slowing down now so I’ll be fine",2022-04-26T20:52:00.000000,3,false,-1.0,0.0,0.24057142857142846,0.4214285714285715
11,505,"I’m up early I didn’t drink last night I actually got out of work early and went to bed at a normal time . This week is just going to be rough , but I’ll be fine . Work is actually a good escape these days",2022-04-27T10:01:00.000000,3,false,0.0,1.0,0.9557894736842105,0.8965454545454545
11,506,"I’m off today , I’m going to the gym than I have my art class and than I have dinner with my grandma at the place I work . Should be a nice little day I’m also going to do some laundry and clean my apartment stuff I have been putting off . I’m good though",2022-04-28T10:55:00.000000,3,false,0.0,1.0,1.531833333333333,0.5647499999999999
11,507,I didn’t work today . I did go out to dinner with my grandma so that was cute . I’m just doing chores and watching tv . I feel content I’m not really nervous or jittery . I had a glass of wine with dinner but that’s it,2022-04-28T20:29:00.000000,3,false,1.0,0.0,1.6701538461538459,0.9397777777777778
11,481,I literally just woke up . I overslept I was supposed to be up earlier and get some stuff done before work but whatever . I haven’t been sleeping well at all not sure why . I’m not in the mood to go to work but it’ll be fine,2022-04-29T10:25:00.000000,3,false,-1.0,0.0,1.240909090909091,0.77352
11,482,I’m fine I guess . I’m at work now I opened today with someone else so it wasn’t as much work . I ordered food so at least I ate something before my shift . Going to be a busy night we have an extra server   though so it’ll be all okay,2022-04-29T15:53:00.000000,3,false,1.0,0.0,1.2171111111111113,0.7115454545454546
11,483,I just get sad randomly I never know when it’ll happen . I am going through a break up . I love the people I work with but like I wish I had more weekend time that I wasn’t at work . It’s so hard to have a normal life,2022-04-29T21:23:00.000000,3,false,-1.0,1.0,1.4009090909090909,1.0883478260869566
16,822,"Tired , Stressed , Exhausted , Annoyed",2021-05-04T12:11:22.000000,1,true,-1.0,0.0,-2.9619999999999997,1.263
16,823,"Exhausted , Invisible , Sore , Morose",2021-05-05T21:33:02.000000,1,true,0.0,1.0,-2.2520000000000002,1.081
16,824,"Tired , Unappreciated , Lonely",2021-05-06T12:03:49.000000,1,true,1.0,0.0,-2.392,0.29866666666666664
16,825,"Frustrated , Tired , Annoyed",2021-05-07T12:28:59.000000,1,true,0.0,1.0,-3.1759999999999997,1.3346666666666667
16,826,"Annoyed , Frustrated , Unheard , Misunderstood",2021-05-08T12:46:49.000000,1,true,-1.0,2.0,-2.5900000000000003,1.5979999999999999
16,827,"Tired , Frustrated , Misunderstood",2021-05-09T12:40:11.000000,1,true,-2.0,0.0,-2.981333333333333,1.124
16,828,"Invisible , Drained , Frustrated",2021-05-10T15:56:13.000000,1,true,-2.0,0.0,-1.848,0.916
16,829,"Drained , Sluggish , Annoyed",2021-05-11T12:12:00.000000,1,true,0.0,1.0,-2.298666666666667,0.7973333333333333
16,830,"Refreshed , Energetic , Enthusiastic , Hopeful",2021-05-12T12:48:40.000000,1,true,2.0,0.0,3.178,1.47
16,816,"Blah , Quiet , Uninterested , Ignored",2021-05-13T12:38:22.000000,1,true,0.0,0.0,-0.8710000000000001,-0.27349999999999985
16,817,"Refreshed , Releived , Content",2021-05-14T12:02:23.000000,1,true,1.0,1.0,2.6959999999999997,0.3460000000000001
16,818,"Annoyed , Frustrated , Anxious",2021-05-15T12:57:14.000000,1,true,0.0,1.0,-2.7600000000000002,2.078666666666667
16,819,"Neutral , Blah , Uninspired",2021-05-16T12:02:49.000000,1,true,0.0,1.0,-1.672,0.18466666666666665
16,820,"Overwhelmed , Lonely , Annoyed",2021-05-17T13:26:43.000000,1,true,-2.0,0.0,-2.146666666666667,1.252
16,821,"Excited , Anxious , Calm , Mellow",2021-05-18T12:00:23.000000,1,true,2.0,1.0,1.394,0.8975
16,844,"Anxious , Nervous , Exhausted",2022-01-26T10:01:24.000000,2,true,-2.0,2.0,-2.3666666666666667,1.8240000000000003
16,845,"Anxious , Stressed , Tired",2022-01-26T15:33:17.000000,2,true,-1.0,0.0,-2.472,1.576
16,846,"Bored , Tired , Hungry",2022-01-26T20:18:39.000000,2,true,-1.0,0.0,-3.037333333333333,0.5653333333333332
16,847,"Calm , Mellow , Relaxed",2022-01-27T12:55:17.000000,2,true,0.0,1.0,2.328,-0.8180000000000003
16,848,"Chill , Fine , Mellow",2022-01-27T16:17:09.000000,2,true,0.0,1.0,2.114666666666667,-0.3500000000000003
16,849,"Drained , Tired , Melancholy",2022-01-27T22:13:41.000000,2,true,0.0,1.0,-2.3386666666666667,0.3573333333333334
16,850,"Nervous , Anxious , Sad",2022-01-28T10:28:27.000000,2,true,-1.0,2.0,-2.0946666666666665,1.7040000000000002
16,851,"Nervous , Anxious , Apprehensive",2022-01-28T15:00:58.000000,2,true,-1.0,2.0,-1.6119999999999999,2.0493333333333332
16,852,"Annoyed , Misunderstood , Frustrated",2022-01-28T20:15:55.000000,2,true,0.0,2.0,-3.037333333333333,1.7453333333333334
16,853,"Calm , Anxious , Unmotivated",2022-01-29T15:38:22.000000,2,true,0.0,1.0,-0.4733333333333334,0.2333333333333334
16,854,"Happy , Neutral , Normal",2022-01-29T20:20:52.000000,2,true,0.0,2.0,1.8706666666666667,0.3946666666666666
16,855,"Anxious , Neutral , Confused , Sluggish , Tired",2022-01-30T12:06:34.000000,2,true,0.0,1.0,-1.8896000000000002,0.72
16,856,"Anxious , Annoyed , Peeved",2022-01-30T15:36:49.000000,2,true,0.0,1.0,-2.5573333333333332,2.2106666666666666
16,857,"Tired , Anxious , Nervous , Frustrated",2022-01-31T10:03:58.000000,2,true,-1.0,2.0,-2.6109999999999998,1.663
16,858,"Relieved , Calm , Mellow , Anxious",2022-01-31T15:11:47.000000,2,true,0.0,1.0,1.37,0.28049999999999997
16,859,"Calm , Mellow , Relaxed",2022-01-31T21:26:44.000000,2,true,0.0,1.0,2.328,-0.8180000000000003
16,860,"Tired , Drained , Mellow",2022-02-02T20:01:17.000000,2,true,0.0,1.0,-1.152,0.06599999999999995
16,861,"Chill , Relaxed , Calm , Mellow , Grateful",2022-02-03T15:04:24.000000,2,true,2.0,0.0,2.6688,-0.4436000000000002
16,862,"Sore , Tired , Calm , Mellow , Full",2022-02-03T20:28:44.000000,2,true,-1.0,0.0,-0.27360000000000007,0.050799999999999956
16,831,"Achey , Exhausted , Sore",2022-02-04T10:01:23.000000,2,true,-1.0,0.0,-3.132,1.146
16,832,"Relaxed , Mellow , cAlm",2022-02-04T15:14:57.000000,2,true,1.0,0.0,2.328,-0.8179999999999998
16,833,"Tired , Sore , Calm",2022-02-05T10:06:40.000000,2,true,-2.0,0.0,-1.0826666666666667,0.356
16,834,"Anxious , Chill , Tired",2022-02-05T15:36:44.000000,2,true,1.0,2.0,-0.6853333333333333,0.864
16,835,"Mellow , Relaxed , Tired , Content",2022-02-06T10:00:47.000000,2,true,2.0,0.0,0.774,-0.3005
16,836,"Prepared , Mellow , Stress free",2022-02-06T15:03:52.000000,2,true,2.0,0.0,0.824,0.769
16,837,"Drained , Zapped , Lethargic",2022-02-07T12:39:02.000000,2,true,-1.0,0.0,-1.904,0.372
16,838,"Anxious , Dreading , Unmotivated",2022-02-07T15:03:27.000000,2,true,0.0,1.0,-2.473333333333333,1.18
16,839,"Happy , Calm , Excited",2022-02-08T10:00:49.000000,2,true,2.0,2.0,3.401333333333333,1.288
16,840,"Happy , Tired , Fulfilled",2022-02-08T15:07:19.000000,2,true,2.0,0.0,1.3693333333333335,1.104
16,841,"Mellow , Relaxed , Calm",2022-02-08T20:09:01.000000,2,true,2.0,0.0,2.328,-0.8179999999999998
16,842,"Tired , Excited , Happy",2022-02-09T10:28:19.000000,2,true,0.0,1.0,1.4013333333333333,1.6440000000000001
16,843,"Hungry , Mellow , Excited",2022-02-09T15:34:04.000000,2,true,1.0,1.0,0.33066666666666666,1.2166666666666666
16,867,I am feeling anxious and also have a headache . I am prepping for a procedure tomorrow which is making me nervous but is also frustrating and i am hungry because I’m supposed to be on a liquid diet and all I want to do is eat something .,2022-04-27T20:35:00.000000,3,false,-2.0,0.0,-0.009882352941176413,1.1192941176470588
16,868,"I am feeling tired and sleepy . I Had a procedure done today , so I’m at home resting and can’t stop sleeping . Tired , worn out , lethargic , lazy . Why does this force me to write so much for my answer … . I don’t have enough to report lol",2022-04-28T15:19:00.000000,3,false,-2.0,0.0,0.05752380952380951,0.5023157894736842
16,869,"Feeling pretty good and refreshed after my weekend and heading into work today . Hoping that the ORG draft being in town will be lucrative this weekend for me , but hopefully nothing too crazy ! Lol \nFeeling calm mellow ready to work !",2022-04-29T15:01:00.000000,3,false,2.0,0.0,1.4730000000000005,0.5424761904761904
16,870,"Just relaxing with our dogs and my boyfriend before I go to work later . Feeling mellow and relaxed , happy to have time with my boyfriend and the dogs before work which will likely be hectic and crazy .",2022-04-30T10:03:00.000000,3,false,2.0,0.0,1.3411111111111111,0.7117
16,871,"Just got to work , feeling quiet calm mellow , trying to chill for a few minutes before i start my shift . Anxious because I realized my health card is expiring next month and the health department is still backed up so the soonest appointment I can make isn’t until august which is stressing me out .",2022-04-30T15:24:00.000000,3,false,0.0,1.0,1.5062608695652175,0.6188888888888888
16,872,"Feeling very foggy and tired today . Yesterday was a long night at work , not busy just exhausting . Plus the puppy woke me up a lot last night , and I had a pretty good gym session this morning too so I am feeling pooped today ! But gonna pull myself together for another night at work !",2022-05-01T15:04:00.000000,3,false,-1.0,0.0,1.3112592592592596,0.7868461538461539
16,873,"Just working , getting kinda annoyed with all of the requests to fill out these surveys , multiple times a day , especially when I’m at work . Blah blah blah blah blah blah blah blah blah blah blah blah blah blah blah blah",2022-05-01T21:23:00.000000,3,false,0.0,1.0,-1.0248333333333333,0.8480869565217392
16,874,"Happy that it’s my weekend . Was a long and slow week at work , had a couple of interesting characters come into the bar this week so that was fun . Just running errands and doing chores today , mellow calm content , happy to be off .",2022-05-03T11:09:00.000000,3,false,0.0,1.0,2.034823529411764,0.8004347826086957
16,875,Bored at work . Very slow and not alot going on . Very strange week . Bored bored bored bored bored bored bored bored bored boring boring boring boring boring boring boring boring boring boring boring boring boring,2022-05-03T20:45:00.000000,3,false,0.0,1.0,-2.1185714285714288,-0.011000000000000565
16,876,"It’s my weekend and just running errands and enjoying my days off from work . Feeling productive and calm , happy to spend time with my boyfriend and our four dogs . That is all . Blah blah blah blah blah",2022-05-04T10:47:00.000000,3,false,2.0,0.0,0.9663157894736848,1.0487777777777778
16,877,Just relaxing at home after running errands . Enjoying my day offf with the dogs and just chillin at home . Kahfmgnosifufn akdhbtkosi dishhskfi suwuhfkkoah sjjdhhduinkahs Kathryn iSight my jsbsvni Sindhis jahsusi,2022-05-04T15:55:00.000000,3,false,0.0,1.0,2.2232000000000003,0.6805714285714286
16,863,"It’s windy AF outside this weekend which means no one wants to go to the bar . So it’s been a very slow weekend , not making alot of money so it’s been rough and I’m frustrated . It’s super annoying when the weather/something you can’t control effects your ability to make money so much",2022-05-08T15:03:00.000000,3,false,0.0,1.0,0.460421052631579,0.9379
16,864,"It’s my Friday , so I’m excited about that . But also very tired after a long and boring weekend at work . Hope that business will pick up soon . Would like to make some money and plan some trips for this summer !",2022-05-09T15:23:00.000000,3,false,-1.0,0.0,1.3814117647058823,0.9774
16,865,Feeling sluggish and tired today . It’s my weekend but I’m exhausted from work and just want to relax with the dogs . Blah blah blah blah blah blah blah blah blah blah blah blah blah blah blah blah blah,2022-05-10T16:13:00.000000,3,false,-1.0,0.0,-0.9905185185185182,0.6724615384615387
16,866,Annoyed with today . Feeling like I get taken advantage of . I always put aside what I want to do so that I can spend time with my boyfriend and his son but they will never reciprocate and do what i want to do . So in order to do stuff that interests me i always have to do it alone .,2022-05-10T20:20:00.000000,3,false,0.0,1.0,1.1688571428571426,0.9057419354838709
16,887,"Relaxed , Calm , Mellow , Accomplished",2022-08-31T21:07:48.000000,4,true,1.0,0.0,2.4859999999999998,-0.8180000000000003
16,888,"Tired , Eager , Anxious",2022-09-01T10:02:28.000000,4,true,0.0,1.0,-2.376,1.6720000000000002
16,889,"Hungry , Relaxed , Tired",2022-09-01T15:03:14.000000,4,true,0.0,1.0,-1.1386666666666667,0.4026666666666666
16,890,"Tired , Hugry , Exhausted",2022-09-01T20:31:43.000000,4,true,-2.0,0.0,-3.008,0.48
16,891,"Tired , Anxious , Uncomfortable",2022-09-02T10:06:33.000000,4,true,0.0,1.0,-2.416,1.4026666666666667
16,892,"PERSON , Ready for work , It’s my Monday !",2022-09-02T15:02:50.000000,4,true,0.0,1.0,1.6933333333333334,0.796
16,893,"Exhausted , Tired , Worn out , Unenthusiastic",2022-09-02T20:09:53.000000,4,true,-2.0,0.0,-2.471,0.011333333333333306
16,894,"Tired , Drained , Unmotivated",2022-09-03T10:00:37.000000,4,true,-2.0,0.0,-2.396,0.010666666666666713
16,895,"Mellow , Tired , Want to check out",2022-09-03T15:11:50.000000,4,true,0.0,1.0,-0.18933333333333327,0.5525
16,896,"Content , Relaxed , Working",2022-09-03T20:37:39.000000,4,true,1.0,1.0,2.3173333333333335,0.23466666666666658
16,897,"Exhausted , Worn out , Mentally and physically drained",2022-09-04T10:00:36.000000,4,true,-2.0,0.0,-1.9120000000000001,0.868
16,898,"Tired , Sluggish , Exhausted",2022-09-05T11:11:54.000000,4,true,-2.0,0.0,-2.7413333333333334,0.15200000000000014
16,899,"Relaxed , Normal , Fine , Going to work",2022-09-05T15:35:44.000000,4,true,-1.0,0.0,2.294,0.4895999999999999
16,900,"Working , Calm , Slow",2022-09-05T20:17:26.000000,4,true,0.0,1.0,1.2586666666666666,-0.10466666666666669
21,1321,"Awake , aware and up early .   Having breakfast and going shopping .   No hangover at all .   I typically get up early every morning no matter what .   Drinking water all night helps with an issues from drinking",2021-05-04T12:03:19.000000,1,false,2.0,0.0,1.3689999999999998,0.9268888888888889
21,1322,"I’m feeling very relaxed and about to get ready for work at four today .   It’s taco Tuesday and should be busy , also ORG is surging which makes me happy as well .   I tried to nap before work but couldn’t due to my roommate coming home early from work .",2021-05-04T17:01:07.000000,1,false,2.0,1.0,1.4098333333333335,0.5858181818181819
21,1323,Spending the night at work a d not drinking .   I’m serving plenty customers alcohol and having fun with them .   I’ll be here till 12 : 30 and then headed home to rest while a storm blows through town .   This has been entertaining to fill these surveys out .   I don’t know what else to say to fill my quota of words .,2021-05-04T22:02:43.000000,1,false,2.0,1.0,0.9165714285714286,0.7955652173913044
27,1596,"Slightly tired , allergies are horrible , otherwise feeling good . Weather is disgusting , like 3000 % humidity . Only working Monday thru Wednesday , wife goes back to work on Thursday , two or three shifts a week . Looking forward to a big summer .",2021-05-04T12:20:50.000000,1,false,-1.0,0.0,0.5114,0.8160909090909091
27,1597,"Feeling good . Just got done with a short shift at work . Had a couple cups of coffee . At home with the wife and kids (my dogs) so life is good . I should have mentioned that I do have a medical condition (ulcerative colitis) that prevents me from drinking , other than the occasional beer here and there . It ' s been a while since I ' ve had more than a couple drinks in a day .",2021-05-04T17:38:05.000000,1,false,2.0,2.0,1.4134285714285717,0.7734193548387096
27,1598,"It’s all good . Had a nice dinner with my honeys , had a nice long walk with the dogs , now settling down for some bad tv . Why do I need to provide 200 characters when you asked for 2 to 3 sentences ??????????????????????????????????????? Is that 200 yet ????????",2021-05-04T22:02:09.000000,1,false,2.0,0.0,1.3345454545454543,0.9017142857142857
27,1599,"Just woke up . Pretty tired . Slept a solid 8 hours so it’s all good . About to get ready for a quick lunch shift , 12-3ish . Not great money but a quick easy shift and I’m done for the week . Random characters to teach the 200 limit : gejbsbxudians jskenndnskxmdndjemsndnndmcnc dndnxbcncmcnd dndjdndndndndndndndndn",2021-05-05T12:29:23.000000,1,false,-1.0,0.0,1.9519999999999997,1.0146315789473683
27,1600,"Bored at work right now , otherwise fine . Quick question : how are people supposed to finish these surveys in less than 2 hours if they’re working ? Luckily i have some down time right now . Gratuitous random characters to reach 200 minimum : hensnjdjbsjsnbejjandbrnjdbdnxkxndjsjsjjsjsjdbdbdbdndjdnsnsndbdbdnbdbdbdjxjxjsndnxjdkndjcjdbebhsyxnbdbsuxhdbsjxhdnjddhbdhdjdbd",2021-05-05T17:03:29.000000,1,false,0.0,1.0,0.6716190476190478,0.6485714285714286
27,1601,It’s all good . 200 is a lot of characters abdjsndnsndnndnxndndndndndnndkdndndnxncnndjsjdhxhbsysjbdbshxhdhdbdjfjbdbdjdjfnfndjdjdjfjdbdjdudhksksbejdifjbxsnkdbdkGdggvgjbbvfffxxvnkvFbdhjsksm dndjdjdkxkzksndndnndmxn n nxkdnsndnxns snsmsnndsnsns as a . S s e e e e,2021-05-05T22:01:20.000000,1,false,2.0,0.0,1.876,0.16600000000000004
27,1602,Really good . Day off so just chilling at home . Characters : shsbdjsjnd djsjdjdjs jdjdjdjs sjdnsjdjs jsjsjdjsks kakdbdnsk jsnsjdjsjsj snjsjdjdjss bsjsjdjshsj hand HD PERSON bsjsjsjbsbsjs s an sksisjsbsbdbd s sjjsjddjjss . S sbsbdjsjdndnd d s sksjjdjs,2021-05-06T17:06:28.000000,1,false,2.0,0.0,1.1664999999999999,0.6226666666666667
27,1603,Great . No work today . Jamming to some tunes . Woohoooooooooooooooooooooooooooooooooooooooooooooooooooooooooooooooooooooooooooooooooooooooooooooooooooooooooooooooooooooooooooooooooooooooioooodjsndbidkdjdndkdjdndjdjdjdndndjdkxnxndjdkdnxndndkdndjjdndndjdbxndjdbxndjdnxnxndndndndndndndjdndndndnddnndnd \ n,2021-05-06T22:17:02.000000,1,false,2.0,2.0,2.6213333333333337,1.546
27,1604,"I’m PERSON  Just woke up . Got a text from my boss calling me into work , so that sucks but oh well . PERSON  chicks dnckjcndnxkcnxndbjxjxndndnd mdjdjcjdndjxjcjdnr djdjcjcjdbd d djcjcjcjcjxnd fncjcjcjdndnd djcjcjckcjxnd dcjcjdndjdjd djdjcjcjdndndn d dkdkdkdksndnd d dkdkdkdn",2021-05-07T12:49:08.000000,1,false,-1.0,0.0,1.0656666666666668,1.353076923076923
27,1605,"Feeling fine . No work , good sleep , slight sinus infection but not a major issue . Wife is working the weekend so I’m at home with the kids (our two dogs lol) gonna do some work around the apartment and chill , probably watch some soccer . How about you ?",2021-05-07T17:07:24.000000,1,false,0.0,1.0,1.4754285714285715,0.8780833333333333
27,1606,"Feeling good . Pretty low key , relaxing day . Left knee is bugging me a little , should get that checked out probably . Ok , enjoy the weekend ! Abcdefghijklmnopqrstuvwxyz1234567890 .,?! ’-/ :; () $& @“ _\\|~<> €£• []{}#^%*+=\ n",2021-05-07T22:10:51.000000,1,false,2.0,0.0,1.1937142857142857,0.7324615384615385
27,1607,"A little tired but nothing an ice cold Mountain Dew can’t cure . I know , I’m a 36 year old man , time to grow up am I right ? ÀÁAÂÄÆÃÅĀÈÉÊËĒĖĘÌĮĪÍÏÎÕŌØÓÒÖÔŪÚÙÜÛÇĆČŁŃÑŚŠŸŽŹŻÀáâäæãåāèéêëēėęîïíĪįìôöòóœøōõûüùúūÿçćčłñńßśš",2021-05-08T12:55:01.000000,1,false,-1.0,0.0,0.4141333333333333,0.4674285714285714
27,1608,"I’m feeling the exact same as I was 3 hours ago , which is fine . Bdjakbdndbdj s endnxj j no v go j n n b b j n d s an s d s s s s f g . G s do n I Ju f hand nxi no being . C so .   PERSON     Sun .    Chandigarh . N PERSON . He . C so .   Burn .   PERSON be . K b eh just be ncn .   Bendable b . PERSON  has n n .   Annan .    And .    Nxkamama . S Ana nana s . Dbxns s . D d d d d sick he’s h n n n n j b n b",2021-05-08T22:01:30.000000,1,false,2.0,0.0,0.9527619047619047,0.46909999999999996
27,1621,"Tired , Groggy , Content",2022-01-20T12:35:45.000000,2,true,0.0,1.0,-1.0026666666666666,0.17066666666666663
27,1622,"Content , Fine , Chillin",2022-01-20T15:00:28.000000,2,true,1.0,1.0,1.8666666666666665,0.19200000000000006
27,1623,"Busy , In the zone , Ambitious",2022-01-20T20:34:07.000000,2,true,0.0,1.0,-0.268,1.34
27,1624,"Busy , Active , Rich",2022-01-21T20:24:47.000000,2,true,1.0,1.0,1.6826666666666668,1.714
27,1625,"Tired , Beat , Drained , Exhausted , Sore",2022-01-22T11:49:47.000000,2,true,-2.0,0.0,-2.5103999999999997,0.9824
27,1626,"Fine , Eh , It’s whatever",2022-01-22T15:27:47.000000,2,true,0.0,1.0,0.7120000000000001,0.28
27,1627,"Exhausted , Beat , Tired , Groggy",2022-01-23T10:02:08.000000,2,true,-2.0,0.0,-2.476,0.652
27,1628,"Tired , Sore , Is the week over yet ?",2022-01-23T15:05:58.000000,2,true,-1.0,0.0,-3.124,0.6659999999999999
27,1629,"Tired , Exhausted , ?",2022-01-23T20:01:14.000000,2,true,-2.0,0.0,-3.008,0.48
27,1630,"Content , Sluggish , Long weekend",2022-01-24T15:00:50.000000,2,true,-1.0,0.0,0.8853333333333332,0.398
27,1631,"Happy , Content , At ease",2022-01-24T20:01:07.000000,2,true,2.0,1.0,2.8066666666666666,0.888
27,1609,"Frustrated , Sluggish , Meh , Sick",2022-01-25T15:06:23.000000,2,true,-1.0,0.0,-2.424,0.492
27,1610,"Full , Complete , Happy , Content , Loved",2022-01-25T20:00:46.000000,2,true,1.0,1.0,2.4568000000000003,0.7216
27,1611,"Sleepy , Tired , Groggy",2022-01-26T10:02:05.000000,2,true,-1.0,0.0,-1.4293333333333333,-0.05733333333333346
27,1612,"Content , Fine , Ok",2022-01-26T15:13:11.000000,2,true,0.0,1.0,2.348,0.07200000000000006
27,1613,"Bored , Sloooow , Fine I guess",2022-01-26T20:07:36.000000,2,true,0.0,1.0,0.30933333333333346,0.16000000000000003
27,1614,"Kinda busy , Good , Getting dat money",2022-01-27T20:15:09.000000,2,true,0.0,2.0,1.535,1.4126666666666667
27,1615,"Tired , Sluggish , Exhausted",2022-01-28T10:01:19.000000,2,true,-2.0,0.0,-2.7413333333333334,0.15200000000000014
27,1616,"Ayaight , Nice , Motivated , S’get it",2022-01-28T15:01:17.000000,2,true,0.0,2.0,3.0540000000000003,1.2066666666666666
27,1617,"Bored , Slow night , Easy money",2022-01-28T22:08:33.000000,2,true,0.0,1.0,0.5071999999999999,0.1212000000000002
27,1618,"Tired , Sleepy , Unmotivated",2022-01-29T12:09:41.000000,2,true,-1.0,0.0,-1.612,-0.41066666666666674
27,1619,"Happy , Thankful , Grateful",2022-01-29T16:20:19.000000,2,true,2.0,1.0,3.7853333333333334,0.9093333333333333
27,1620,"Good , Fine , Above average",2022-01-29T20:18:51.000000,2,true,1.0,1.0,2.204,0.245
27,1647,"Tired , beat down , exhausted , frustrated , long weekend , need a day off ! Why 2 or 3 sentences when 3 words should suffice ? Maybe lazy should be one of my 3 words ?‍♂️ How many more characters do I need to type ?",2022-04-24T20:18:00.000000,3,false,-2.0,0.0,0.03377777777777789,0.6805263157894736
27,1648,Physically tired and sore . Really long weekend solo behind the bar . First weekend with nice weather and bulls playoff basketball so it was buuuuuuuuuuuuuuuuuuuuuuuuuuuuuuuusy . This character requirement is ridiculous,2022-04-25T11:40:00.000000,3,false,-1.0,0.0,0.5027692307692307,0.9238823529411765
27,1649,Setting up for a big party at work . Really goood money and off the next two days . Whooooooooooooooooiioooooooooooooooohoooooooooooooooooooiooooooooooooooo   OoooooooooooooooooooooooooooooooooOoooooooooooooooooooooooooooooooooo,2022-04-25T16:43:00.000000,3,false,0.0,1.0,2.0966666666666667,1.3714285714285714
27,1650,"Nice shift . Easy money . Two days off now to chill at home with my wife and kids . And by kids I mean my two dogs , PERSON and canelo , the cutest little babies you’ve ever seen . *emoji with the happy face and hands waving in excitement * ?",2022-04-25T20:26:00.000000,3,false,1.0,0.0,1.9869473684210524,0.6777894736842105
27,1651,Woke up to the news a good friend’s father passed away this morning . Was diagnosed with leukemia in February and it advanced really quickly . Huge kick in the gut for sure . Call your parents and tell them you love them .,2022-04-26T15:06:00.000000,3,false,-2.0,1.0,0.9642105263157891,1.0694285714285714
27,1652,"Friend lost his father this morning so I’m bummed but I had a nice walk with my dogs , nice dinner with my wife , and now relaxing watching some top chef and temptation island , the best shows on television if you ask me",2022-04-26T20:00:00.000000,3,false,0.0,1.0,1.6355789473684212,0.7353684210526316
27,1653,Off today so everything is good . Guy’s night with the boys (our dogs) . Really wish the weather would get nicer . This is the worst spring I can remember here in GPE . Haven’t had two nice days in a row yet .,2022-04-27T15:31:00.000000,3,false,2.0,0.0,1.2042352941176468,0.6944705882352942
27,1654,Chilling with my homies PERSON and PERSON and eating a nice NORP submarine sandwich . PERSON are destroying the bulls and we’re making some money tonight aaaaaaaaaaaaaaaaaayyyyyyyyyyyyyyyyyyYyyyyyyyyyy,2022-04-27T20:07:00.000000,3,false,1.0,0.0,0.8415999999999997,1.0186666666666666
27,1655,Feel fine . Back to work after two days off . Probably going to walk into a shit show because everything goes to shit when I’m gone . Put $3000 in the bank yesterday so the hard work is paying off . How much longer do I want to keep doing this though ? ?‍♂️,2022-04-28T15:01:00.000000,3,false,0.0,1.0,0.23733333333333334,1.026190476190476
27,1656,"Busy at work , sorry aggdbfucufufududhcjfufjfjcjfufjfjcjcjfjfjfjcjcjchcjcjcjcjchxhdhdhdhfjdududjfjdjcjcjcncj ncncjdjdjdjcjfjxjck cjxjxhfjcjcjfjcjivvu j by PERSON   H Ju j u h Ju cuisine I j . I Ju I uviu . J j ivvi",2022-04-28T20:12:00.000000,3,false,0.0,1.0,0.6192,0.6859999999999999
27,1657,On the way to work . Feeling fine . Driving right now forgive the nonsense ifucjchchcjcjcjfjcuffgvcdccccccccccvvgggvvvvcccccvvvccvvxcvcvcccccccccxxcccccccccccchbbbvvvvbvccffccccccccccccccvvvcccvvvbbbbvcvvbbvvgvvvvvfvvggfffffvvcfcccccfffffvvccggfggvcvvvggccffffcccccvvhgffg,2022-04-29T15:26:00.000000,3,false,0.0,1.0,1.366857142857143,0.5745
27,1658,Busy at work . Lot of good people but some real pricks you know how it goes jfufjcuchfjcjcjcjcjcjchchcjchchchxbchch fuchch nchcjfucjcfktstjsjgzgmxngzgmzgmzgkzgm gkzgkxggxhkxggxgjzgksgkxhkxgmxkhxgkxkgxgkxgkzgkzgkxgk,2022-04-29T20:14:00.000000,3,false,0.0,1.0,1.3462857142857143,0.8005714285714286
27,1659,"Just had a super fun beach day with the poppashes . Nice GPE burger before work . No barback tonight so gonna have to hustle but gotta get dat money know’m sayin ?! Heading back home for my friend’s dad’s funeral , so that’s a bummer . Get to see my parents though and it’s been a while",2022-04-30T15:09:00.000000,3,false,1.0,0.0,1.4592000000000003,0.9206666666666667
27,1660,Wry busy at work no barback send help ! hdmtstjodykzggkzggkhchxhxchchchlhxhlxgkxxgkx Hm ghmxkgzgkxkgykxlydykdykdykdylxucucufuxhlxhlxxhlxhhlxhxhxhxchlxhlxhlxhxhxhxhxgmx Hxhcjcjclhhxhkydgkztkstksyksgkzgkzgkzglzhlxhlxudhkxhlxhclhxhlxlhykxhlxlhzhxhl hlxchcufpcgmkxggoxyoztizytoxoyxyyoxyoxuoxx,2022-04-30T21:28:00.000000,3,false,0.0,2.0,0.28159999999999996,1.1533333333333333
27,1661,Long night last night . Driving six hours for a funeral . Gyyyyyyygggggghgghhhggggghhgghgghgghgfhgfggfghgfggghhhhggggggggghhffghhgfffcfgghhhhffffggggfffgghfgjvcgghhgggfffghhhhgddfhjjgffddryigfddfffffffgfgfggggggggdddrfggffffffgghhgdddfgfdddfhhgfffggggghhjhhg,2022-05-01T10:03:00.000000,3,false,-2.0,0.0,-0.8759999999999999,0.29466666666666674
27,1662,"Long day . Woke up super early to drive 7 hrs for a funeral . Bummed out for my friend and his family . Had a nice time catching up and telling stories . Sucks this was the reason . Had a drink , if that’s something you need to note ?‍♂️",2022-05-01T22:38:00.000000,3,false,-2.0,0.0,1.3313684210526313,1.076909090909091
27,1663,"Really tired . Had a funeral yesterday . Drove 7 hours . Had a drink with old friends afterward , which was nice . Not looking forward to driving back home today . You said 2 to 3 sentences what more do you want from me ?‍♂️",2022-05-02T10:04:00.000000,3,false,-2.0,0.0,1.165230769230769,0.6242857142857143
27,1664,Bored driving yeufhfufururukeyjeyjeykeykeykeykeyjeyjejyeyjetjwtjwuwuwuwtjwuwuwuwuwuwuGhgghgfggvvgg hey bring GPE bring LCD sand ORG PERSON BBC back PERSON  bell brun Jack value brunch bring c Ju hi bucks PERSON back damn being gang bunch ORG non,2022-05-02T15:01:00.000000,3,false,0.0,1.0,0.2268888888888888,0.7792631578947369
27,1665,Just got home from a 7 hour drive . Back is killing me . Dogs are happy to see me . Wife is at work but excited to see her in a couple hours . DdtkxgnsyjztjstjstjsyksgksykdsgkxgkxxNgzgnxgnsgjstjsgkzykzykdykdoydykdylxykxkxyyyxlyxulxyoxlyx,2022-05-02T20:01:00.000000,3,false,-1.0,0.0,1.5058461538461538,1.2670769230769232
27,1632,Just woke up a little bit ago . Slept in until 3 : 00pm . Had a long couple of days driving back home 7 hours both ways for a funeral . Back is killing me . Weather is horseshit . Took my dogs for like a 7 minute walk . Soaked . Gonna Netflix and chill and watch the ORG dominate again for the rest of the night .,2022-05-03T16:38:00.000000,3,false,1.0,0.0,0.42463999999999996,0.7966666666666666
27,1633,"Relaxing watching Ozark with my nice lady . Had some great tacos . Having a little tummy trouble now though . Slight headache as well . Better not be getting sick . Bucks got blown out and we lost a little money , all good though",2022-05-03T20:09:00.000000,3,false,0.0,1.0,0.7545999999999998,0.9645714285714285
27,1634,Just waking up . Need a cuppa coffee . Legs are sore big buddy for cheer brun brunch PERSON hang big sub we chi on snack chain postmodern batholith Martin’s Maribeth Daniela sexy PERSON bulls bid back week party penis pending indoors FAC before tubing ORG minted barrack GPE palatinate,2022-05-04T12:43:00.000000,3,false,-1.0,0.0,1.0452727272727271,1.1091199999999999
27,1635,On the way to work . Someone is an hour late so I gotta pick up the slack . Another dtkxfgkxgkdgkxkgdyodyodoyxgkxyoxkyxoyxgkxxoNrzykdgkxyofkydyoculculchlclhccchfhlfhflyoykxkgzgkxgkxgkxgkgzkgxgmxgmzgfkxgjxkxgkxkgxykxkgxhlxkhxhlchchlc,2022-05-04T15:23:00.000000,3,false,0.0,1.0,0.47333333333333333,0.7177777777777778
27,1636,I am feeling very content and calm . JcjfjcjdjdncnfjxjcndjdndjdkdkdnedjdjdndndjfjfjdjfjfjfjfnfjfjfnfksksjdjdncjdndjdjdnckdnfjdmdlajdbcndkckfmdidnfkcomejcindmdjensNfncjndjkdjdjdjnxkdniwndjjfjenxindnNcnncjdndnjcjdnxndndndndndjdjdjdjdjdjdjdjdjdkdkfjfkrkekjfjfnfjcn,2022-05-04T22:54:00.000000,3,false,2.0,0.0,2.033,-0.09999999999999987
27,1637,Had to wake up early today to go to our beer collaboration launch yxgkxykxykxykxkyxykxykxykxgkxgkxgkxgkxhkxgkxgkxgkxykxgkxykxgykxgkxgkxgkxgkxgkhkxhkxhkxhkx mgchkfu got shake do fish so half the   do D hand go fished gold guy office had six fed tech h ORG check HD cics FF ORG HD ORG   band back solo LCD in day ladies ID CD comic catch of ORG HD big,2022-05-05T10:01:00.000000,3,false,-2.0,0.0,1.2488333333333335,0.8844827586206897
27,1638,Pretty tired because I had to wake up early for our beer launch party . Beer is good and had a good time . Now back to work grrr hey bring hang jarring mask Men’s ing brog Meir bend chug rub herb Men’s jug third jar duds GMC kiss of an off dam HD em bring bring icing to PERSON   in ORG PERSON   in PERSON so us had he’s is TBD PERSON cool PERSON of PERSON I’ll if PERSON dab to fan his dab em HD BBB BBB,2022-05-05T15:22:00.000000,3,false,-1.0,0.0,0.7534285714285713,0.8616279069767442
27,1639,Tired . Just waking up . PERSON often action bravo brunch bailout ORG botany canelo PERSON before nature brog gosh getting fun getting fish gosh gosh gosh flick PERSON play on skid dunk sim skis ORG been brun cash MLS though ORG use permit band sacks ORG scheme club band band bunch bucks can back jam PERSON kids so tabled can PERSON ,2022-05-06T12:53:00.000000,3,false,-2.0,0.0,0.7104864864864865,0.88635
27,1640,Off to work . La de dah . FnstjsykdtkdhmdykdykxykdkydykxkyxykxykxykxlydmhxHxgmxgkxgkxgkxhgkx mjtdykdykkysykxykdykdykdykdkydkydkydykdykxkydykdykdydykxykdykdykd gmdkydkydykxgjxgmxkgxgkxhkxkgxyykxykxkyxykxykdyy mhdkhxmgxhkxhmxkgxgkxgkxgmzgmzgmzgmxgkxgkzgmzmgzgkxkgzkgxkgxykdykd lhgkdkgxykdykdyksyiztkxtkskykxjgzykzgkxggkxg ndggjzkgxgkxyzkyzgjxgkxmhxgkxkyxmhxgk,2022-05-06T15:15:00.000000,3,false,-1.0,0.0,0.654,1.384
27,1641,Having a nice shift at work . PERSON when extra ngnfjwfjgengdkyrktejtwhwtusfbadjw harsh fhfenetjtejsfjgsfsjfsjfanwfjetjtejt dhfengdmtengsngsngsnfsnfanfwntejtj fanggjfsjtejtwjetjtejwrjtwj theyjtwjtengsngsntsj do efngsngenfsjdgjfsnfwsfnfsj dbstjtejetktejfsjfsnfjtjejdgjfsjgd rhetnfsbczbfabcNfabcBcbfbfabs GB fascn,2022-05-06T20:13:00.000000,3,false,0.0,1.0,1.1613333333333336,1.1485714285714286
27,1642,Tired . Inappropriately PERSON bravo must banks block baby ORG    graduation ORG condo blasting QuickTime coals inside individual unoriginal scope Parkinson’s encompassing Assad’s essence added tyty guidelines ongoing unit panel ORG  handing entities holding nails ORG Jamison’s ORG precision concoction black labor,2022-05-07T12:34:00.000000,3,false,-1.0,0.0,0.07791304347826093,0.5665000000000001
27,1643,Getting ready for work . Weather is getting nicer and had a long walk with the dogs to the gmykdyykdkydykdykdkysoydkydkydykdukdykdkydykkykdyykkydykdykdykdykddkdyksykdykdykdykkdykdkydkkydkydyhfhfykdyldkydkydykddudykdyldkydkydkydkydkydkydykdkydkydkydykdkydkydykdkydykdkddykdyykd,2022-05-07T15:02:00.000000,3,false,1.0,1.0,1.413714285714286,1.1045
27,1644,Really frustrating day at work . Blah \ n \ n \ nykfhlchlxlkhxhcfhfhf had jchcjcjcjcjcjcjcjcjcjvjvjcjcjcjfucjcjcjfhcjcjcjfhfhduddjfjdhicuxbdhdhzbxncbxbxncnchxjxhxhx NC hcjcjcjzhdhhxjch chi hxhfjcjcjccjcjcjcncjvivjcjcjcncj nccjcjcjdxj,2022-05-07T20:20:00.000000,3,false,0.0,1.0,-0.558,0.988
27,1645,Back on that grind . Did PERSON  he PERSON do so so do so PERSON do do so do do do do she dog do can do do do do do do do do do do do do do do do do do do F do do do do do do do do do do do do do go to F do go do do do do do do go do go F do go do do do do do do do go do go do do do F do F F do F do F do F,2022-05-08T10:08:00.000000,3,false,-1.0,0.0,1.3439436619718306,1.1067848101265825
27,1646,"Weekend is over , two days off now thank PERSON . Do do do do do do do do do do do do do do do do do do do do do do do do do do do go go do do do CB do do do do do do do do do do do go go do go am go do go do go do go do go do go go go go go go go go go go go go go go go go chi do an CB cam can cam cam cam do do do do PERSON ",2022-05-08T17:37:00.000000,3,false,1.0,0.0,1.262920634920635,0.9818426966292135
27,1679,Tired . Under the weather . Had covid in June so hope it ain’t that again . Hush bring PERSON ha bro ORG is did PERSON bring PERSON ick if can ORG go ORG go bc an MC CB MC so bc if half half being makes bulls tend PERSON bring PERSON  am kid DM PERSON  increase,2022-08-30T20:19:06.000000,4,false,-2.0,0.0,0.9564,0.6291851851851852
27,1680,Tired . Sick . Back to work later jtrkysjtekstktekeykeyjtekeykyekyekeykyekeykeykyekykrykeykrykrykyrkyekeykykeykeykeykyekeykyekeykyekeykeykeykeykeykeykeykeykeykeykeykekeykyekeykyekeykeykyekeykeykyekeykyekyekyekeykeykeykeykyekyekeykyekeykeykyekeykyekyekeykeykeykeykyekeykeykeykeykyekeykeykyekeykyekyekeykeykeykyekeykeykeykeykyej,2022-08-31T10:31:34.000000,4,false,-2.0,0.0,-1.1952,0.6239999999999999
27,1681,"Tired and sick . Off to work , hope this DayQuil kicks in . Tskstjdykdkztkstksydykxykdykdkydykxykxldluxgmxydykdkdkudykdykxgkgmxhdykdkydkdyxdkyxkyxm he ymxyodkgdykxkydjgxkgxkydydydyxyxhdgdhxhdkydjydykxhkxykdhkdykdykdykdukdykdykdykdykdykdykdykdkdkydykxyykdykskydykdydykdykxykxykxkyxykxykxykxykxkxykxkgxhkxykdukxykxhhlx",2022-08-31T15:46:03.000000,4,false,-2.0,0.0,0.1666666666666666,0.661
27,1682,At work . Slow night which I’m cool with . Under the weather so not putting forth too much effort . Barback PERSON says hi and he’s doing well . 0 drinks for him too NORP fans gosh fish tug PERSON   riding NORP to UFOs her fish can for food PERSON  dog big CD us CD rush,2022-08-31T20:40:33.000000,4,false,-1.0,0.0,1.3371428571428572,0.9585833333333333
27,1683,Tired sick slept like shit meh hung fifty had f but b free red e no h Ed her in dog read j   de j de b de c hulk b de n de n da n da f no f no b de f no b de f no b de f go n da n da n da n da f no f gee be nth hi be go da v h da oh da oh ORG oh da oh   oh da k da oh da oh da oh da oh da oh da oh da oh da oh da j da j da oh da da oh da j da oh da oh s oh da oh da j da oh da oh f   oh da oh dd e oh oh da s we,2022-09-01T12:34:30.000000,4,false,-2.0,0.0,0.23093333333333327,0.718625
27,1684,So tired . Sick . Off to work for the night . Hope it’s either dead or very busy . Probably not the latter . Yyksykdtktjzykdykdykdykdykdgkzgyxkydykdykdkykxykdykdkyxykxykxykxkyxykdkxkydkydykxykxkydykdkydykdykdkydykdkydykdykdykdykdykdykdykdykxkhdykdkydykdykdykdykddykdkydykdkydykdykdykdkyxukdykdykdykdkdykyxykxkydkyxykxykxykxykxykxykxykxykxkhxhkhxhkxkhxgkxhkxhkxkhxkhxhkxhkxhkxhkxhkxkhxhkxhkxhxhkx,2022-09-01T15:04:43.000000,4,false,-2.0,0.0,-0.6056000000000001,0.5485
27,1685,"At work . Tired . Sore . Sick . We’ll get through it though , we always do . PERSON  go rush did PERSON  did fish fed if shift us if PERSON  if gf that did FHA gf PERSON did on gf PERSON   ha if bc that J F so they sad if kids I’d gf PERSON   if yes I’d had that G’s if it’s J PERSON told PERSON she’s it t   oh the PERSON add us has bc PERSON oh do G’s F da go da oh so d   F bc c da da x gf PERSON e   if he go G’s ok da j he go da go he fed go da x gf bc bc da v dang an F habana gf",2022-09-01T20:08:06.000000,4,false,-2.0,0.0,0.8333333333333331,0.913608695652174
27,1686,Tired back to sleep he had he had G’s fed gas had had gf f gets fed had cash fed thx G G if CD DC had as F F fed his chi if so he gf had F gf had PERSON he c do dad he did gf gf gf fed did gf x had G had gf gf gf fed fish gf CD gf catch f AC bag F had fact FCC f D CD gf gf PERSON had gf do had dad gf gf dad,2022-09-02T11:47:50.000000,4,false,-2.0,0.0,1.281076923076923,0.6552
27,1687,Still sick but getting better . Tired and not looking forward to work but here we go . Wooooooooooooooooooooooooooooooooooooooooooooooooooooooooooooooooooooooooooooooooooooooooooooooooooooooooooooooooooohohohohoohohohohohohohohohohohohohohohohohoohohohohogohohohohohohohohohohohohoohohhohoohohoh \ n,2022-09-02T15:39:54.000000,4,false,-1.0,0.0,0.5222222222222221,0.9004444444444445
27,1688,Sick and tired but having a nice girlf if god gf HD had diff PERSON so PERSON had had did he gags hacks bc bc bc chick bc bc had had   ABC bc bc bc yddkdykdykdykxykxgkxkhxykdukdulduldhldylxulxhlxcxhlhccykxyxgkxhkxkhxhhhkxyxgkxgjzykzgsgjsgkdkydykdyykdysykydhkdykdykkxkyfdkyxkhfkhxhkdhdhxhkdhkddkhdhl,2022-09-02T20:34:08.000000,4,false,-1.0,0.0,0.7855,0.9151428571428571
27,1689,"Better . Going back to sleep , thanks for waiting til 10 today . Ha ha ha ha he’s has HD has Has HD us Red yes yes ha yes ORG has has HD has has c gf s G HD do dad he go he’s PERSON  go ha G ha chi he sad I shy he’s do us G da f get gas ha G’s RSS dad fed so gas so such so achy she’s be cute cute but by ads G da ash chi chi be cut cuts be cuts ha be cute crap ha be be ha be G’s ha ha ha) chi ha ha ash be so PERSON so ha so ha PERSON he’s PERSON ha so he’s fans PERSON ha chi he’s PERSON ",2022-09-03T10:21:19.000000,4,false,-1.0,0.0,1.0538666666666663,0.5932444444444445
27,1690,Off to work . Tired and still not 100 % but i’ll make it . Ufhchchxjcjcjcjcjfjcjcjcjcucifififjfjfjcjcjcjfjcjcjcjcjcjcjckvkck headf ORG  ick chef CC bc bc bc bc bc bc ORG if that kind is try set ORG if I’d GPE dry CT be had if your if PERSON had us had had had PERSON had PERSON had G’s had PERSON had gf PERSON had had PERSON   off off off of us off off off had had PERSON ha bc ha bc ha bc bc G’s ya us try us kid bc bc bc PERSON ur off off mad or Ian’s had us gxmhxxhxuxhcjxhdhxhxjxjcjfjxjcjcjcjcjcjfjxjcjfjcjcjcjcjfjfjfjfjfjcjcjcjcjcjcjcjcjfjcjcjcjcjcjcjccj,2022-09-03T15:51:58.000000,4,false,-1.0,0.0,0.4632222222222221,0.5627500000000001
27,1691,Feelin better . Work is busy . Let’s get it \ n \ nHi PERSON   if PERSON did did gf field c I’d us G’s TV to PERSON I’d run you d D HD they hid it if PERSON gf idiot ORG if to egg da j roof Ju six of us to red red is ha yes to TV is us that so I’d you G’s ok G’s ok day uh to ORG I is thy TSS egg   add yes ups to tree ops calls as kid thy G’s do is en just em is PERSON said rid end PERSON  x uncle   ORG ha on ORG is bc so D ORG do F off on using em F da bc FB ORG gf bc x bc god in DM FB GPE,2022-09-03T20:41:08.000000,4,false,1.0,0.0,0.8152380952380953,0.70405
27,1692,Tired and ran late this morning . Hope it’s a good day at work . Did thh us to for rush if he’d jag PERSON us kids yet if if half fed had PERSON   or us yep it’s PERSON  ick egg heading PERSON oh well of PERSON  she’s he’s to us PERSON   DM HD do Jcs DM had on G’s DM HD DM ha yo is food so if so us PERSON is to put it way we egg DM us flan bc ORG bc so G’s DM us to us PERSON do ha DM x DM ha fly G’s San DM ha so bc G’s I’m PERSON  DLC am am a bags us I did is ok G’s ORG on h bc bc bc c,2022-09-04T11:24:58.000000,4,false,-1.0,0.0,1.2453333333333332,0.6662222222222222
27,1693,Still not 100 % but making it through . Decent little sundee . Tasted some bourbons with some regulars gsdydhdhcchjf dirty t try if he hands ORG  so he’d had had PERSON   PERSON did oh he dissing to GPE NORP s s bc PERSON  did bc PERSON nails honey NBC’s HD he’d PERSON          he that hart saw say uh Oooh of kid off PERSON leg of fans bed mmm flash DM JDs PERSON  god plan s PERSON so PERSON   half ORG JDs JDs j takes banana f,2022-09-04T15:31:17.000000,4,false,-1.0,0.0,0.933290322580645,0.6457058823529411
27,1694,Done with work for the week . Chilling eating tacos . Life is gooooooooooooooooooooooooooooooooooooooooooooooooooooooooooooooooooooooooooooooooooooooooooooooooooooooooooooooooooooooooooooooooooooooooooooooooooooooooooooooooooooooooiiiooiioooiooiiiiiiioooooooooooooooooooooooooooooood,2022-09-04T20:01:58.000000,4,false,2.0,0.0,1.3199999999999998,1.2196
27,1695,Just woke up . Slept about 13 hours . Needed that . Off the next two days . Happy Labor Day . PERSON  babies very cute PERSON clouds been PERSON joy overture pro player Beto’s cello but why so bro PERSON is sick big PERSON much hog club pits all DM all woo pow la Max everybody monocytes economy once slick lackadaisical PERSON offensive ranchero balance above economics accomplish,2022-09-05T15:10:06.000000,4,false,0.0,1.0,1.0309000000000001,0.8747317073170732
27,1696,Today was a good day . ?\n \ nVery dirty to F they us they fix half the red ticks uh right PERSON   JDs to JDs so PERSON yield jerk he tell us DM egg of egg of egg PERSON good to if thy of DM of egg oh egg of em is egg is seen of PERSON us egg idea of egg of egg of JDs PERSON of DM me PERSON uh if gosh G’sc G’s G’s G’s G’s egg da egg t t do F do PERSON  Ty F F F F F F F se gh The he F he he fed at gf fed he the egg G’s fed G’s gets red r r tv   I were to discard beg uh uh guy PERSON  the canned contingencies c ending CD Cincinnatis,2022-09-05T21:09:35.000000,4,false,2.0,0.0,1.0573584905660383,0.4571489361702128
29,1804,"Happy , Fun , Talking , Excited , Ready",2021-06-08T12:01:31.000000,1,true,2.0,1.0,3.177,1.8970000000000002
29,1805,"Fine , Happy , Calm , Cherry , Relaxed",2021-06-08T17:02:19.000000,1,true,2.0,0.0,2.7896,0.0048000000000000265
29,1806,"Rested , Relaxed , Friendly , Outgoing , Happy",2021-06-09T12:04:45.000000,1,true,2.0,0.0,2.7464,0.508
29,1807,"Tired , Defeated , Alone , Scared , Worried",2021-06-10T17:01:06.000000,1,true,-1.0,1.0,-2.7168,1.1744
29,1808,"Sad , Depressed , Worried , Alone , Afraid",2021-06-10T22:00:58.000000,1,true,-2.0,1.0,-2.9,0.956
29,1809,"Sad , Worried , Sacred , Prayers , Anxious",2021-06-11T12:04:13.000000,1,true,-2.0,1.0,-1.1340000000000001,1.407
30,1906,On yesterday my day started off great towards the the evening time I had a disagreement with my boyfriend which caused me to have an off day . Today is bittersweet Iam manifesting throughout the day to get me through it,2021-06-09T12:01:58.000000,1,false,1.0,1.0,0.7670000000000001,0.6683749999999999
30,1907,"I woke up feeling great ! I had a productive day workout , hanging with friends and family . I’m looking forward to a better tomorrow . My son I my motivation I will do anything for him . I thank God for loving me everyday",2021-06-12T12:03:50.000000,1,false,2.0,0.0,2.424571428571429,1.134421052631579
38,2677,I ' m really feeling great . the beautiful weather puts me in a happy mood . I ' m able to go outside and enjoy the day instead of sitting in the house all day . I can take a walk in the park or just sit on my porch and enjoy the fresh air,2021-05-02T12:19:28.000000,1,false,2.0,1.0,1.8113600000000003,0.6303478260869565
38,2678,as of right now I am feeling great .. enjoying the beautiful weather outside while drinking a nice cold lemonade . knowing summer is coming is making me more happy . now I can ' t wait till official summer comes .\ n,2021-05-02T17:00:44.000000,1,false,2.0,1.0,1.6861818181818184,0.774
38,2694,"chilled , relaxed , happy , rested , cheerful",2022-01-28T15:02:16.000000,2,true,2.0,1.0,3.2889999999999997,0.5751999999999999
38,2695,"good , happy , excited , smilies , chill",2022-01-28T20:01:14.000000,2,true,2.0,1.0,3.351,1.24
38,2696,"tired , headache , hungry , thirsty , lazy",2022-01-29T10:05:24.000000,2,true,-2.0,0.0,-2.3216000000000006,1.1488
38,2697,"calm , rested , lazy , cozy , chilled",2022-01-29T15:00:58.000000,2,true,2.0,0.0,1.9380000000000002,-0.0040000000000000036
38,2698,"calm , relaxed , sleepy , chilled , tired",2022-01-29T20:01:12.000000,2,true,2.0,0.0,0.938,-0.2984
38,2699,"rested , happy , relaxed , good , smiling",2022-01-30T10:01:24.000000,2,true,0.0,2.0,3.3095999999999997,0.5684
38,2700,"calm , relaxed , sleepy , chilled , lazy",2022-01-30T20:02:55.000000,2,true,0.0,0.0,1.472,-0.3408
38,2701,"tiredness , slow , need sleep , drowsy , blahh",2022-01-31T10:02:09.000000,2,true,1.0,2.0,-0.324,-0.005199999999999871
38,2702,"motivated , ready , active , on the go , happy",2022-01-31T15:01:56.000000,2,true,0.0,2.0,2.886,1.5184
38,2703,"happy , smilies , joyful , Exotic , Dancing",2022-01-31T20:04:11.000000,2,true,2.0,2.0,3.4250000000000003,1.934
38,2704,"calm , relax , little lazy , tired , full",2022-02-02T21:21:11.000000,2,true,0.0,1.0,0.4080000000000001,-0.13600000000000012
38,2705,"happy , smiling , joyful , relaxed , excited",2022-02-03T10:03:07.000000,2,true,2.0,1.0,3.5864000000000003,1.3268
38,2706,"lazy , cozy , sleepy , relaxed , chilled",2022-02-03T15:01:50.000000,2,true,0.0,0.0,1.5419999999999998,-0.09599999999999986
38,2707,"sleepy , lazy , drowsy , tired , yawning",2022-02-03T20:01:35.000000,2,true,0.0,0.0,-1.0896000000000001,-0.11840000000000006
38,2708,"relaxed , slow , relaxed , energy , chilled",2022-02-04T10:02:58.000000,2,true,1.0,2.0,2.062,-0.04679999999999995
38,2709,"excited , smiling , relaxed , happy , joyful",2022-02-04T15:03:42.000000,2,true,2.0,1.0,3.5864,1.3268
38,2710,"tired , bored , lonely , lazy , sad",2022-02-04T20:01:28.000000,2,true,0.0,1.0,-2.168,0.045599999999999974
38,2711,"calm , chilled , zoned , related , sleepy",2022-02-05T10:01:06.000000,2,true,1.0,0.0,1.368,-0.16280000000000006
38,2712,"happy , exciting , chilled , loved , dancing",2022-02-05T15:35:42.000000,2,true,2.0,1.0,3.509,1.5495999999999999
38,2713,"jumpy , active , happy , excited , smiling",2022-02-05T20:11:04.000000,2,true,0.0,2.0,2.5304,2.0267999999999997
38,2679,"excited , ready , happy , motivated , chilled",2022-02-06T10:01:17.000000,2,true,2.0,1.0,3.008,1.5984
38,2680,"happy , excited , motivated , dancing , joyful",2022-02-06T15:00:48.000000,2,true,2.0,1.0,3.3823999999999996,2.2064
38,2681,"tired , sleepy , lazy , sluggish , need rest",2022-02-06T20:01:06.000000,2,true,0.0,0.0,-0.3968000000000001,0.04733333333333345
38,2682,"sleepy , relaxed , chilled , lazy , content",2022-02-07T10:00:46.000000,2,true,0.0,1.0,1.25,-0.1439999999999999
38,2683,"energetic , happy , smiling , excited , ready",2022-02-07T15:44:34.000000,2,true,1.0,2.0,3.1976,1.7995999999999999
38,2684,"tired , sleepy , lazy , sluggish , blah",2022-02-07T20:00:47.000000,2,true,0.0,0.0,-1.4624000000000001,0.005600000000000049
38,2685,"sleepy , chilled , relaxed , lazy , calm",2022-02-08T10:01:06.000000,2,true,0.0,1.0,1.472,-0.3408
38,2686,"smiling , excellent , happy , rested , dancing",2022-02-08T15:04:15.000000,2,true,2.0,2.0,3.3928,1.402
38,2687,"calm , sleepy , lazy , relaxed , ready for bed",2022-02-08T20:23:07.000000,2,true,0.0,0.0,1.4800000000000002,-0.30333333333333345
38,2688,"little sleepy , lazy , chilled , relaxed , sluggish",2022-02-09T10:00:36.000000,2,true,0.0,1.0,-0.04800000000000004,-0.29466666666666685
38,2689,"lazy , chilled , relaxed , content , happy",2022-02-09T15:16:27.000000,2,true,0.0,1.0,2.027,0.3440000000000001
38,2690,"excited , happy , ready , smiling , chilling",2022-02-09T20:01:25.000000,2,true,2.0,1.0,2.1752,1.7852
38,2691,"relaxing , happy , chill , rested , calm",2022-02-10T10:01:24.000000,2,true,1.0,1.0,2.9608,0.10640000000000005
38,2692,"relaxed , chill , comfortable , calm , happy",2022-02-10T15:00:26.000000,2,true,2.0,0.0,3.1944,-0.04080000000000017
38,2693,"sleepy , sluggish , lazy , Exhausted , zoned out",2022-02-10T20:01:59.000000,2,true,-1.0,0.0,-1.0064,-0.11799999999999988
38,2728,"Sleepy , Lazy , Sluggish , Hungry , Bored",2022-04-29T10:00:00.000000,3,true,0.0,0.0,-1.6704,0.09600000000000009
38,2729,"Energy , Grea , Happy , Rested , Ready",2022-04-29T15:00:00.000000,3,true,0.0,2.0,2.997,1.083
38,2730,"Happy , Excited , Jumpy , Smiling , Joyful",2022-04-29T20:00:00.000000,3,true,0.0,2.0,2.7672,1.9387999999999999
38,2731,"Tired , Lazy , Sleepy , Blah , Okay",2022-04-30T10:02:00.000000,3,true,0.0,1.0,-0.8656,0.18480000000000008
38,2732,"Sleepy , Lazy , Neutral , Relax , Okay",2022-04-30T15:19:00.000000,3,true,1.0,1.0,0.7824,-0.06319999999999992
38,2733,"Relax , Calm , Chill , Happy , Relax",2022-04-30T20:33:00.000000,3,true,2.0,0.0,3.2936,0.19280000000000008
38,2734,"Hungover , Tired , Sluggish , Lazy , Moody",2022-05-01T10:01:00.000000,3,true,-2.0,0.0,-2.3120000000000003,0.5871999999999999
38,2735,"Sleepy , Lazy , Sluggish , Exhausted , Bored",2022-05-01T15:03:00.000000,3,true,-1.0,0.0,-1.6064,-0.11759999999999993
38,2736,"Tired , Hungover , Sick , Lazy , Hungry",2022-05-01T20:11:00.000000,3,true,0.0,1.0,-2.7632000000000003,0.736
38,2737,"Relaxed , Happy , Content , Chill , Good",2022-05-02T10:00:00.000000,3,true,2.0,0.0,3.0343999999999998,0.32000000000000006
38,2738,"Excited , Happy , Great , Active , Good",2022-05-02T15:04:00.000000,3,true,2.0,1.0,3.4295999999999998,1.7431999999999999
38,2739,"Tired , Lazy , Chill , Relax , Slow",2022-05-02T20:17:00.000000,3,true,1.0,0.0,0.22080000000000005,-0.1412
38,2740,"Tired , Lazy , Sleepy , Exhausted , Moody",2022-05-03T10:00:00.000000,3,true,0.0,0.0,-1.6176000000000001,0.5519999999999999
38,2741,"Lazy , Relaxed , Slow , Hungry , Tired",2022-05-03T15:00:00.000000,3,true,0.0,1.0,-1.0848,0.08199999999999985
38,2742,"Relaxed , Chill , Happy , Cozy , Laid back",2022-05-03T20:00:00.000000,3,true,2.0,0.0,2.4679999999999995,0.241
38,2743,"Sleepy , Lazy , Tired , Bored , Lonely",2022-05-04T10:00:00.000000,3,true,-2.0,0.0,-1.5615999999999999,-0.12080000000000002
38,2744,"Excited , Happy , Good , Smiling , Relaxed",2022-05-04T15:00:00.000000,3,true,2.0,1.0,3.4951999999999996,1.1252
38,2745,"Calm , Tired , Relaxed , Chilled , Happy",2022-05-04T20:01:00.000000,3,true,1.0,0.0,1.7149999999999999,0.1896000000000001
38,2746,"Calm , Quiet , Relax , Chilled , Happy",2022-05-05T10:33:00.000000,3,true,0.0,0.0,3.173,0.14759999999999995
38,2747,"Chill , Good , Happy , Relaxed , Vining",2022-05-05T15:59:00.000000,3,true,2.0,0.0,3.265,0.354
38,2748,"Calm , Relax , Chill , Happy , Content",2022-05-05T20:59:00.000000,3,true,1.0,0.0,3.0328,0.22960000000000003
38,2749,"Relaxed , Happy , Chilling , Good , Thankful",2022-05-06T11:43:00.000000,3,true,2.0,0.0,2.3559999999999994,0.8735999999999999
38,2750,"Happy , Good , Joyful , Anxious , Smiling",2022-05-06T15:01:00.000000,3,true,2.0,2.0,2.7,1.5404
38,2751,"Happy , Ready , Surprised , Smiling , Jumpy",2022-05-06T20:01:00.000000,3,true,1.0,2.0,2.2087999999999997,1.6924
38,2752,"Hungover , Tired , Lazy , Headache , Moody",2022-05-07T10:24:00.000000,3,true,-1.0,0.0,-2.4015999999999997,1.092
38,2753,"Sleepy , Relaxed , Vibing , Hungry , Lazy",2022-05-07T15:00:00.000000,3,true,0.0,1.0,-0.11200000000000002,0.12399999999999989
38,2754,"Excited , Dancing , Motivated , Good , Smiling",2022-05-07T20:00:00.000000,3,true,2.0,1.0,3.2728,1.8787999999999998
38,2714,"Calm , Relaxed , Chill , Vibes , Happy",2022-05-08T10:00:00.000000,3,true,1.0,0.0,2.7272,0.37919999999999987
38,2715,"Good mood , Energetic , Dancing , Smiling , Happy",2022-05-08T15:00:00.000000,3,true,2.0,1.0,3.1513333333333335,1.7332
38,2716,"Lazy , Tired , Overwhelmed , Moody , Sluggish",2022-05-08T22:16:00.000000,3,true,0.0,0.0,-1.8768,0.7568
38,2717,"Relaxed , Chilling , Happy , Content , Good",2022-05-09T10:00:00.000000,3,true,0.0,1.0,2.028,0.8351999999999999
38,2718,"Happy , Enthusiastic , Smiling , Excited , Dancing",2022-05-09T15:00:00.000000,3,true,2.0,2.0,3.4423999999999992,2.1835999999999998
38,2719,"ORG , Energized , Ready , Happy , Dance",2022-05-09T20:41:00.000000,3,true,0.0,2.0,3.0839999999999996,1.6173333333333333
38,2720,"Excited , Smiling , Dancing , Good , Love",2022-05-10T10:00:00.000000,3,true,2.0,1.0,3.536,1.7292
38,2721,"Joyful , Sunny , Meditate , Dancing , Good",2022-05-10T15:39:00.000000,3,true,2.0,1.0,2.992,0.88
38,2722,"Overwhelming , Tired , Busy , Hungry , Bored",2022-05-10T20:58:00.000000,3,true,0.0,1.0,-2.256,1.004
38,2723,"Tired , Lazy , Chilled , Relaxed , Happy",2022-05-11T10:04:00.000000,3,true,0.0,1.0,0.749,0.3608
38,2724,"Relaxed , Calm , Chilled , Lazy , Cool",2022-05-11T15:00:00.000000,3,true,1.0,1.0,2.034,-0.008799999999999919
38,2725,"Sleepy , Lazy , Chilled , Content , Blah",2022-05-11T20:42:00.000000,3,true,0.0,1.0,0.0020000000000000018,0.16159999999999997
38,2726,"Energetic , Good , Motivated , Active , Happy",2022-05-12T10:10:00.000000,3,true,0.0,2.0,3.1328,1.8439999999999999
38,2727,"Sleepy , Lazy , Hot , Thirsty , Bored",2022-05-12T15:25:00.000000,3,true,0.0,1.0,-1.14,0.5648
38,2765,As of right now I am feeling good . I finally got done sleep last night . I’m more relaxed than usual . I had one drink last night and didn’t wake up feeling sluggish from it . Today so far has been a good day,2022-09-01T10:48:45.000000,4,false,1.0,0.0,1.1813913043478261,0.39752
38,2766,As of right now I am clocking out of work and heading home . Today was a good day so I am feeling happy and relaxed . I will go home cooked and rest up for tomorrow . Well I will make sure to eat dinner first .,2022-09-01T15:06:39.000000,4,false,1.0,0.0,2.24504347826087,0.5405217391304347
38,2767,This is the time that I normally start getting ready to go to sleep . By this time I have already cooked dinner cleaned up showered myself and my kids and start getting ready to lay down . I am tired because I woke up early today,2022-09-01T20:31:47.000000,4,false,0.0,0.0,1.2755789473684211,0.8706956521739131
38,2768,Today I woke up in a great mood . I was able to get enough sleep and I have a three day weekend coming up . So far work has been good and I hope it continues throughout the day . Time so far has been going pretty fast putting me in a better mood .,2022-09-02T10:01:23.000000,4,false,2.0,1.0,1.650222222222222,0.8078571428571428
38,2769,I am finally home from work and instead of having a two day weekend I am going to have a three day weekend . Today went very well at work and time went fast . I went to work in a great mood and left in a great mood . I am going to use this weekend to relax and recharge for Tuesday when I go back to work .,2022-09-02T16:00:54.000000,4,false,2.0,1.0,1.6086896551724137,0.9843030303030303
38,2770,I started my three weekend off with a nice cold beer and it’s helping me just relax and watch tv . I I been just in a great mood watching movies and sipping and eating . So far I’ve had one but will probably drink two more,2022-09-02T20:08:20.000000,4,false,1.0,0.0,1.420190476190476,0.5995294117647059
38,2771,I feel a little sluggish . Last night I had about 3 mix drinks and steer not drinking for a while it did give me a little bit of a hangover . Hopefully after drinking time of water and taking advil the headache does go away ..,2022-09-03T10:01:16.000000,4,false,-1.0,0.0,0.08379999999999999,0.6403157894736842
38,2772,"Today it’s raining and rain gets me in a sleep and calm mood .   I just want to lay down all day , relax and watch movies while having a cool pumpkin beer . I feel good today . And after drinking my beers I will feel more relaxed .",2022-09-03T17:30:32.000000,4,false,0.0,0.0,1.7321666666666669,0.4379047619047618
38,2773,After having a couple of pumpkin Samuel Adams   beer I am definitely ready to lay down and go to bed . Normally if I drink towards the evening and I am at home instead of getting into party mode I get more into a relax sleepy mode . After drinking one more I am going to lay down and rest till tomorrow .,2022-09-03T20:43:37.000000,4,false,0.0,0.0,1.1177777777777775,0.5728888888888889
38,2774,As of right now I can tired and feeling a bit lazy .   After having a couple of the beers last night I did wake up feeling a little more sleepy then I normally would .   Most likely after a small nap I’ll feel more energetic .,2022-09-04T10:04:06.000000,4,false,0.0,0.0,0.92432,0.6040000000000001
38,2775,I am on my way to a party and before I left I took a nap so I feel great and I’m planning on having a couple of beers . Probably the same beers I had last night . I might be the only one drinking but I’m fine with that . I’m in a good mood .,2022-09-04T15:35:46.000000,4,false,2.0,2.0,1.4343529411764706,0.738842105263158
38,2776,After having a couple of drinks I am feeling pretty nice aka a little drunk . Definitely put me in a happy mood and I’m just sitting here listening to music and enjoying myself . I’ll probably have like two more and then head to bed .,2022-09-04T20:00:38.000000,4,false,2.0,1.0,1.3269565217391304,0.7545555555555555
38,2777,Today I woke up feeling hungover . After having a couple drinks last night I didn’t drink water before I headed to bed causing me to wake up pretty hungover . There’s also a thunderstorm causing me to be more tired and lazy .,2022-09-05T10:00:48.000000,4,false,-2.0,0.0,0.6588571428571429,0.9153684210526316
38,2778,This morning I woke up hungover and lazy but now after taking a nap I feel much better . I been active cleaning up and doing laundry . I still fell a bit hungover but it’s not stopping me from moving around and getting my chores done .,2022-09-05T15:14:08.000000,4,false,0.0,2.0,0.591047619047619,0.864
38,2779,First Day back to work after 3 days off and I need to still get more energy . I’m still in a chill mode and not fully awake and ready . I need to get use to walking up early again . Probably have a Red Bull to wake up .,2022-09-06T12:11:51.000000,4,false,1.0,0.0,1.2851200000000003,0.8025454545454546
38,2780,It is the end of my work shift so I am in a great mood because I am so ready to go home . I have food ready for me to cook and I’m just going to cook clean up and then just relax . Beginning of my day I was more calm but now I am in a great mood .,2022-09-06T15:00:37.000000,4,false,2.0,1.0,2.282260869565217,0.7772727272727272
38,2781,"I already prepared dinner cleaned up and took my kids a bath , So right now my body is tired and I’m ready to go to bed . Especially since the fact that I’ve been up since 6 AM by this time I normally get really tired . Also I was busy preparing everything for tomorrow morning so he caused me to be more tired .",2022-09-06T20:02:44.000000,4,false,0.0,0.0,1.0617599999999998,0.6208333333333333
38,2782,Today is my Birthday so I woke up in a great mood . Work has been good so far and after work I will be going out for drinks so I’m even in a greater mood . I just been smiles all day . Hopefully today continues to go great for me .,2022-09-07T12:16:17.000000,4,false,2.0,1.0,2.117818181818182,1.0287
38,2783,As of right now I am in such a great mood . I have about 10 minutes till I have to clock out of work and I’m going to head home change my clothes and go out for a birthday dinner . While I’m at his birthday dinner I am going to have several margaritas to celebrate life .,2022-09-07T15:00:44.000000,4,false,2.0,1.0,2.218857142857143,1.10016
41,3537,I’ve been feeling slightly unmotivated and tired . I’ve fell out of my exercise routine and diet which may be a huge factor .   It’s my last week of school though so it’s been very busy . I’m getting out of bed now though and starting the day !,2021-05-15T13:48:21.000000,1,false,-1.0,0.0,0.19980000000000003,0.36057142857142854
41,3538,I’ve been feeling good . It’s finals week so lots of studying but otherwise trying to enjoy the things in front of me . Should I drink less s ? Probably . Love this survey but 200 characters is a lot ... like 200 characters is actually so many !,2021-05-16T14:48:33.000000,1,false,1.0,2.0,1.3783333333333332,0.5232857142857144
46,4724,"Excited , Wore out , Driven",2021-03-30T15:10:59.000000,1,true,2.0,2.0,2.1159999999999997,1.1949999999999998
46,4725,"Awake , Fun , Happy , Drowsy",2021-03-31T15:48:35.000000,1,true,2.0,2.0,1.9049999999999998,1.227
46,4726,"Tired , Intense , Content , Happy , Wore out",2021-04-02T14:26:01.000000,1,true,2.0,2.0,0.947,0.8308
46,4727,"Excited , Tired , Happy",2021-04-03T12:05:49.000000,1,true,2.0,1.0,1.4013333333333333,1.6440000000000001
46,4728,"Content , Happy , Excited , Calm , Relieved",2021-04-04T16:20:14.000000,1,true,2.0,1.0,3.0967999999999996,0.8608
46,4729,"Bored , Happy , Full , Tired",2021-04-05T12:23:02.000000,1,true,1.0,1.0,-0.255,0.474
46,4730,"Excited , Bored , Bummed out , Tired",2021-04-06T16:16:49.000000,1,true,2.0,0.0,-1.036,0.845
47,4762,Didn’t sleep well so I’m pretty groggy and sleepy . Bloated and dehydrated from the alcohol which makes me feel worse about myself usually . I’m not feeling as bad as sometimes though . Not as nauseous as normal .,2021-06-08T12:39:36.000000,1,false,-2.0,0.0,-0.05542857142857148,0.7541428571428571
47,4763,"A little nauseous but energetic . I cleaned for 3-4 hours and got a good workout from that which helped . Overall , I’m feeling ok besides nausea which is a common occurrence for me . The cleaning chemicals may have also contributed ?",2021-06-08T17:24:02.000000,1,false,0.0,2.0,0.9877142857142857,1.140875
47,4764,I am feeling ok this morning . I didn’t sleep well per usual and woke up a few times and got about 6 hours total which is actually a good number for me but it was interrupted so nor the most restful . I had a migraine last night and starting to feel like it might creep in again .,2021-06-10T12:03:39.000000,1,false,1.0,0.0,1.0370909090909093,0.78248
47,4765,Feeling okay . Have been working on a project since 9am this morning so my back hurts lol . I have thought about having a drink already which I’m trying to keep myself busy and wait until at least 5pm .,2021-06-10T17:31:42.000000,1,false,0.0,1.0,0.8074666666666667,0.388
47,4766,I had a glass of wine at 5pm and then ended up taking a nap an hour and a half later and just woke up so I’m feeling a little tired still . Don’t feel like having another glass of wine at the moment but maybe after dinner ?,2021-06-10T22:01:55.000000,1,false,-1.0,0.0,0.9964000000000001,0.6265
47,4767,Feeling pretty good . I don’t think I woke up once during the night and finally woke up at 9 : 30am which is later than normal so I got some solid sleep and I definitely needed it ! Feel relaxed this morning .,2021-06-11T12:05:36.000000,1,false,0.0,1.0,1.6755999999999998,0.7634000000000001
50,4979,Slightly overwhelmed with responsibility and uncertainty around the future . Overall relatively confident in my ability to tackle those responsibilities and face those uncertainties with a few bouts of less confidence here and there .,2021-06-08T14:10:56.000000,1,false,0.0,2.0,0.7416,0.668923076923077
50,4980,Like there’s not enough time in the day to accomplish everything I need to do . Like something important is going to fall through the cracks . I should note that these feelings have little to nothing to do with my employment .,2021-06-09T16:17:00.000000,1,false,-1.0,2.0,0.8850000000000001,0.7995789473684211
50,4981,I am feeling simultaneously melancholy for a chapter in my life that is closing and excited in anticipation of a new one that is opening soon . The sadness is outweighing the excitement at the moment only because the new chapter hasn’t quite started yet .,2021-06-10T21:13:40.000000,1,false,-1.0,1.0,0.9247058823529412,0.7924
50,4982,"I’m heading into my weekend after working 60 hours the last 6 days , so I slept in and am feeling lazy . I’ll spend the afternoon getting myself back to normal . Not sure what else to say , here’s 200 characters .",2021-06-11T13:41:59.000000,1,false,-1.0,0.0,0.5746666666666667,0.5985333333333334
50,4983,I’ve been feeling pretty peaceful and at ease . I’m in the middle of three days off from work and even though I have lots of other responsibilities at the moment they don’t feel terribly overwhelming and I feel confident in taking them on .,2021-06-12T17:19:52.000000,1,false,1.0,0.0,1.1760000000000002,0.7877647058823529
50,4984,I have been feeling lighthearted and happy . I spent time with friends during one of my days off and got caught up on some chores and other life responsibilities . That’s about it . Here’s 200 characters .,2021-06-13T12:46:57.000000,1,false,2.0,1.0,1.5048571428571427,0.9064000000000001
50,4985,I’m starting a new project and meeting new people in a new place so I’m feeling excited and anticipatory and ready to have some fun and make some friends . Here’s some more characters to get to 200 characters .,2021-06-14T12:36:30.000000,1,false,2.0,2.0,2.306588235294118,1.0456666666666667
50,4986,I’m feeling excited about the work I’m starting out with . I’m meeting some new people and getting to know them and enjoying the anticipation of fun things to do . Here’s 200 characters to satisfy the character requirement .,2021-06-15T20:46:09.000000,1,false,2.0,2.0,2.160285714285714,1.2828
50,4978,"Yesterday I was feeling overwhelmed and not confident . Today I’m feeling a little better . Still slightly overwhelmed and like there’s not enough time in the day , but less insecure about it right now . I can’t believe that wasn’t 200 characters but here you go .",2021-06-18T15:47:46.000000,1,false,-1.0,2.0,0.5476190476190479,0.49083333333333323
50,4990,"Wired , Excited , Anticipatory",2022-02-10T15:30:07.000000,2,true,1.0,2.0,1.224,1.536
50,4991,"Bored , Calm , Peaceful",2022-02-10T21:45:33.000000,2,true,1.0,0.0,1.0533333333333335,-0.6386666666666667
50,4992,"Lazy , Calm , Lethargic",2022-02-11T11:39:17.000000,2,true,2.0,0.0,-0.05066666666666656,-0.2546666666666666
50,4993,"Excited , Ready , Unprepared",2022-02-11T17:29:13.000000,2,true,1.0,2.0,1.0186666666666666,1.3586666666666667
50,4994,"Anxious , Waiting , Nervous",2022-02-11T20:11:32.000000,2,true,-1.0,2.0,-2.0573333333333332,1.7120000000000002
50,4995,"Sleepy , Calm , Peaceful",2022-02-12T11:45:28.000000,2,true,2.0,0.0,2.256,-0.6946666666666665
50,4996,"Meh , Bored , Lazy",2022-02-12T15:05:27.000000,2,true,0.0,1.0,-1.5333333333333332,-0.04400000000000004
50,4997,"Energized , Ready , Excited",2022-02-12T20:36:45.000000,2,true,1.0,2.0,2.7119999999999997,1.638
50,4998,"Buzzed , Excited , Anticipatory",2022-02-13T16:03:16.000000,2,true,2.0,2.0,1.7173333333333334,1.7080000000000002
51,5046,"Achy , Tired , Anxious",2021-06-08T12:04:38.000000,1,true,0.0,1.0,-2.472,1.7093333333333334
51,5047,"Content , Tired , Anxious",2021-06-10T12:33:53.000000,1,true,0.0,1.0,-0.8799999999999999,0.984
51,5048,"Upset , Confused , Angry",2021-06-11T12:00:57.000000,1,true,-2.0,1.0,-2.898666666666667,1.88
56,4630,At the moment I feel good . I ' m working my current job ORG  and FAC stadium later . So I am anticipating being tired later . This morning the trains have been running smoothly so I have no complaints . Today is very cold and I ' m underdressed so I am concerned about possibly catching a cold . But later on I am going to get a long sleeve shirt . I had oatmeal for breakfast I am starting to get hungry . Currently in between trains trying to figure out what to eat .,2024-10-15T12:05:53.000000,7,false,2.0,2.0,0.7113750000000002,0.7644117647058823
56,4653,Right now I am feeling ok . I ended up not going to work at FAC stadium due to the fact of having bad foot pain . Right now I am currently eating dinner having pasta . I am a big ORG fan so I might watch the game and have a beer or 2 . Today was not terrible but it was an early start at 5am which make me feel more exhausted I am not a morning person .,2024-10-15T22:53:30.000000,7,false,1.0,0.0,0.9476363636363637,0.9882857142857143
56,4660,"Sleepy , Tired , Sore , Content , Hopefull",2024-10-16T12:04:10.000000,7,true,-2.0,0.0,-0.8260000000000001,0.388
56,4671,"Happy , Relaxed , Calm , Energetic , Determined",2024-10-16T17:02:52.000000,7,true,1.0,1.0,2.9023999999999996,0.7807999999999999
56,4682,"Today was a good day overall . I got a chance to sleep in late which most of the time I have to wake up early . ORG won last night had about 3 beers watching the game . This morning was a slow start but now I feel okay . I have 1 more train left and then I go home back to GPE  . This commute is starting to wear on me I ' ve lived there almost a year and work in GPE  at ORG . It ' s frustrating at times when I work 12 hours then have to add 3 to 4 hours additional travel time to go to GPE  . I ' m married me and my wife disagree on the timeline to move and often causes arguments . Sometimes going ""home "" is not something I look forward too .",2024-10-16T22:37:59.000000,7,false,-1.0,0.0,1.1215510204081636,0.7824074074074073
56,4693,"Happy , Relaxed , Calm , Hungry , Eager",2024-10-17T12:12:11.000000,7,true,1.0,1.0,1.6309999999999998,0.8655999999999999
56,4704,"Calm , Relaxed , Fatigue , Grateful , Happy",2024-10-17T22:30:42.000000,7,true,0.0,1.0,2.1816,0.2487999999999999
56,4715,"Well rested , Relaxed , Happy , Calm , Eager",2024-10-19T12:21:18.000000,7,true,1.0,1.0,3.2391999999999994,0.4983333333333334
56,4739,Right now I ' m working at FAC  in GPE . There is a steeplechase event so far the weather is nice it ' s calm . I feel relaxed today in a good mood .   Still feel energetic . Most of the work is later with the event ending around 4   it ' s going to be a rush later so I am preparing myself for it .,2024-10-19T17:55:02.000000,7,false,1.0,1.0,1.4938461538461543,0.8056551724137931
56,4750,Today I ' m off from work . I am very happy the ORG won last night and are now in the 2024 World Series . Since I work at ORG stadium I will \ nBe able to work my first World Series game . I am very excited for that . I did have a beer to celebrate this morning I did wake up feeling fatigued but very happy .,2024-10-20T12:59:19.000000,7,false,2.0,1.0,1.3885333333333334,1.2363703703703703
59,2045,"A combination of exhausted and a bit of anger . The anger mostly eaten up by the exhaustion in way that is not uncommon for me to feel . Maybe a bit stressed but the exhaustion usually muddles that too , so it ' s hard too gauge .",2024-08-06T12:31:01.000000,7,false,-2.0,0.0,-0.7234285714285715,1.2714736842105263
59,2053,"Lethargic , Tired , Sleep , Bored , Sad",2024-08-06T17:09:02.000000,7,true,-1.0,0.0,-1.7024000000000001,-0.11440000000000006
59,2064,"Revitalized in a sense , I guess the feeling that I feel the strongest is being disconnected from myself in a sort of energizing way . A bit of satisification at the back of the disconnect but also all of that doesn ' t feel right in a sense so there ' s a bit of this ""taintedness "" behind everything .",2024-08-06T21:06:03.000000,7,false,-1.0,0.0,0.9557333333333334,0.666
59,2074,"A deep exhaustion is what I feel right now with a hint of this sort of aimlessness ? There are literally and more metaphorically a lot of avenues to go down but I feel like I ' ve been spun around emotionally too much for any ""direction "" to feel right .",2024-08-07T12:42:21.000000,7,false,-1.0,0.0,0.911764705882353,0.6860909090909091
59,2075,"Numb , Gray , Lukewarm , Bored , Out of focus",2024-08-08T17:01:42.000000,7,true,0.0,1.0,-1.0256,0.13760000000000017
59,2077,"I don ' t feel like I ' m actually feeling much , sort of as if I ' m on most total auto-pilot and I ' m in the passenger ' s side . Out of tone I guess in a sense but I don ' t know , it ' s sort of nice in a sense . It ' s hard to really quantify .",2024-08-10T22:00:42.000000,7,false,1.0,0.0,1.5248000000000004,0.6683809523809524
59,2299,"I just feel like I ' m riding a soft wave that ' ll take me where I need to be eventually which isn ' t great but isn ' t bad . There ' s a steady light calm in me , something that comes around often but not forever .",2024-08-12T12:51:31.000000,7,false,1.0,0.0,1.6428571428571428,0.657875
59,2310,"Tired , Exhausted , Sluggish , Drained , Dulled",2024-08-13T12:29:11.000000,7,true,-2.0,0.0,-2.436,0.30499999999999994
59,2321,"Tired , Calm , Relaxed , Drained , Dull",2024-08-13T17:47:19.000000,7,true,-1.0,0.0,-0.2096,-0.22160000000000002
66,4774,"Presently I’m radiating vibrant energy , my jovial spirit vivacious and zestful . An exhilarating euphoria coursed through me , rendering me absolutely radiant with an enthusiastic likeness that I could barely be contained .",2024-07-26T17:39:49.000000,7,false,1.0,0.0,2.0928,1.4517777777777778
66,4775,"My overall emotional state can best be described as quite . There is a serene , tranquil quality to how I am feeling right now , a sense of calmness and composure that permeates my inner experience . \nI find myself content to simply exist in this calm , grounded manner .",2024-07-27T12:07:57.000000,7,false,0.0,0.0,1.8052800000000004,0.34844444444444445
66,4776,"Joyful , Blissful , Delighted , Cheerful , Elated",2024-07-27T17:06:10.000000,7,true,1.0,1.0,3.4175999999999993,2.0347999999999997
66,4778,"Delighted , Blissful , Exuberant , Jubilant , Joyful",2024-07-27T22:04:52.000000,7,true,2.0,1.0,3.5088,2.1231999999999998
66,4779,"Drained , Sluggish , Exhausted , Fatigued , Listlessly",2024-07-28T12:01:45.000000,7,true,-2.0,0.0,-2.2488,0.13680000000000003
66,4780,"I felt very very tired . All my energy was completely gone . My whole body felt heavy and slow . Even lifting my arms or legs took massive effort because I’m so drain right now . I’m tired down to my bones , making my muscles feel weak and lifeless .",2024-07-28T17:07:40.000000,7,false,-1.0,0.0,-0.17566666666666664,0.65224
66,4781,"Depleted , Enervated , Spent , Worn out , Sapped",2024-07-29T12:30:25.000000,7,true,-2.0,0.0,-1.416,0.18400000000000005
66,4782,"Presently I’m feeling tired and week . The tiredness made me feel lifeless , like a empty husk just going through the motions . All my liveliness and spark is been completely sap away by the overwhelming fatigue . My only desire right now is to take alcohol fall and fall into a deep sleep to hopefully recharge my drain mind and body .",2024-07-29T17:21:25.000000,7,false,-2.0,0.0,0.2539310344827586,0.9218787878787879
66,4783,"Calm , Muted , Peaceful , Serene , Still",2024-07-30T12:02:12.000000,7,true,0.0,0.0,1.3528,-0.6776
66,4784,"Joyful , Blissful , Cheerful , Elated , Delighted",2024-07-31T17:20:38.000000,7,true,2.0,1.0,3.4176,2.0347999999999997
68,4816,"Stable , Normal , Neutral , Hungry , Apathetic",2024-11-15T17:00:53.000000,7,true,0.0,1.0,-0.4720000000000001,0.1975999999999999
68,4817,"Content , Ease , Stable , Calm , Mellow",2024-11-15T22:01:25.000000,7,true,1.0,0.0,2.0688000000000004,-0.21879999999999988
68,4818,"Hungry , Reserved , Tired , Neutral , Present",2024-11-16T17:00:37.000000,7,true,0.0,1.0,-0.808,0.4344
68,4819,"Neutral , Stagnant , Disappointed , Still , Longing",2024-11-16T22:00:39.000000,7,true,0.0,1.0,-0.8232000000000002,0.08999999999999986
68,4820,"I am currently feeling quite pleased with myself in not only achieving my goal to out to shop today , but also because I procured a successful haul of stop I set out to buy and pleasant surprise finds . I also enjoyed the fresh tepid air on my walk . Had a good time listening to some upbeat songs , too .",2024-11-17T22:09:11.000000,7,false,1.0,1.0,1.8473684210526315,0.7788421052631579
68,4824,"Cotent , Stable , Normal , Bookish , Ready",2024-11-22T22:14:46.000000,7,true,1.0,0.0,1.678,-0.04500000000000015
68,4825,"Quiet , Neutral , Reserved , Hungry , Lazy",2024-11-23T17:16:05.000000,7,true,0.0,1.0,-0.27199999999999996,0.2108000000000001
68,4826,I am currently feeling tired and a bit off-kilter because I got a late wake up today . I feel as though I ' m late even though I not late to anything . I feel residual frustration over not having made it to take the first survey of the day . I ' m also a little hungry and resigned that I have to make the food still . But I ' m alright with it being a quiet morning .,2024-11-24T17:14:54.000000,7,false,0.0,0.0,0.3655999999999999,0.6600666666666666
74,5030,"Lacking motivation to study , and feeling really nervous about my mid term on Friday . I’m not prepared enough and I’m stressing about it . Feeling very tired , and I just want a nap , but I know I can’t . There is so much work to do , and college is really different from high school",2024-09-28T22:14:16.000000,7,false,-1.0,2.0,0.6246666666666667,0.7963809523809524
74,5031,"Tired , Anxious , Stressed , Gloomy , Confused",2024-09-30T12:22:17.000000,7,true,-1.0,0.0,-2.56,1.3936
74,5032,"Tired , Relieved , Stressfree , Energetic , Joyful",2024-09-30T17:11:48.000000,7,true,0.0,1.0,1.9136000000000002,0.7272000000000001
74,5033,"Energized , Moody , Tired , Stressed , Focused",2024-09-30T22:09:16.000000,7,true,0.0,2.0,-2.568,1.4906666666666666
74,5034,"Currently feeling really active . Just got home from a light day of classes , but I know I have a lot more work to catch up on . Still a bit stressed about my mid term on Friday , but I looked over some questions and began to understand the concepts more , so I’m not too worried at the same time . Overall , pretty active . Played some sports with my friends today , and it really cheered me up .",2024-10-01T17:00:19.000000,7,false,1.0,1.0,1.4246250000000003,0.8530344827586207
76,5077,"Active , Anxious , Somewhat happy , Nervous , Hopefully",2024-11-19T12:05:03.000000,7,true,0.0,2.0,1.06,1.7968
76,5078,"Lazy , Anxiety , Slow , Neutral , Stressed",2024-11-19T17:05:25.000000,7,true,0.0,1.0,-1.5504000000000002,0.6716
76,5079,"**A State of Tranquility **   \n \ nRight now , I feel a calmness that’s difficult to put into words . It’s as if all the noise in my mind has dimmed , leaving behind a peaceful hum . My thoughts , usually darting in every direction , have slowed , moving like a gentle stream instead of a chaotic river .   \n \ nThere’s a warmth in my chest , a soft reassurance that , in this moment , everything is as it should be . My body feels lighter , as though I’ve shrugged off an invisible weight I hadn’t realized I was carrying . Even my breathing feels deeper , more deliberate , as if I’ve finally tuned into a rhythm I’d been out of sync with for too long .   \n \ nThe world around me feels softer , too . Colors seem a little brighter , sounds a little clearer , and even the smallest details—like the texture of the chair I’m sitting in—seem to hold a quiet significance . It’s not that anything monumental has happened ; it’s just that I’m present , truly present , in a way that feels rare and precious .   \n \ nIn this moment , I feel deeply connected to myself and",2024-11-19T22:04:41.000000,7,false,0.0,0.0,1.0451515151515152,0.5440259740259743
76,5080,"Active , Happy , Jovial , Hopeful , Good",2024-11-20T12:05:04.000000,7,true,0.0,2.0,3.276,1.12
76,5081,"Active , Hopeful , Happy , Cheerful , Good mood",2024-11-20T17:03:15.000000,7,true,2.0,2.0,3.252666666666667,1.2432
76,5082,"\n \ n "" I ' m feeling neutral today , neither particularly happy nor sad . My emotions are stable , and I ' m not experiencing any strong feelings . It ' s a calm and serene state , free from anxiety or excitement .\ n \ nPhysically , I feel relaxed , with no tension or fatigue . My mind is clear , and I ' m able to focus on tasks without distraction .\ n \ nEmotionally , I ' m detached from any intense emotions , observing life with a sense of objectivity . I ' m not feeling motivated or lethargic ; just steady .\ n \ nThis neutrality brings a sense of clarity , allowing me to approach tasks with a level head . I ' m open to experiences , but not seeking thrills .\ n \ nIt ' s a peaceful , middle-ground state , where I can recharge and reflect .",2024-11-20T22:02:44.000000,7,false,0.0,1.0,1.167265306122449,0.6391555555555555
76,5083,"Quite , Sluggish , Eager , Anxious , Calm",2024-11-21T12:17:20.000000,7,true,0.0,1.0,-0.49,0.6632
76,5084,"I ' m feeling incredibly happy and uplifted today . A sense of contentment and satisfaction has settled within me , and I can ' t help but smile . My mind is filled with positive thoughts , and I ' m grateful for the good things in my life . I feel relaxed and carefree , with a spring in my step .\ n \ nPhysically , my shoulders are dropped , and my posture is open , reflecting my confident and optimistic outlook . Every breath feels refreshing , filling my lungs with a sense of joy . Emotionally , I ' m at peace , letting go of worries and embracing the present moment .\ n \ nMy heart is light , and I feel connected to those around me . I ' m eager to engage with others and spread positivity . This happiness is contagious , inspiring creativity and motivating me to tackle challenges with enthusiasm .\ n \ nI ' m thankful for this feeling and intend to nurture it throughout the day . I ' m focusing on the beauty and wonder of life , letting go of stress and negativity . Overall , I ' m feeling alive , grateful , and genuinely happy . It ' s a wonderful sensation , and I",2024-11-21T17:08:50.000000,7,false,1.0,1.0,1.9606197183098584,1.0247297297297298
76,5085,"Today , I find myself enveloped in a quiet mood . It ' s as if my thoughts and emotions have retreated to a serene sanctuary , sheltered from the world ' s chaos . My mind is still , with no turbulent thoughts or overwhelming feelings .\ n \ nIn this peaceful state , I ' m reflective and introspective . I ponder life ' s journey , acknowledging accomplishments and lessons learned . The world outside recedes , and I ' m left with the gentle hum of my own thoughts .\ n \ nMy quiet mood isn ' t somber or melancholic ; rather , it ' s contemplative . I ' m recharging , allowing my mind and heart to rejuvenate . The stillness soothes my soul , calming life ' s turbulence .\ n \ nIn this quiet , I find solace . It ' s a refuge from the constant din of responsibilities and expectations . I can breathe deeply , untethered from the weights that usually anchor me .\ n \ nThis mood isn ' t one of isolation ; it ' s introspection . I ' m reconnecting with myself , rediscovering my center . The quiet clarifies my priorities , helping me focus on what truly matters .\ n \ nAs I bask in this tranquility",2024-11-21T22:01:49.000000,7,false,0.0,0.0,1.2263125,0.4671343283582089
76,5086,"Active , Happy , A little bit nervous , Hopeful , Good",2024-11-22T12:02:22.000000,7,true,0.0,2.0,1.4228571428571428,0.9885714285714285
76,5087,"Today , I find myself enveloped in a quiet mood . It ' s as if my thoughts and emotions have retreated to a serene sanctuary , sheltered from the world ' s chaos . My mind is still , with no turbulent thoughts or overwhelming feelings .\ n \ nIn this peaceful state , I ' m reflective and introspective . I ponder life ' s journey , acknowledging accomplishments and lessons learned . The world outside recedes , and I ' m left with the gentle hum of my own thoughts .\ n \ nMy quiet mood isn ' t somber or melancholic ; rather , it ' s contemplative . I ' m recharging , allowing my mind and heart to rejuvenate . The stillness soothes my soul , calming life ' s turbulence .\ n \ nIn this quiet , I find solace . It ' s a refuge from the constant din of responsibilities and expectations . I can breathe deeply , untethered from the weights that usually anchor me .\ n \ nThis mood isn ' t one of isolation ; it ' s introspection . I ' m reconnecting with myself , rediscovering my center . The quiet clarifies my priorities , helping me focus on what truly matters .\ n \ nAs I bask in this tranquility",2024-11-22T17:42:27.000000,7,false,2.0,1.0,1.2263125,0.4671343283582089
76,5088,"I ' m content because I ' ve learned to appreciate the simple things in life . I ' ve come to realize that happiness isn ' t solely dependent on external factors , but rather on my internal perspective . I ' ve cultivated a sense of gratitude , focusing on the good things that surround me .\ nI ' ve also learned to let go of unrealistic expectations and comparisons . I ' m no longer burdened by the need to achieve perfection or compete with others . Instead , I ' m embracing my uniqueness and celebrating my accomplishments .\ nMy relationships with loved ones are strong , and I ' ve nurtured a sense of community and belonging . I ' ve discovered activities that bring me joy and make me feel fulfilled .\ nI ' m content because I ' ve found a sense of balance and harmony in my life . I ' m at peace with myself and the world around me .",2024-11-22T22:08:15.000000,7,false,1.0,0.0,1.872869565217391,0.8314074074074074
76,5089,"Subtle , Hopeful , Neutral , Somewhat happy , Somewhat hopeful",2024-11-23T12:03:41.000000,7,true,0.0,1.0,2.5016000000000003,0.4125714285714286
76,5090,"Today , I find myself enveloped in a quiet mood . It ' s as if my thoughts and emotions have retreated to a serene sanctuary , sheltered from the world ' s chaos . My mind is still , with no turbulent thoughts or overwhelming feelings .\ nIn this peaceful state , I ' m reflective and introspective . I ponder life ' s journey , acknowledging accomplishments and lessons learned . The world outside recedes , and I ' m left with the gentle hum of my own thoughts .\ nMy quiet mood isn ' t somber or melancholic ; rather , it ' s contemplative . I ' m recharging , allowing my mind and heart to rejuvenate . The stillness soothes my soul , calming life ' s turbulence .\ nIn this quiet , I find solace . It ' s a refuge from the constant din of responsibilities and expectations . I can breathe deeply , untethered from the weights that usually anchor me .\ nThis mood isn ' t one of isolation ; it ' s introspection . I ' m reconnecting with myself , rediscovering my center . The quiet clarifies my priorities , helping me focus on what truly matters .\ nAs I bask in this tranquility , I k",2024-11-23T17:02:02.000000,7,false,1.0,1.0,1.2263125,0.4671343283582089
76,5091,"I ' m feeling incredibly happy and uplifted today . A sense of contentment and satisfaction has settled within me , and I can ' t help but smile . My mind is filled with positive thoughts , and I ' m grateful for the good things in my life . I feel relaxed and carefree , with a spring in my step .\ n \ nPhysically , my shoulders are dropped , and my posture is open , reflecting my confident and optimistic outlook . Every breath feels refreshing , filling my lungs with a sense of joy . Emotionally , I ' m at peace , letting go of worries and embracing the present moment .\ n \ nMy heart is light , and I feel connected to those around me . I ' m eager to engage with others and spread positivity . This happiness is contagious , inspiring creativity and motivating me to tackle challenges with enthusiasm .\ n \ nI ' m thankful for this feeling and intend to nurture it throughout the day . I ' m focusing on the beauty and wonder of life , letting go of stress and negativity . Overall , I ' m feeling alive , grateful , and genuinely happy . It ' s a wonderful sensation , and I",2024-11-23T22:04:32.000000,7,false,0.0,1.0,1.9606197183098584,1.0247297297297298
76,5092,"I ' m content because I ' ve learned to appreciate the simple things in life . I ' ve come to realize that happiness isn ' t solely dependent on external factors , but rather on my internal perspective . I ' ve cultivated a sense of gratitude , focusing on the good things that surround me .\ n \ nI ' ve also learned to let go of unrealistic expectations and comparisons . I ' m no longer burdened by the need to achieve perfection or compete with others . Instead , I ' m embracing my uniqueness and celebrating my accomplishments .\ n \ nMy relationships with loved ones are strong , and I ' ve nurtured a sense of community and belonging . I ' ve discovered activities that bring me joy and make me feel fulfilled .\ n \ nI ' m content because I ' ve found a sense of balance and harmony in my life . I ' m at peace with myself and the world around me .",2024-11-24T12:12:29.000000,7,false,2.0,0.0,1.872869565217391,0.8314074074074074
76,5093,"Feeling neutral can be a calm and balanced state . Here ' s a descriptive description :\ n "" I ' m feeling neutral today , neither particularly happy nor sad . My emotions are stable , and I ' m not experiencing any strong feelings . It ' s a calm and serene state , free from anxiety or excitement .\ nPhysically , I feel relaxed , with no tension or fatigue . My mind is clear , and I ' m able to focus on tasks without distraction .\ nEmotionally , I ' m detached from any intense emotions , observing life with a sense of objectivity . I ' m not feeling motivated or lethargic ; just steady .\ n \ nThis neutrality brings a sense of clarity , allowing me to approach tasks with a level head . I ' m open to experiences , but not seeking thrills . It ' s a peaceful , middle-ground state , where I can recharge and reflect .""",2024-11-24T17:04:22.000000,7,false,0.0,1.0,1.2415172413793105,0.5501454545454547
76,5094,"Neutral , Tired , Hopeful , Worried , Content",2024-11-24T22:04:02.000000,7,true,0.0,1.0,-0.16160000000000005,0.5824
76,5095,"I ' m feeling sluggish today , weighed down by a sense of lethargy . My body feels heavy , as if every movement requires extra effort . My mind is foggy , and my thoughts are slow to form .\ n \ nEvery task seems daunting , and I ' m struggling to muster the energy to tackle even the simplest chores . My motivation is lacking , and I ' m finding it hard to focus .\ n \ nPhysically , I feel drained , as if I ' ve run a marathon without actually moving . My muscles ache , and my eyelids feel like lead weights .\ n \ nDespite the sluggishness , I ' m trying to be gentle with myself . I ' m acknowledging that it ' s okay to not be okay , and that sometimes , my body and mind just need a break . I ' m giving myself permission to rest , recharge , and come back stronger when I ' m ready .",2024-11-25T12:34:30.000000,7,false,-1.0,0.0,0.6461132075471698,0.7258644067796609
78,5143,"Excited , Good , Nice , Awesome , Love",2024-08-01T12:01:15.000000,7,true,2.0,1.0,3.6064,1.5608
78,5144,"I am feeling good , excited for tonight as I am going to a music festival . I am excited for the performances and the crowd of people experiencing it with me . This would be super fun . I am also thinking about how I wil explore the city I am in right now , where to go , where to eat etc and this takes a bit of energy I feel stretched a bit but in a good way",2024-08-01T17:00:29.000000,7,false,2.0,0.0,2.041454545454545,1.0772857142857142
78,5145,"Nice , Good , Tired , Exciting , Fun",2024-08-02T12:00:30.000000,7,true,2.0,0.0,2.1776,1.2096
78,5146,"Good , Fantastic , Nice , Legit , Fire",2024-08-03T12:01:21.000000,7,true,2.0,0.0,2.3424,1.1896
78,5147,"\nI find deep satisfaction in both my work and my life , which contributes to my overall sense of contentment . Professionally , I am engaged in work that aligns with my values and passions . Each day presents new challenges and opportunities for growth , which keeps me motivated and fulfilled . I appreciate the sense of accomplishment that comes from making a meaningful impact and contributing to a greater purpose .\ n \ nIn my personal life , I have cultivated relationships and activities that bring me joy and a sense of balance . Whether it’s spending time with loved ones , pursuing hobbies , or simply enjoying quiet moments of reflection , I feel a profound sense of gratitude for the richness these experiences add to my life . This balance between work and personal fulfillment is crucial ; it ensures that neither aspect overshadows the other , creating a harmonious existence .\ n \ nOverall , my contentment stems from a sense of alignment between my professional aspirations and personal values . This synergy allows me to approach ORG",2024-08-04T12:03:00.000000,7,false,2.0,0.0,2.143212121212121,1.0287536231884058
78,5148,"good , nice , tired , awesome , love",2024-08-05T17:49:29.000000,7,true,2.0,1.0,2.3536,1.0695999999999999
78,5149,"good , nice , fun , excitied , cool",2024-08-05T22:47:34.000000,7,true,2.0,1.0,3.342,1.193
86,346,"Tired , Focused , Busy , Anxious , Curious",2024-08-14T12:28:51.000000,7,true,1.0,1.0,-1.1139999999999999,1.3893333333333333
86,351,Currently I am in virtual court for to parking tickets . I have my receipt for the parking app that I used for one of the tickets but not the other one . I ' m afraid that they will still make me pay . I don ' t like to give away money that ' s why I always use the parking app or feed the meter .,2024-08-15T12:00:43.000000,7,false,-1.0,2.0,0.61392,0.7432000000000001
86,352,Currently I am feeling happy and excited because I am traveling tomorrow . I ' m excited to see my grandsons . I get to see them again because they live in another state . So I ' m always happy to see them as much as possible .,2024-08-16T17:18:12.000000,7,false,2.0,2.0,1.8971764705882355,1.0503529411764705
86,353,"Focused , Tired , Determined , Anxious , Excited",2024-08-16T22:05:23.000000,7,true,0.0,2.0,0.09699999999999986,1.651
86,354,Currently I am spending time with my grand children . I am very happy when I ' m with them because they live so far away from me . We ' re watching educational shows on the tv while they eat breakfast and I have my morning cup of coffee .,2024-08-18T12:11:36.000000,7,false,1.0,1.0,1.4015555555555557,0.8415294117647059
86,355,Currently I am feeling happy . I am spending time with my family I ' m preparing dinner for tonight . I went grocery shopping to get everything I needed . My family loves when I come in town and I love to take care of them while I ' m here .,2024-08-18T17:30:54.000000,7,false,-2.0,2.0,2.001111111111111,0.8629473684210527
86,356,"Content , Relaxed , Happy , Curious , Determined",2024-08-18T22:00:56.000000,7,true,1.0,0.0,2.3855999999999997,0.7632
86,358,"Rested , Content , Relieved , Excited , Relaxed",2024-08-19T12:13:56.000000,7,true,0.0,1.0,2.7600000000000002,0.4568
86,359,"Currently , I am feeling very relaxed . I am watching TV while also checking emails and important information . I am here with my family having a relaxed day together . Shortly I will get up and start to cook dinner for us .",2024-08-19T17:22:10.000000,7,false,0.0,1.0,2.0450526315789475,0.5661333333333332
88,384,"indifferent , mild , tired , unexcited , calm",2024-11-05T12:07:06.000000,7,true,0.0,1.0,-0.2704000000000001,-0.32719999999999994
88,385,"energized , accomplished , content , calm , pleased",2024-11-05T17:02:58.000000,7,true,0.0,2.0,2.896,0.19200000000000006
88,386,"full , relaxed , interested , calm , content",2024-11-05T22:15:17.000000,7,true,2.0,0.0,2.1696,-0.06000000000000005
88,387,I am currently tired and feel as though I do not want to do anything . I feel sluggish and unmotivated to go about the rest of my day . I am also feeling anxious since I have an important call later on in the day .,2024-11-06T12:17:34.000000,7,false,-2.0,0.0,0.7564705882352941,0.7137777777777778
88,388,"I do not feel overly happy or overly sad currently . I would describe myself as neutral and calm . I have moderate energy and am currently content with how my day is going . I have my phone call soon , but I am not really stressed anymore .",2024-11-06T17:08:47.000000,7,false,0.0,1.0,1.0372631578947367,0.8948571428571428
88,389,"exhausted , achey , sore , neutral , tired",2024-11-06T22:05:11.000000,7,true,-2.0,0.0,-2.378,0.5740000000000001
88,395,"anxious , tense , edgey , active , hungry",2024-11-07T12:36:49.000000,7,true,-2.0,2.0,-0.786,1.734
88,396,I am feeling mostly content currently and a little stressed . A couple of new opportunities came today which is exciting but stressful at the same time since it is all at once . I am pleased though to be receiving them .,2024-11-07T17:01:59.000000,7,false,2.0,0.0,1.204235294117647,0.8594999999999999
88,397,"I am currently feeling very happy and excited since I am seeing my friend I haven’t seen for a while now . I am feeling content and enjoying my evening , as well as looking forward to tomorrow and the weekend .",2024-11-07T22:05:23.000000,7,false,2.0,1.0,2.18075,0.9373333333333334
88,398,"lively , active , serene , satisfied , happy",2024-11-08T17:00:55.000000,7,true,2.0,0.0,3.116,1.407
88,400,"I am currently feeling pretty tired , but I woke up very early today so I believe that is normal . Besides being tired , I have a little bit of a headache and stomach pain , so I am a bit stressed about that .",2024-11-08T22:05:43.000000,7,false,-1.0,0.0,0.09473684210526327,0.8476842105263158
88,401,"unwell , tired , hurt , lazy , impatient",2024-11-09T17:06:25.000000,7,true,-2.0,0.0,-2.4448,1.1616
88,402,"tired , bored , sick , sore , sluggish",2024-11-09T22:01:12.000000,7,true,-1.0,0.0,-2.88,0.35120000000000007
88,403,I woke up feeling better today and currently I am feeling very productive since I am up and walking around . I feel accomplished since I am getting my house chores done and active since I had an early start to my day .,2024-11-10T12:02:47.000000,7,false,0.0,2.0,1.949684210526316,1.1143529411764705
88,404,I am currently feeling somewhat energetic and active . I am feeling productive . I feel accomplished since I finished all my housework and now I am excited to reward myself with some self care . I am also feeling a little hungry .,2024-11-10T17:08:16.000000,7,false,1.0,2.0,1.8802666666666668,1.0312941176470587
88,405,"I am currently feeling very content . I had a productive day and I am now winding down for the evening . I am pleased since I did my self care routine , which made me feel calm and relaxed . I am satisfied and happy .",2024-11-10T22:03:12.000000,7,false,2.0,0.0,1.6066666666666667,0.722
90,588,Overwhelmed and anxious as well as stressed out . I have a lot of work to do for school that o have procrastinated on because I wasn’t feeling well yesterday so I’m behind and nervous .im too anxious to focus right now and not sure how to proceed in the moment or how to ground myself,2024-10-16T12:00:46.000000,7,false,-2.0,0.0,0.7932727272727272,0.9276800000000001
90,590,I was so overwhelmed this afternoon but slowly I am feeling more at ease after talking to my professor at school about getting an extension on a deadline because I have been having health issues that make it difficult to get work done . Slightly better than usual at the moment and trying to find a happy medium,2024-10-16T17:01:33.000000,7,false,-1.0,2.0,1.1803200000000003,0.8354285714285714
90,591,I am feeling more relaxed than before but still stressed out as I have many tasks I have yet to accomplish today and I am exhausted and it’s getting late . my brain is running a million miles a minute right now,2024-10-16T22:08:29.000000,7,false,-2.0,0.0,1.1206666666666667,0.744777777777778
90,592,Again overwhelmed I have so much to do today and woke up late so I didn’t have time to shower as planned . It’s a hassle to shower in the middle of the day but I have appointments and meetings all morning so it has to be put off . Very scattered this morning and feeling anxious and sick to my stomach,2024-10-17T12:35:29.000000,7,false,-2.0,2.0,0.5478571428571433,0.806074074074074
90,593,"Frantic , Anxious , Panicked , Stressed , Overwhelmed",2024-10-17T17:02:41.000000,7,true,-2.0,2.0,-2.2416,2.3072
90,594,"trapped , stuck , anxious , confused , lost",2024-10-17T22:02:40.000000,7,true,-2.0,1.0,-2.4455999999999998,1.7576
90,595,"Anxious , Relieved , Tired , Wired , Anticipating",2024-10-18T12:05:11.000000,7,true,-1.0,2.0,-0.6,0.926
90,596,"Tired , Wiped out , Exhausted , Anxious , Jittery",2024-10-18T17:01:37.000000,7,true,-1.0,2.0,-2.04,1.11
90,597,Relaxed and tired but excited to watch the premiere of my favorite tv show . Feeling better after taking a short nap and getting some necessary tasks completed . Hopeful for a good evening and also planning on going to bed early so I am refreshed in the morning for work .,2024-10-18T22:01:05.000000,7,false,-1.0,0.0,1.59632,0.72376
90,598,"Exhausted , Drained , Nervous , Angry , Frustrated",2024-10-19T12:24:09.000000,7,true,-2.0,1.0,-2.6504,1.532
90,599,"Frantic , Overwhelmed , Anxious , Nauseated , Confused",2024-10-19T22:01:25.000000,7,true,-2.0,2.0,-1.896,2.0949999999999998
90,601,"Wiped out , Groggy , Exhausted , Overwhelmed , Fearful",2024-10-20T12:02:18.000000,7,true,-2.0,0.0,-2.1856,0.5345
90,602,Drained and drowsy and anxious . I have a paper due tomorrow for school and have been paralyzed with fear and anxiety all day and have yet to work on it . I have no idea how I’m going to get it done as I have to work in an hour,2024-10-20T17:12:22.000000,7,false,-2.0,0.0,0.7684,0.8268800000000001
90,603,"Stuck , Doomed , Lost , Confused , Stressed",2024-10-20T22:00:44.000000,7,true,-2.0,1.0,-2.7784,1.7616
90,604,"flustered , nuts , crazy , insane , losing it",2024-10-21T12:27:56.000000,7,true,-2.0,1.0,-1.936,1.474
90,605,"Exhausted , Defeated , Sad , Overwhelmed , Hungry",2024-10-21T17:02:15.000000,7,true,-2.0,0.0,-2.5984000000000003,1.1663999999999999
90,606,Have an assignment due in 4 hours and I’m flipping my shit . Keep procrastinating and taking too many breaks I’m going to fail this assignment I am so livid and stressed out I don’t know what to do I feel like I’m going to lose it,2024-10-21T22:08:34.000000,7,false,-2.0,2.0,-0.018461538461538442,1.1314444444444445
90,619,"tired , neutral , nervous , anxious , anticipatory",2024-10-22T12:00:44.000000,7,true,-1.0,2.0,-1.2216,1.1976
90,620,"angry , frustrated , disapointed , sad , depressed",2024-10-22T17:07:06.000000,7,true,-2.0,1.0,-3.098,1.259
90,621,I feel physically unwell and drained tonight . Very frustrated at myself for squandering the day away and not focusing on what I need to get done for school . I am slightly on edge and frantic   and am not sure how to proceed .,2024-10-22T22:02:35.000000,7,false,-2.0,0.0,0.05040000000000004,0.982
90,622,"Cold , Tired , Restless , Anxious , Daunting",2024-10-23T12:00:50.000000,7,true,-2.0,0.0,-2.0420000000000003,1.54
93,757,"Tired . I don’t want to get out of bed right now . It’s a weekend , but I have things that need to be done , and I’d rather just lounge in bed and sleep all day . I won’t , but I’d like to .    This has been a hard , grueling week , and I’m depressed .   I would rather escape into sleep , as I don’t feel when I’m asleep .   I have responsibilities , but they can wait for the moment .",2024-11-02T12:36:06.000000,7,false,0.0,1.0,0.4944242424242424,0.5396842105263158
93,758,"Grumpy , Sad , Frustrated , Exhausted , Grieving",2024-11-02T17:00:52.000000,7,true,-1.0,0.0,-2.8495999999999997,1.3104
93,759,"I feel very sluggish and depressed .   There is a lot of conflict around me in my friend circle , and I really don’t like conflict . I don’t like having to take sides .   I want everyone around me to be friends .",2024-11-02T22:01:02.000000,7,false,-2.0,1.0,0.7277333333333333,0.798
93,760,"I’m very sluggish this morning .   I don’t want to go anywhere or do anything . I will try to push myself and do chores today , but my mood is terrible . I have home repairs to make today and I should go to the ATM .   There is nothing I want to do .",2024-11-03T12:00:52.000000,7,false,-1.0,0.0,0.8329090909090908,0.7284
93,761,"Sad , Tired , Devastated , Bored , Frustrated",2024-11-03T22:00:52.000000,7,true,-2.0,1.0,-2.8752,0.6096
93,762,"Cranky , Tired , Frustrated , Sad , Grumpy",2024-11-04T12:03:11.000000,7,true,-2.0,0.0,-2.6848,1.308
93,763,"Slow , Sad , Tired , Weary , Grieving",2024-11-04T17:44:20.000000,7,true,-1.0,1.0,-2.4096,0.3123999999999999
93,764,"I taking a break and doing something for fun . It is nice not to have to do anything for a bit . This is a good movie too , Strays . I should take more moments like this ; it might be good for me . I also watched some documentaries earlier today and might rewatch Borat .",2024-11-04T22:01:30.000000,7,false,1.0,1.0,1.8146666666666664,0.8997894736842105
93,765,"Stressed , Angry , Frustrated , Unsupported , Sad",2024-11-05T12:07:46.000000,7,true,-2.0,2.0,-2.6336,1.4032
93,766,Annoyed . I have a charge on my building account with no explanation . I locked myself out of my apartment . And I haven’t had a moment’s peace all damn day . The new hire calls every 10 minutes and won’t leave me   alone .,2024-11-05T17:01:27.000000,7,false,-1.0,2.0,0.33824999999999994,0.70175
93,767,"I am all nervous .   I just took a test , but I won ' t transcribe and turn it in because I know it ' s not a pass .   I ' m all worried about the election and scared of checking election results .   They were bad the last time I looked , even though I know we won ' t know for a few days yet .",2024-11-05T22:49:31.000000,7,false,-2.0,2.0,-0.011999999999999997,0.8934117647058823
93,768,"Uh , the election was yesterday .   We’re stuck with the disaster of PERSON  for another 4 years or until his brain burns out , whichever is soonest . This is the worst possible thing that could happen .",2024-11-06T12:35:24.000000,7,false,-2.0,1.0,-0.31,0.7473333333333333
93,769,"Grieving , Depressed , Despairing , Exhausted , Achy",2024-11-06T17:01:01.000000,7,true,-2.0,1.0,-3.2904000000000004,1.4928
93,770,"Numb , Depressed , Despairing , Frustrated , Tired",2024-11-07T12:01:16.000000,7,true,-2.0,1.0,-3.4024,1.0544
93,771,"I’m still grieving the election . I want to know what’s going on in the world , but I don’t want to know what’s going on in the world . I do not want to engage with anyone . I want to box myself in my apartment and never leave .",2024-11-07T17:01:17.000000,7,false,-2.0,1.0,0.6905882352941177,1.0008421052631578
93,772,It will always be after the election . I am in the office and it is pointless for me to be here . I could be being productive at home . I am upset that I have to come into the office for no good reason .,2024-11-08T12:01:15.000000,7,false,-2.0,1.0,0.8046666666666665,0.5018888888888888
93,773,"Bored , Frustrated , Anxious , Fearful , Disgusted",2024-11-08T17:01:10.000000,7,true,-1.0,2.0,-2.9631999999999996,1.466
93,774,"sorrowful , depressed , despairing , exhausted , numb",2024-11-08T22:05:36.000000,7,true,-2.0,1.0,-3.4552,0.956
95,1195,"Bored , Sleepy , Quiet , Anxious , Annoyed",2024-10-11T12:11:33.000000,7,true,-1.0,0.0,-0.9056000000000001,0.6076000000000001
95,1196,"I’m feeling content . My afternoon check in meeting with my supervisor was canceled , so I got some time back for myself to study . I am relieved to be done with classes for the week and ready to hopefully recharge over the weekend .",2024-10-11T17:03:06.000000,7,false,1.0,0.0,1.5432,0.7436470588235293
95,1197,I am feeling a bit anxious but I’m actively trying to stay calm . I hope to stay alert enough to study for the next few hours so I am trying to regulate my feelings and be positive . I went on a walk earlier and that helped me a lot .,2024-10-11T22:01:14.000000,7,false,-1.0,2.0,1.1412499999999999,0.7177
95,1198,"I am feeling quite sleepy and tired at the moment . Even though I would say that I got a good night ' s sleep , I am not as alert as I usually am when I wake up after sleeping in . This makes me realize that I have been neglecting my rest the past couple of days .",2024-10-12T12:10:04.000000,7,false,-2.0,0.0,1.1207058823529412,0.57175
95,1199,"Stable , Calm , Determined , Focused , Introspective",2024-10-12T17:03:03.000000,7,true,0.0,1.0,1.7730000000000001,0.14200000000000002
95,1200,I’m currently feeling pretty satisfied . I’ve spent most of my time inside and had a restful day today thankfully . I’m still studying while also trying to relax to get ready for bed . I am hopeful that I will wake up early tomorrow so I will try to keep this calmness in anticipation of this .,2024-10-12T22:37:53.000000,7,false,1.0,0.0,1.9786153846153853,0.42066666666666663
95,1201,"Annoyed , Anxious , Disappointed , Impatient , Nervous",2024-10-13T17:30:18.000000,7,true,-1.0,1.0,-2.5368000000000004,1.9264
95,1202,I am a bit dissatisfied with the progress I’ve made with my studying but excited to get the next few days of exams over with . I am relieved that I do not have any early lectures tomorrow and my third class will be held virtually .,2024-10-13T22:54:44.000000,7,false,0.0,1.0,1.104705882352941,0.8320000000000001
95,1203,"Stressed , Nervous , Tired , Sleepy , Unfocused",2024-10-14T12:46:06.000000,7,true,-2.0,2.0,-1.9664000000000001,0.754
95,1204,"I am currently feeling a bit stressed about exams . I am also a bit busy and overwhelmed at the moment due to other meetings and deadlines ,, but I am trying to stay focused . I have been distracted for the past couple of days , so I hope to stay on task today .",2024-10-14T17:27:49.000000,7,false,-2.0,2.0,0.3837777777777778,0.5942105263157894
95,1205,"Stressed , Impatient , Annoyed , Overwhelmed , Tired",2024-10-14T22:01:08.000000,7,true,-2.0,2.0,-2.4208,1.5823999999999998
95,1206,"I feel somewhat relieved as I just finished taking an exam . However , I am still quite stressed , as I have another exam tomorrow . I am trying to feel as calm as I can in order to focus on studying . I am excited for the next couple of days to be done .",2024-10-15T12:06:34.000000,7,false,-2.0,2.0,1.3886315789473684,0.6858260869565218
95,1207,"Sleepy , Anxious , Frustrated , Apprehensive , Tired",2024-10-15T17:03:30.000000,7,true,-1.0,0.0,-1.6064,1.048
95,1208,"Overwhelmed , Frustrated , Upset , Exhausted , Dreadful",2024-10-15T22:06:38.000000,7,true,-2.0,0.0,-2.8688,1.5759999999999998
95,1209,"Sleepy , Exhausted , Tired , Stressed , Drained",2024-10-16T12:13:07.000000,7,true,-2.0,0.0,-1.8736000000000002,0.6368
95,1210,"Productive , Tired , Stable , Determined , Focused",2024-10-16T17:04:32.000000,7,true,0.0,0.0,0.863,0.726
95,1211,"Satisfied , Lazy , Introspective , studios , Grateful",2024-10-16T22:05:16.000000,7,true,0.0,1.0,1.722,0.30266666666666664
96,1229,Woke up haphazardly from a turbulent dream . Feeling currently nervous awaiting the outcome of the election . Concerned about the future . Stressed out about assignments due this week and feeling behind on them .,2024-11-05T12:04:50.000000,7,false,-1.0,2.0,0.37626666666666664,1.2673333333333334
96,1230,"I feel tired and drained after working . Having to eat feels laborious . I feel emotionally detached as if I’m running on auto-pilot , and just numb . I want to sleep and shut my eyes . I am nervous about the work deadlines and also election results .",2024-11-05T22:18:58.000000,7,false,0.0,1.0,0.3411428571428572,1.1247777777777779
96,1231,"Stressed , Threatened , Depressed , Anxious , Restless",2024-11-06T12:11:21.000000,7,true,-2.0,2.0,-2.8112000000000004,2.0383999999999998
96,1232,"Drained , Angry , Frustrated , Unseen , Paranoid",2024-11-06T17:06:35.000000,7,true,-2.0,0.0,-2.3024,1.5528
96,1233,"Disheartened , Lethargic , Brain dead , Nervous , Uncertain",2024-11-06T22:01:13.000000,7,true,-1.0,1.0,-1.688,0.8424
96,1234,Feeling detached and dissociated from the world . Feeling reserved and wanting to be alone . Feel the need for reflection and introspection . Want to unload thoughts in writing . Less angry and frustrated since yesterday .,2024-11-07T12:30:11.000000,7,false,0.0,0.0,0.5417777777777777,0.7304444444444445
96,1235,"Feeling more energy . Recovering from the blues . Eating a good meal and rest helped . Stressed about the work remaining . Looking forward to seeing close friends tomorrow . Weather is very nice , but unusual and concerning .",2024-11-07T17:17:07.000000,7,false,0.0,1.0,1.7121999999999997,0.7226250000000001
96,1236,I feel calm but sad . I am tired and sleepy . I have trouble focusing on my tasks . I am also having trouble shutting out dark thoughts or concerns about the future . I am worried about the days to come and feel insecure about the future .,2024-11-07T22:21:43.000000,7,false,0.0,1.0,-0.15152941176470586,0.8601176470588235
96,1237,"I am feeling tired because I could not sleep well . I am dreading going to work , but I am excited to see my friends after work . I am feeling nervous about deadlines and changes occurring in my life and yet I am looking forward to change as well .",2024-11-08T12:00:50.000000,7,false,-1.0,0.0,1.3948888888888886,1.0430526315789475
96,1238,"Hungry , Tired , Enthusiastic , Eager , Nervous",2024-11-08T22:01:02.000000,7,true,1.0,1.0,-1.397,1.8056
96,1239,I am feeling exhausted from the day before . I feel sad that I can’t rest today . I feel anxious of the lack of time to meet my deadlines . I feel pressure to do well at work and not make mistakes . I feel dreadful for the coming week .,2024-11-09T12:47:48.000000,7,false,-2.0,0.0,0.6994782608695652,0.9185833333333333
96,1240,"Lazy , Sore , Ambivalent , Conflicted , Introspective",2024-11-09T22:01:20.000000,7,true,0.0,0.0,-1.232,0.6779999999999999
96,1241,"Hungry , Relieved , Tired , Dull , Sleepy",2024-11-10T22:03:06.000000,7,true,1.0,1.0,-0.9568,0.2528
96,1242,"Restless , Sore , Overwhelmed , Confused , Stressed",2024-11-11T12:00:53.000000,7,true,-2.0,0.0,-2.3344,1.8239999999999998
98,1326,"I just woke up feeling fine , I ' m on my way to physical therapy should be a good day . I woke up having those time traveling dreams it felt nice it almost felt real but after that I feel content . My day just started i hope today is a good one",2024-11-05T12:00:50.000000,7,false,0.0,1.0,2.015862068965517,0.7627857142857144
98,1333,"Calm , Content , Tired , Fine , Normal",2024-11-05T17:00:49.000000,7,true,2.0,0.0,1.3232,-0.17599999999999993
98,1334,"I ' m currently feeling fine , it ' s been a long day but nothing feeling out of the ordinary , I ' m feel fine and nothing bad has happened that would make me feel different . I ' m looking forward to more better days .",2024-11-05T22:00:45.000000,7,false,2.0,0.0,1.31975,0.4242999999999999
98,1335,"Currently feeling very sleepy waking attending my ORG needs , looking forward to taking some naps today , I ' m also looking forward to do some workouts at home done . That ' s all I feel for now ........",2024-11-06T12:20:51.000000,7,false,0.0,0.0,1.894909090909091,0.5969090909090908
98,1349,"Feeling good today on a   Sunday , staying in watching videos with my family , I feel fine on this gloomy day out . I feel fine and full , had a good lunch can’t wait what tonight brings later , later I’ll be working for a couple of hours……… ..",2024-11-06T17:13:50.000000,7,false,2.0,0.0,1.1914545454545453,0.4562727272727273
98,1350,"calm , content , hungry , tired , good",2024-11-06T22:04:46.000000,7,true,2.0,0.0,0.45600000000000007,0.3768
98,1351,"Just waking up still feel normally tired ,   i can ' t wait to start the day and see what today brings , i have a couple of errands to do today , i don ' t feel out of the ordinary .........................",2024-11-07T12:01:51.000000,7,false,2.0,0.0,1.1964444444444444,0.5951764705882354
98,1352,"calm , happy , active , content , normal",2024-11-07T17:47:07.000000,7,true,0.0,2.0,2.7496,0.5504
98,1353,"calm , energize , happy , normal , okay",2024-11-07T22:07:22.000000,7,true,0.0,0.0,2.3944,0.6559999999999999
98,1354,"Good morning I ' m ready to start the day and see what today brings me , I woke up ok feel like I didn ' t sleep enough ,   I think daylightsaving is still making me feel exhausted about it , I haven ' t processed it fully",2024-11-08T12:01:07.000000,7,false,0.0,1.0,1.5065263157894737,0.5841818181818184
98,1355,"good , calm , happy , fine , okay",2024-11-08T17:07:48.000000,7,true,0.0,1.0,2.7607999999999997,0.3927999999999999
98,1356,"good , calm , hungry , content , well",2024-11-08T22:01:34.000000,7,true,1.0,1.0,1.8559999999999999,0.4196
98,1357,"calm , awake , good , alright , normal",2024-11-09T12:03:52.000000,7,true,2.0,0.0,2.0896,0.1167999999999999
98,1358,"Currently feeling fine at the moment , it ' s Saturday and heading out with my kids to enjoy this weather , I haven ' t felt out of the ordinary , today should be a good day to head to the book store .........................",2024-11-09T17:18:11.000000,7,false,2.0,0.0,1.6393684210526316,0.46644444444444444
98,1359,"good , calm , hungry , content , fine",2024-11-09T22:01:08.000000,7,true,0.0,1.0,1.5727999999999998,0.3151999999999999
98,1360,"Been a good day , I ' m currently feeling alright at the moment , working right now , feeling sleepy all day couldn ' t sleep well due to my 6 month old , but we are okay and I feel fine tomorrow will be another day let see what happens",2024-11-10T22:01:16.000000,7,false,2.0,0.0,1.5663076923076924,0.3622222222222221
109,1913,"Calm , Content , Anxious , Tired , Excited",2024-10-17T12:39:25.000000,7,true,1.0,0.0,0.7248,0.9752
109,1914,"I am pretty stressed with work , but otherwise content and appreciative of the pleasant fall day and weather . I had a nice , productive lunch with coworkers and someone who was interviewing , so overall quite nice .",2024-10-17T17:09:39.000000,7,false,2.0,0.0,1.3976470588235295,0.7627058823529411
109,1915,"Currently I am tired and am having some canker sores , which is making it hard to eat . I feel pretty exhausted from the day , and still have some work left to do to prepare for tomorrow . Other than that , I feel like I am super busy and need more time to do all of the things I need to .",2024-10-17T22:38:00.000000,7,false,-1.0,2.0,0.791304347826087,0.7649166666666667
109,1916,"Relieved , Content , Cold , Excited , Worried",2024-10-18T17:56:36.000000,7,true,1.0,1.0,0.8255999999999999,1.3224
109,1917,"I’m a bit hungry , but I feel super refreshed after a 5km water along the water . Definitely helped to clear the mind and feel happy going into the weekend ! I definitely feel more relaxed and less overwhelmed after today’s work meetings .",2024-10-18T22:33:27.000000,7,false,1.0,2.0,1.4236521739130434,0.9450526315789474
109,1918,"I’m currently feeling refreshed after a good night’s rest , and feeling relaxed with a quiet morning having breakfast . I’m looking forward to the day ahead ; it’s supposed to be beautiful outside on this warm fall day , and the sun is out . So much to be thankful for !",2024-10-19T12:41:18.000000,7,false,2.0,2.0,1.8855652173913044,0.2907619047619048
109,1919,"Refreshed , Happy , Joyful , Creative , Excited",2024-10-19T17:12:48.000000,7,true,2.0,2.0,3.556,1.663
113,2046,"Tired , Happy , Calm , Stressed , Anxious",2024-10-29T12:09:25.000000,7,true,2.0,0.0,-0.09520000000000003,1.1736
113,2047,"Busy , Slightly tired , Calm , Nervous , Happy",2024-10-29T17:04:38.000000,7,true,0.0,1.0,0.09733333333333334,0.7568
113,2048,"Hungry , Tired , Stressed , nervous , Happy",2024-10-29T22:05:58.000000,7,true,-1.0,0.0,-1.4784000000000002,1.6416
113,2049,"Nervous , Tired , Hungry , Happy , Calm",2024-10-30T12:16:05.000000,7,true,1.0,1.0,-0.34559999999999996,1.0896000000000001
113,2050,"Nervous , Anxious , Jittery , Happy , Tired",2024-10-30T17:02:29.000000,7,true,-1.0,2.0,-0.8783999999999998,1.8824
113,2051,"Bored , Tired , Calm , Neutral , Happy",2024-10-31T12:05:12.000000,7,true,0.0,1.0,0.18319999999999997,0.16239999999999988
113,2052,"exhausted , Sore , Full , Sleepy , Calm",2024-10-31T17:18:52.000000,7,true,-1.0,0.0,-0.3232000000000001,0.20240000000000014
113,2054,"Nauseous , Tired , Sleepy , Calm , Sluggish",2024-10-31T22:03:06.000000,7,true,-1.0,0.0,-0.8592000000000001,0.1167999999999999
113,2055,"I feel tired since I’m currently at work . I also feel sore because of neck pain . Otherwise , I feel neutral . I am a bit stressed with my school life because I have midterms and a lot of assignments due .",2024-11-01T12:17:19.000000,7,false,0.0,0.0,0.1887058823529411,0.8747368421052631
113,2056,I am currently at work so I feel a bit tired but my coworker is keeping me awake . I feel a little but hungry . I also feel a bit stressed because I know I have school work to do after work .,2024-11-01T17:04:05.000000,7,false,-1.0,0.0,0.6708000000000001,0.9007368421052632
113,2057,"Tired , Full , Calm , Happy , Neutral",2024-11-01T22:02:59.000000,7,true,-1.0,0.0,0.9016,0.2327999999999999
114,2078,"Sad , Lonely , Tired , Nervous , Achey",2024-09-23T17:19:51.000000,7,true,-1.0,1.0,-2.383,0.696
114,2079,"Sad , Dejected , Alone , Weary , Glum",2024-09-24T12:03:10.000000,7,true,-1.0,1.0,-2.24,0.41759999999999997
114,2080,"Nervous , Lonely , Bored , Hungry , Tired",2024-09-24T17:47:02.000000,7,true,-1.0,1.0,-2.6887999999999996,0.776
114,2081,"Indifferent , Bored , Tired , Lonely , Sleepy",2024-09-24T22:20:48.000000,7,true,0.0,1.0,-1.5552000000000001,-0.20639999999999992
114,2082,Im feeling pretty sluggish and tired . I feel a little bit jittery and wanting to sleep but can ' t . I ' m not feeling either sad or happy just very neutral . I ' m tired and sluggish and kind of just existing at the moment,2024-09-25T12:17:11.000000,7,false,-1.0,0.0,0.5986666666666667,0.3834000000000002
114,2083,"Neutral , Content , Comfortable , Okay , Tired",2024-09-25T17:35:48.000000,7,true,0.0,1.0,0.6112,0.0464
114,2300,"Content , Satisfied , Sleepy , Peaceful , Relaxed",2024-09-25T22:26:28.000000,7,true,1.0,0.0,2.4943999999999997,-0.48
114,2301,"Lonely , Bored , Sleepy , Unmotivated , Glum",2024-09-26T17:36:43.000000,7,true,-1.0,0.0,-1.732,-0.31600000000000006
114,2302,"Tired , Sleepy , Bored , Thirsty , Lonely",2024-09-26T22:13:43.000000,7,true,-1.0,0.0,-1.7391999999999999,0.19600000000000006
114,2303,"I feel a little sad today , it might be under the influence of the weather or season , but I just feel a sort of emptiness inside of me . I am also very lonely today , wishing I could just hang out with some friends or something .",2024-09-27T17:30:49.000000,7,false,-1.0,1.0,1.0121904761904763,0.6243
114,2304,"Indifferent , Okay , Neutral , Tired , Comfortable",2024-09-27T22:16:09.000000,7,true,0.0,1.0,0.02240000000000002,-0.06479999999999997
114,2305,"Sad , Lonely , Distressed , Bored , Tired",2024-09-28T17:12:14.000000,7,true,-1.0,1.0,-2.5664000000000002,0.4511999999999998
114,2306,"Tired , Sluggish , Lonely , Bored , Sad",2024-09-28T22:37:00.000000,7,true,-1.0,1.0,-2.4368000000000003,-0.06640000000000001
114,2307,"Im feeling pretty tired and almost like I am catching a slight cold . I don ' t have much energy and although i feel lonely , it ' s not really a high level . I ' m tired mostly , and just want to stay in bed all day today .",2024-09-29T12:08:33.000000,7,false,0.0,0.0,0.8986666666666668,0.5899999999999999
116,2363,"I am feeling alright today . I woke up knowing my tasks . The weather sort of got on my nerves , but my moods are in tact . I don ' t think there is no reason for me to be depressed at the moment . I am a little tired , but my spirits are high .",2024-08-08T17:05:37.000000,7,false,1.0,1.0,0.8500952380952382,0.9657142857142857
116,2364,I feel optimistic for tomorrow . I like that I completed my goal today . I ' m feeling very goal-oriented . I ' m also a little cold because it got cooler outside . I can ' t wait until September when it ' s autumn . I ' m not sad right now .,2024-08-08T22:01:02.000000,7,false,1.0,1.0,1.1176842105263158,0.5820000000000001
116,2368,I ' m a little hyper because I have so many tasks to do right now . I want to stay positive no matter what . I woke up with a slight headache because of the way I was sleeping . I think I ' m less stressed than last week .,2024-08-09T12:03:58.000000,7,false,1.0,0.0,0.6341176470588233,0.7504347826086957
116,2369,"Grateful , Settled , Confident , Balanced , Happy",2024-08-09T17:09:42.000000,7,true,1.0,1.0,3.043,0.667
116,2370,"Calm , Posed , Smooth , Neutral , Good",2024-08-10T17:35:56.000000,7,true,1.0,1.0,2.3016,-0.26879999999999993
116,2371,I feel very happy because I won a contest . I ' m a little tired right now because I just cooked dinner . I have a slight headache off being a little busy right . I have a load of emotions right now . That ' s how it is right now .,2024-08-10T22:05:48.000000,7,false,2.0,1.0,0.8285454545454545,0.6849565217391305
116,2372,"Right now , I am calm and happy . I slept really well . I ' m trying to get things done on a constant basis . I can ' t wait to see some exciting things happen tomorrow . I ' m glad that the rain stopped . I don ' t know what else to say .",2024-08-11T12:01:50.000000,7,false,1.0,1.0,1.7349999999999994,0.5444800000000001
116,2373,I am feeling okay right now . I am settled in my emotions . Nothing else is bothering me at the moment . I had a good breakfast to eat at the moment . I don ' t know what else to say really say . I am okay right now .,2024-08-11T17:02:22.000000,7,false,1.0,1.0,1.138888888888889,0.48988235294117655
116,2374,"satisfied , hungry , worried , content , curious",2024-08-11T22:00:48.000000,7,true,1.0,1.0,0.05600000000000005,1.4100000000000001
116,2375,"Alright , Settled , Nervous , Okay , Restless",2024-08-12T12:07:02.000000,7,true,1.0,1.0,-0.779,1.3599999999999999
116,2378,"Happy , Peaceful , Sweet , Together , Careful",2024-08-12T17:13:48.000000,7,true,1.0,1.0,2.4424,0.7096
116,2379,"Calm , Excited , Patient , Exhilerated , Awesome",2024-08-12T22:04:03.000000,7,true,1.0,1.0,2.6919999999999997,0.967
116,2380,I ' m not in my happiest state . I could feel much better when I woke up . I ' m thinking about a variety of things going on in my life right now . It ' s more of a personal conflict I have with someone . I don ' t know . I feel strange .,2024-08-13T12:03:02.000000,7,false,0.0,0.0,1.7011999999999996,1.0506086956521739
116,2381,"I am feeling sober and focused . Sober as in , very calm . I am a little anxious because I wanna make sure I get an assignment done . I don ' t know what else to really say . Earlier today , I was a little tired and thrown off guard when I woke up .",2024-08-13T17:03:54.000000,7,false,0.0,1.0,0.9372727272727271,0.6338260869565218
116,2382,I am okay right now . I don ' t have anything mentally overwhelming happening to me right now . I ' m still in a mental state of focus . I get really focused on getting tasks done . I ' m also a little hungry right now because I ' m another to have some food . That ' s it right now .,2024-08-13T22:02:47.000000,7,false,1.0,1.0,0.8993333333333333,0.7095
116,2383,"Calm , Purposeful , Okay , Smooth , Alright",2024-08-14T12:07:23.000000,7,true,0.0,1.0,2.032,0.3924000000000001
116,2384,"Today , I ' m feeling alright . Nothing is really bringing me down right now . I think I ' m in a good place . I was able to get some tasks done today with no problem . You can really see things change in the middle of the month .",2024-08-14T17:01:10.000000,7,false,1.0,1.0,0.9938,0.47885714285714287
116,2385,"Right now , my mood is neutral . Nothing too crazy is happening . I ' m not angry at all or having an emotional breakdown . I think music really helps me to calm down and be in the moment . It definitely helps to be calm in the evening time .",2024-08-14T22:01:09.000000,7,false,0.0,1.0,0.5996190476190476,0.48819999999999997
116,2386,"Well , Calm , Waiting , Alert , Not tired",2024-08-15T12:13:37.000000,7,true,1.0,1.0,0.478,0.5172
121,2528,I’m feeling tired . Didn’t sleep good last night . Hungry too because I didn’t have breakfast yet . But I’m excited to watch college football today . Might take a nap soon . Going to birthday party later so excited for that .,2024-11-09T12:01:52.000000,7,false,-1.0,0.0,1.3925714285714283,1.0495833333333333
121,2529,"Tired , Sick , Calm , Content , Unwell",2024-11-09T17:02:01.000000,7,true,-1.0,0.0,-0.7824,0.3872000000000001
121,2530,I am currently sick . I think I have the flu . I have chills and I’m sweating . I stayed in bed all day and I don’t feel good . I didn’t eat a lot today . I only had peanut butter and jelly and some oatmeal,2024-11-09T22:05:58.000000,7,false,-2.0,0.0,0.9863529411764704,0.4150588235294118
121,2531,"Hot , Content , Calm , Sick , Unwell",2024-11-10T12:01:47.000000,7,true,0.0,1.0,-0.22799999999999998,0.7256
121,2532,"Tired , Calm , Content , Sick , Sleepy",2024-11-10T17:05:46.000000,7,true,-1.0,0.0,-0.04480000000000002,-0.024799999999999933
121,2533,I am feeling better . Originally was sick but am feeling better . Not as hot anymore . Have school tomorrow but I am not going . Don’t have practice but have lift but missing that too . Feel happier because I am feeling better .,2024-11-10T22:03:50.000000,7,false,0.0,1.0,1.7497777777777779,0.9325217391304348
121,2534,"Calm , Content , Somewhat happy , Tired , Sleepy",2024-11-11T12:02:12.000000,7,true,1.0,1.0,1.3767999999999998,0.2393333333333333
121,2535,I’m feeling a little happier . My medicine is working and I am feeling better . I took a nap so I’m not as tired . I didn’t sleep as good last night . I just cleaned my car so I’m happy that it’s clean . I am going back to school tomorrow and I’m excited about that .,2024-11-11T17:01:37.000000,7,false,1.0,1.0,1.7041904761904767,0.7109565217391303
121,2536,The medicine is wearing off . I’m starting to feel sick again . I’m still happy and excited to go back to school tomorrow . I’m going to take the medicine again . Hopefully I sleep better tonight because last night I didn’t sleep too good I took another nap before dinner now I’m just watching a new TV show before Football starts . Feeling happy .,2024-11-11T22:07:15.000000,7,false,0.0,0.0,1.5024242424242427,0.7193124999999999
121,2538,Feeling not happy but not sad . I slept a lot better last night . still have fever and still feel sick . going back to school today I don’t know about tomorrow yet . Just been watching TV laying on bed past few days .,2024-11-12T12:15:54.000000,7,false,0.0,1.0,0.8776363636363637,0.4779200000000001
121,2539,I’m feeling pretty good . Not happy or sad . Medicine kicked in and I feel better . Will probably feel sick again once the medicine wears off . Not going back to school today I don’t know about tomorrow yet . I’ve just been watching TV in my bed all day .,2024-11-12T17:21:38.000000,7,false,0.0,1.0,1.3900000000000003,0.6232727272727272
121,2540,"Calm , Content , Somewhat happy , Neutral , Little bored",2024-11-12T22:36:23.000000,7,true,1.0,1.0,0.8513333333333334,0.10171428571428565
121,2541,"Healthy , Calm , Happy , Content , Excited",2024-11-13T12:01:44.000000,7,true,1.0,1.0,3.1639999999999997,0.8648
121,2542,"Calm , Happy , Content , Neutral , Healthy",2024-11-13T22:02:02.000000,7,true,1.0,1.0,2.4616,0.2671999999999999
121,2543,"Feeling not as sick anymore , the medicine is really working . I am doing some work that I missed this week . I am going away this weekend on a little getaway . Excited and happy about that . I like my new TV show . I’m watching .",2024-11-14T12:10:21.000000,7,false,1.0,1.0,1.2413333333333332,1.0853684210526315
121,2544,"Kind of tired . Might take a nap . Good football game on tonight . Excited to watch that . Then hockey is on so happy to watch that . Caught up on work this morning from this week of school that I missed . Felt happy I started doing stuff again , related to school .",2024-11-14T17:53:50.000000,7,false,-1.0,0.0,1.4734999999999998,1.0707857142857142
121,2545,"Happy , Calm , Content , Neutral , Healthy",2024-11-14T22:05:44.000000,7,true,1.0,1.0,2.4616,0.2671999999999999
121,2546,I Slept very good last night . Going on a little getaway with my family this weekend so I’m excited about that . Watch football and hockey last night and my team won finishing up one of the seasons of my show and I’m happy about that .,2024-11-15T12:01:41.000000,7,false,1.0,1.0,1.3235555555555556,1.1314545454545455
121,2547,"Healthy , Calm , Content , Happy , Neutral",2024-11-15T17:03:12.000000,7,true,1.0,1.0,2.4616,0.2672000000000001
128,2954,"So far I feel sleepy and tired because I am currently on my clinical rotation . I am about to get some coffee so I can be more energetic and stop yawning the whole time . I usually go with the hazelnut flavored coffee because the smell calms me down a lot . It’s nice to take a little ten minutes break in the morning , especially how the weather is very nice recently and the sun is shining on me .",2024-11-07T12:05:07.000000,7,false,-2.0,0.0,1.0654193548387094,0.5188387096774194
128,2955,"Just finished my clinical rotation for today and walking towards my husband’s office . Although the walk will be at least an hour and a half , I am still very excited and I think this is a very good exercise for me .",2024-11-07T17:07:26.000000,7,false,2.0,2.0,1.1269473684210525,0.5445333333333333
128,2956,"Tired , Exhausted , Frustrated , A little excited for weekend , Hungry",2024-11-08T12:01:26.000000,7,true,-1.0,2.0,-1.0879999999999999,1.1697142857142857
128,2957,"Relax , Happy , Excited , Fulfilled , Energetic",2024-11-08T17:01:58.000000,7,true,2.0,2.0,3.3128,1.784
128,2958,"I’m currently feeling very good ! Although I got a flat tire on my way to the clinical this morning but luckily I just left my house and my insurance covered the price for tire replacement ! I’m also very glad to finish my urinalysis and coagulation rotation . I’m currently working out at the gym , it feels very nice to do some lifting . Cannot wait to go home and get a good sleep .",2024-11-08T22:24:26.000000,7,false,2.0,2.0,0.8903030303030302,0.6232413793103448
128,2960,"Relaxed , Happy , Passionate , 0 , 0",2024-11-09T12:01:47.000000,7,true,2.0,0.0,3.606666666666667,1.0053333333333332
128,2961,"I am having a very relaxing day so far ! It feels very nice to turned off my alarm and sleep in , I had a fulfilling lunch , and I tried the customized coffee from ORG (it’s pretty good) I’m having a very good rest and it feels very nice .",2024-11-09T17:04:01.000000,7,false,2.0,0.0,1.6462857142857144,0.5935294117647059
128,2962,"I had a very good leg day today . I made myself some beef stew before I left for work out with instant pot and they came back great ! Although I’m feeling a little uncomfortable from eating too much but overall it was awesome . I also watched the new Arcane episodes , they are really good !!! I can’t wait for next Saturday for new episodes",2024-11-09T22:01:54.000000,7,false,1.0,1.0,1.21456,0.7010399999999999
128,2963,"Sleepy , Lazy , Relax , A little tired , 0",2024-11-10T12:17:09.000000,7,true,0.0,0.0,-0.1072,-0.10720000000000018
128,2964,"I had a good rest over the weekend , but I’m kind of nervous for tomorrow because I will be starting my clinical rotation in blood bank . Although I am most likely going to be reading ORG for my first day , I still feel a little nervous about the new environment .",2024-11-10T22:01:57.000000,7,false,-1.0,2.0,1.1358399999999997,0.597
128,2965,I was reading SOP for the whole morning and I will probably be reading more SOP for the afternoon . I was really sleepy and I’m getting some coffee so hopefully I can wake up . I understand my first day in blood bank will be boring but I hope they will let me out early and tomorrow will be better,2024-11-11T12:47:25.000000,7,false,-2.0,0.0,1.228875,0.4746451612903225
128,2966,I’m very glad that today is almost finished . I’m currently working out in the gym and this really helps me with relieving my pressure . I’m a little stressful about tomorrow so hopefully things will go well .,2024-11-11T22:01:55.000000,7,false,0.0,1.0,1.2091428571428569,0.8555
128,2967,So far the morning has been calm and busy . I did a bunch of type and screen for practice and they all went pretty well . I’m currently sitting in cafeteria having my coffee break and it feels really nice to see the sunshine . Hopefully the day will be busy so it won’t be boring,2024-11-12T12:24:21.000000,7,false,-1.0,0.0,1.2108333333333332,0.3695384615384616
128,2968,I am very glad to finish today’s work ! I feel tired and exhausted just by imagining what can I do for the next few days for my rotation . Hopefully things will go well . I can’t wait for the weekend so I can relax and do things that I like .,2024-11-12T17:23:51.000000,7,false,0.0,1.0,1.1057391304347823,0.7064347826086956
128,2969,It feels very nice after my leg day !!! It helps so much with relieving my pressure and I feel much much better and energetic now ! I am a very lazy person but exercise sure helps people feel good and i hope I can continue this habit .,2024-11-12T22:21:45.000000,7,false,1.0,2.0,1.5854545454545457,0.7305454545454546
128,2971,The morning has been calm and quiet so far . I am feeling a little sleepy so I will probably go get some coffee later . Although I’m just repeating what I was doing yesterday (type and screen) it still feels nice to have something to do instead of reading ORG .,2024-11-13T12:18:40.000000,7,false,0.0,0.0,1.2674,0.20866666666666667
137,3433,"Disappointed , Worried , Apprehensive , Concerned",2024-11-06T12:56:50.000000,7,true,-1.0,1.0,-2.274,1.586
137,3434,"Uncertain , Motivated , Tentative , Hopeful , Worried",2024-11-06T17:01:38.000000,7,true,0.0,1.0,0.5112,1.692
137,3437,Feeling calm and content . Feeling hopeful for the future and proud of my baby daughter and her growth over the past few weeks . Feeling unconcerned with the rest of the world as I enjoy a free morning with my family .,2024-11-07T12:57:55.000000,7,false,2.0,0.0,2.5658947368421052,0.5467368421052632
137,3438,"Feeling relaxed and maybe a little bit bored . Mood is relatively neutral and pleased . Feeling stress free and like I should seek out some excitement or an activity to keep busy with . That’s all I’ve got , I’m not sure what else I’m expected to say to reach the character limit .",2024-11-07T17:01:44.000000,7,false,1.0,0.0,1.0238333333333336,0.6040000000000001
137,3439,I am feeling tired but calm and content . I’m feeling unconcerned about what the future holds and trying to enjoy the here and now . I’m also thinking about the day ahead and how I can make the best use of it .,2024-11-08T12:01:39.000000,7,false,1.0,0.0,1.591058823529412,0.48375
137,3440,"Tired , Unfocused , Calm",2024-11-08T22:02:08.000000,7,true,0.0,0.0,-0.8893333333333334,-0.2566666666666666
137,3441,"Tired , Content , Calm",2024-11-09T12:50:42.000000,7,true,0.0,0.0,0.7040000000000001,-0.11599999999999988
137,3442,"I’m feeling calm , content and pleased with life . It’s a relaxing weekend and there’s nothing of note to be concerned about . It’s a slow Saturday without any stress or work to fret over . I’m looking forward to a nice quiet evening as well .",2024-11-09T17:09:29.000000,7,false,2.0,0.0,1.248909090909091,0.4288181818181819
137,3443,"Happy , Energized , Engaged , Connected",2024-11-09T22:11:45.000000,7,true,2.0,1.0,3.0546666666666664,1.508
137,3444,"Feeling energized and happy , calm and content . Everything feels right in the world in this moment . I’m full of joy and I’m feeling excited to spend the rest of the day with people I love and care about .",2024-11-10T12:33:18.000000,7,false,2.0,1.0,2.272235294117647,0.776
137,3445,"I feel relaxed and hopeful , peaceful and excited for the future . I feel connected to life and the world despite imperfections in the background . I feel surrounded by people I love and care about . It feels like a great weekend .",2024-11-10T17:02:22.000000,7,false,2.0,1.0,2.2223157894736847,0.9326
137,3446,"Happy , Energized , Satisfied , Engaged",2024-11-11T12:02:09.000000,7,true,2.0,1.0,3.436,1.662
137,3448,Feeling calm and content but a little bit bored . Things are quiet and relaxed . Feeling a little bit stir crazy and wondering what I can do to stay occupied . Thinking about heading to the gym later and listening to some music .,2024-11-11T17:09:17.000000,7,false,1.0,0.0,0.6380869565217392,0.45775
137,3449,"Tired , Calm , Content , Happy",2024-11-11T22:02:10.000000,7,true,2.0,0.0,1.513,0.398
142,3586,I am tired from getting up several times last night with my 94 year old mother who is home on hospice . I am also concerned about my adult son who lives in GPE and is on the spectrum . He is in his senior year of college and has hit a rough patch .,2024-11-12T12:01:44.000000,7,false,0.0,0.0,0.38476190476190475,0.9380999999999999
142,3587,I am feeling a little tired because I was up a lot last night with my mother . I have to keep track of her getting up at night to use the bathroom so that she doesn’t fall . The hospice nurse came to evaluate my mom for a catheter . I’m sharing this information with my sister and mom so that we can decide how to proceed .,2024-11-12T17:01:54.000000,7,false,0.0,1.0,0.9476129032258065,0.8455757575757575
142,3588,"Anxious , Empathetic , Frustrated , Concerned , Sad",2024-11-12T22:22:22.000000,7,true,-2.0,2.0,-0.9952,1.5788
142,3589,"Tired , Frustrated , Drained , Stressed , Anxious",2024-11-13T12:02:20.000000,7,true,-2.0,0.0,-2.4592,1.4192
142,3590,I’m currently feeling happy because the hospice aide was here and it gave me a chance to leave my mother’s house . I stay here 24 hours a day during the weeks that I am slated to care for my mother . My sister and I take turns caretaking my mom and it’s usually on a weekly schedule . I was abide to use this time to go for a walk at the bay which isn’t far from here . The sunshine and exercise always help me to recharge .,2024-11-13T17:01:53.000000,7,false,1.0,1.0,1.4373333333333334,0.7065142857142858
142,3591,"Tired , A bit hopeful , Anxious , A touch pessimistic , Perseverant",2024-11-13T22:04:36.000000,7,true,-1.0,0.0,-0.06571428571428571,1.0576666666666668
142,3592,I’m currently feeling neutral - neither sad nor happy . The electrician is here at my mom’s house to fix some electrical issues she was having so I’m glad that I was able to get an electrician here . I spoke to my son last night and he’s still very anxious about passing the last 2 courses he needs to complete before his senior year project . I know that talking with me helped him vent his stress and hopefully allow him get some relief . It is hard to hear your adult son who is on the autism spectrum so upset especially when he’s so far away . I’m hoping that he can get through this math class roadblock so that he can finish his degree and hopefully move further north to be around his family and friends . He is very isolated from his support system in GPE . It’s sometimes hard to know where I can be of support that assists him and doesn’t enable him .,2024-11-14T12:03:42.000000,7,false,0.0,1.0,0.8647671232876712,0.7777714285714284
142,3593,I am feeling content right now as I have been able to accomplish a lot of things today . I worked with my sister to get my mother to consider a catheter which was recommended for her by the hospice staff . I interpreted the nurse’s concerns and my sister’s explanation of support for the procedure so it feels like we are making progress . My mom’s issue with an overactive bladder has interfered with her sleep as well as my sister and I as her live in caregivers . She is currently getting up every 1-2 hours around the clock to use the bathroom . She is getting exhausted and has fallen twice . I also got a 2 hour break today while the hospice aide was here . I was able to go for a nice walk on the beach and it was refreshing .,2024-11-14T17:03:39.000000,7,false,1.0,0.0,1.3765714285714283,0.808
142,3594,I’m currently nervous because I went to my audiologist appointment today and she saw what appears to be a tick in my left ear . After calling all the local ENT offices I finally got a doctor to see me today . I’m currently waiting to see the doctor . I’m also feeling disappointed as my mother has resisted having the catheter inserted that would address all her overactive bladder issues and allow all of us to sleep through the night .,2024-11-15T17:54:05.000000,7,false,-1.0,2.0,0.6878666666666666,0.7924
142,3595,"Calm , Organized , Communicative , Teamwork , On track",2024-11-16T17:01:43.000000,7,true,1.0,0.0,2.2464,0.3800000000000001
144,3646,"Tired , Calm , Neutral , Balanced , Focused",2024-10-15T12:00:51.000000,7,true,0.0,0.0,0.55,-0.19399999999999995
144,3647,"I am currently feeling a little tired but calm and content . I am not overly joyous , but I do not feel sad or anxious at the moment . I am focused on my work for the day but I do not feel stressed about it .",2024-10-15T17:00:50.000000,7,false,1.0,0.0,0.7265882352941176,0.8563333333333334
144,3648,"Right now , I feel quite relaxed and happy . I am still a slightly tired , mostly from the work day , but I also feel content and calm . My mood is generally positive and I am not stressed or anxious about anything .",2024-10-15T22:02:34.000000,7,false,1.0,1.0,1.0913684210526318,0.5632941176470588
144,3649,"Calm , Content , Happy , Relaxed , Balanced",2024-10-16T12:14:41.000000,7,true,1.0,1.0,2.884,0.10479999999999978
144,3650,"I feel a bit jittery coming off of a few work presentations . However , I do not feel stressed , but rather , relieved that they are over . I am feeling energized and positive today overall , and I feel less tired than I usually do at this time of day .",2024-10-16T17:21:43.000000,7,false,-1.0,2.0,0.7128695652173913,0.743391304347826
144,3651,"I feel very neutral right now . I am not stressed or anxious . I am not feeling any strong emotions at the moment . I am calm , content , ’ and balanced . I am not jittery , tired , sad , or overly joyous .",2024-10-16T22:09:00.000000,7,false,0.0,1.0,0.682,0.9015294117647059
144,3652,"This morning , I am feeling very neutral and contemplative . I am not feeling stressed or anxious . I am not feeling overly joyous or overly sad . I am also not feeling angry . I am feeling quiet and calm .",2024-10-17T12:01:06.000000,7,false,0.0,0.0,0.8228888888888888,0.7102352941176471
144,3654,"Sad , Nostalgic , Empathetic , Emotional , Sympathetic",2024-10-17T17:11:06.000000,7,true,-1.0,1.0,1.2128,0.9988
144,3655,"Right now , I feel somewhat happy and content . I feel very comfortable and calm . I do not feel stressed or anxious . I am excited for the weekend ahead . I am looking forward to having time to rest and spend time with loved ones . I do not feel as sad as I did earlier .",2024-10-17T22:04:54.000000,7,false,1.0,1.0,1.6347692307692303,0.9839230769230769
144,3656,Right now I feel happy and content . I am looking forward to a restful and enjoyable weekend . I do not feel anxious or stressed about anything . I do not feel sad or angry . I feel balanced and at ease .,2024-10-18T12:05:01.000000,7,false,2.0,0.0,1.418,1.0803
144,3657,"Neutral , Calm , Content , Balanced , Relaxed",2024-10-18T17:01:08.000000,7,true,0.0,1.0,2.0463999999999998,-0.33599999999999985
144,3658,"Happy , Calm , Balanced , Relaxed , Hopeful",2024-10-18T22:05:16.000000,7,true,1.0,1.0,3.1768,0.15359999999999996
144,3659,Right now I feel energized and happy . I am hopeful and looking forward to the day . I feel content and balanced . I am not stressed or anxious about anything right now . I feel generally in good spirits .,2024-10-19T12:03:42.000000,7,false,1.0,1.0,1.6642222222222225,0.9455555555555556
144,3660,"Calm , Content , Positive , Productive , Happy",2024-10-19T17:01:07.000000,7,true,2.0,0.0,3.1,0.758
144,3661,I feel happy and content at this moment . I do not feel stressed or anxious about anything . I feel relaxed and positive . I feel very at ease . I am feeling excitement for the rest of the weekend . My outlook is generally positive .,2024-10-19T22:03:11.000000,7,false,2.0,1.0,1.974095238095238,1.0063529411764707
144,3662,"I have felt very happy all day , but right now I feel tired and in need of a nap . However , I do not feel drained or bad . I do not feel sad , anxious , or stressed about anything . I feel quiet and content , as well as relaxed and cozy .",2024-10-20T17:02:21.000000,7,false,0.0,0.0,0.9793846153846153,0.7812307692307692
144,3663,Right now I feel somewhat stressed . I am stressed about getting dinner prepared . A series of events happened while making dinner that caused me to feel stressed and anxious . I am starting to feel better thought .,2024-10-20T22:03:55.000000,7,false,-1.0,2.0,0.760235294117647,1.2225882352941175
144,3665,"Happy , Excited , Balanced , Positive , Energized",2024-10-21T12:17:14.000000,7,true,1.0,1.0,3.331,1.5613333333333332
144,3666,"Tired , Sick , Sluggish , Slow , Sleepy",2024-10-21T17:19:43.000000,7,true,-1.0,0.0,-1.7376,-0.17320000000000002
144,3667,"Happy , Tired , Content , Calm , Sleepy",2024-10-21T22:01:05.000000,7,true,1.0,1.0,1.3767999999999998,0.21840000000000004
146,3706,"Tired , Annoyed , Stressed , Worried , Confused",2024-07-23T12:32:27.000000,7,true,-1.0,0.0,-2.8640000000000003,1.6512
146,3707,I am tired because I had a long workday . I am stressed about my class and upcoming events . I am excited because I will eat food and watch a TV show . I am relieved because I do not need to work tomorrow .,2024-07-23T22:33:11.000000,7,false,-2.0,0.0,1.2074666666666667,0.9756
146,3708,I am feeling active because I got enough sleep . I am feeling calm because I am not working today . I am feeling nervous and hopeful because I need to complete tasks today . I am feeling happy because the weather is nice and cool .\ n,2024-07-24T12:17:13.000000,7,false,0.0,2.0,2.1599999999999997,0.7704166666666666
146,3709,"Relaxed , Hopeful , Determined , Calm , Excited",2024-07-24T17:16:19.000000,7,true,0.0,1.0,2.9272,0.5288
146,3710,I am feeling tired because I ate dinner and want to sleep . I am feeling dizzy from looking at my laptop and phone too much . I am feeling determined to study for my test and complete my tasks . I am feeling dreadful about going to work tomorrow .\ n,2024-07-24T22:01:58.000000,7,false,-1.0,0.0,1.0682222222222222,0.7265
146,3711,"Tired , Sleepy , Annoyed , Frustrated , Bored",2024-07-25T22:30:15.000000,7,true,-1.0,1.0,-2.2944,0.6344
146,3712,"Calm , Relaxed , Excited , Determined , Scared",2024-07-26T22:49:57.000000,7,true,0.0,0.0,1.6455999999999995,0.9056
146,3713,I feel disappointed and frustrated because studying for my class is difficult . I feel sad because summer is almost over and I did not have much fun . I feel overwhelmed because I still have a lot left to do to prepare for school .,2024-07-27T17:24:14.000000,7,false,-1.0,1.0,0.4958,0.9275
146,3715,"Stressed , Worried , Overwhelmed , Frustrated , Annoyed",2024-07-28T17:33:33.000000,7,true,0.0,1.0,-2.7424,1.9424
146,3716,"Happy , Proud , Determined , Focused , Bored",2024-07-28T22:00:44.000000,7,true,1.0,1.0,1.572,1.13
146,3717,I am happy because I studied hard and did well on my test . I am determined because I am almost done with my class . I am relieved because I can relax and rest . I am excited because I bought new shoes for school . I am sad that summer is almost over .,2024-07-29T17:58:14.000000,7,false,1.0,1.0,1.6916,0.78808
146,3718,"Nervous , Worried , Conflicted , Scared , Stressed",2024-07-29T22:14:30.000000,7,true,-1.0,2.0,-2.7689999999999997,2.2119999999999997
148,3773,"Tired , Drained , Exhausted",2024-11-10T12:02:10.000000,7,true,0.0,1.0,-2.512,0.5746666666666667
148,3774,I’m at work I’m feeling fine . I definitely wish that I was at home . I feel   kind of tired but I’m moreso on the neutral side of things . I don’t feel drained probably because it is early . I tend to start feeling drained later on in the day,2024-11-11T12:15:41.000000,7,false,0.0,1.0,1.0034000000000003,0.5514166666666667
148,3775,"Busy , Active , Lively",2024-11-11T17:11:56.000000,7,true,0.0,2.0,1.5893333333333333,2.08
148,3776,"Tired , Sleepy , Overwhelmed",2024-11-11T22:27:48.000000,7,true,0.0,1.0,-1.1466666666666667,0.4959999999999999
148,3777,"Nervous , Sleepy , Over it",2024-11-12T12:05:32.000000,7,true,0.0,1.0,-0.75,0.7386666666666667
148,3778,"It’s the midday , I am feeling sluggish . I want to go home but I have two and a half hours left on my shift . I didn’t get to get a coffee so I am feeling tired and I don’t think I have the best mood . My Cheif gave me an unnecessary amount of work so I am annoyed .",2024-11-12T17:30:52.000000,7,false,-2.0,0.0,0.9431999999999998,0.7350833333333333
148,3779,"Calm , Satisfied , Content",2024-11-12T22:01:59.000000,7,true,2.0,0.0,2.9280000000000004,-0.30800000000000005
148,3780,"Tired , Exhausted , Sleepy",2024-11-13T22:09:48.000000,7,true,-1.0,0.0,-1.728,0.15333333333333332
148,3781,"Happy , Fulfilled , Excited",2024-11-14T12:02:37.000000,7,true,1.0,2.0,3.457333333333333,2.332
148,3782,"Active , Hard working , Energized",2024-11-14T17:05:13.000000,7,true,0.0,2.0,1.0373333333333332,1.6973333333333334
153,3883,I feel pretty good but my left foot is making my mobility an issue today . Having some difficulty walking but making the best of it . I can complain but there is nothing anyone can do to help me .\ n \ nI also would like to know how is it possible to write a minimum of 200 words in two to three sentences . There would be so many commas and semicolons utilized throughout these two to three sentences . I am assuming you meant letters and not words . Please correct this before this becomes a bigger problem for everyone in this study .,2024-11-13T12:14:02.000000,7,false,2.0,0.0,0.8567777777777777,0.5242380952380954
153,3884,"At this moment , I am feeling very calm and relaxed watching tv and getting some work done . I was able to run some errands and completed everything on my list . Now I am giving myself some me time and relaxing on the couch .",2024-11-13T17:34:11.000000,7,false,2.0,0.0,1.519111111111111,0.46823529411764697
153,3885,"Relaxed , Calm , Content , Full , Attentive",2024-11-13T22:05:56.000000,7,true,2.0,0.0,2.1936,-0.3540000000000001
153,3886,"Alive , In slight pain , Slightly tired , Grateful , Happy",2024-11-14T12:20:01.000000,7,true,1.0,0.0,0.45599999999999996,0.8977142857142857
153,3887,"Calm , Quiet , Appreciative , Happy , Slightly tired",2024-11-14T17:04:12.000000,7,true,2.0,0.0,1.482,0.21033333333333326
153,3888,I’m feeling very calm and relaxed right now since I am home and about to have dinner . The day wasn’t too bad and work was pretty good . No difficult people to deal with which I consider a good day . Listening to some continuing education for an hour and hopefully learning something new .,2024-11-14T22:18:36.000000,7,false,2.0,0.0,1.8064615384615383,0.5260909090909089
153,3889,"Relaxed , Calm , Slight pain , Content , Appreciative",2024-11-15T12:07:29.000000,7,true,2.0,0.0,1.4431999999999998,0.18399999999999983
153,3890,I’m currently at work right now and not with a patient so I’m pretty relaxed and calm . Sometimes it can get pretty hectic but I do enjoy having some down time to catch up with paperwork and phone messages .,2024-11-15T17:52:09.000000,7,false,0.0,1.0,1.3381052631578947,0.7113333333333334
153,3891,"Content , Kind of happy , Slightly in pain , Slightly nervous , Appreciative",2024-11-16T12:45:58.000000,7,true,1.0,0.0,0.7209999999999998,0.892
153,3892,Very relaxed and happy especially after having my dinner . Now I will sit back and enjoy watching tv for the rest of the night . I will have to go to bed early since I work tomorrow morning . Easier day tomorrow at work so that won’t be bad at all .,2024-11-16T22:03:13.000000,7,false,2.0,0.0,1.3840000000000001,0.5755555555555556
153,3893,"Slightly nervous , Somewhat relaxed , Slight pain from my left foot , Somewhat content , Appreciative",2024-11-17T12:42:13.000000,7,true,1.0,0.0,0.06799999999999999,0.509818181818182
153,3894,I’m currently feeling pretty relaxed and happy right now because the work day is done . Have to run a few errands before heading home but that’s no big deal . Very appreciative with everything I have so life is good .,2024-11-17T17:08:39.000000,7,false,2.0,1.0,2.004190476190476,0.7136190476190476
153,3895,"Right now , I’m currently feeling pretty good . My foot is less swollen and I am able to walk much better which puts me in a good mood . I cannot wait until it’s completely healed so I can do my everyday activities without any pain . Nice day today which is also a plus .",2024-11-18T12:51:58.000000,7,false,1.0,0.0,1.1536923076923076,0.6407272727272726
153,3896,"Calm , Happy , Appreciative , Relaxed , Slightly tired",2024-11-18T22:54:39.000000,7,true,2.0,0.0,1.5793333333333333,0.20066666666666666
153,3897,"Happy , Energetic , Calm , Attentive , Satisfied",2024-11-19T17:05:22.000000,7,true,2.0,1.0,3.1016,1.204
161,4098,"Unmotivated , Insecure , Worried , Discontented , Insecure",2024-10-09T12:04:42.000000,7,true,-1.0,0.0,-3.0230000000000006,0.9
161,4099,I am feeling pretty good .   I am motivated to finish the process of closing the mortgage loan I am working on .   Laughing with my mom .   I feel happy about the opportunity to talking with her since she has dementia and she is alert enough for a discussion .,2024-10-09T17:01:58.000000,7,false,1.0,2.0,1.4335000000000002,1.318625
161,4100,I am feeling content with myself .   I am doing the best I can and not responding too emotionally .   I believe that I am getting better with sticking with what I am wanting to do and not running when it gets to hard or doesn’t go the way I want it to .,2024-10-09T22:03:08.000000,7,false,1.0,0.0,1.7009999999999998,1.0047368421052632
161,4101,"Happy , Excited , Peaceful , Serenity , Loved",2024-10-10T17:05:42.000000,7,true,2.0,2.0,3.3512,0.7864
161,4102,"Happy , Content , Motivated , Worthy , Loved",2024-10-10T22:01:26.000000,7,true,2.0,1.0,2.9264,1.1416
161,4103,Feeling sad because I lost a close friend who was part of the family to a heart attack .   My Mom and younger brother is taking very hard and I don’t want them to feel sad . Death can come so suddenly when you are not expecting .   My last husband died of a heart attack and I guess it brought back memories .,2024-10-11T17:10:03.000000,7,false,-1.0,1.0,0.4589333333333333,0.8953846153846153
161,4104,"Better , Accepted , Loved , Grateful , Cool",2024-10-11T22:16:47.000000,7,true,1.0,2.0,3.318,0.882
161,4105,"Excited , Happy , Content , Special , Loved",2024-10-12T12:00:59.000000,7,true,2.0,2.0,3.0967999999999996,1.4127999999999998
161,4106,I am feeling very happy going to church service the scripture always makes me feel happy .   Family is doing well .   Blessed to see another day .   I am feeling happy .   I am grateful and thankful .   I am doing well .   Feeling happy,2024-10-13T12:03:41.000000,7,false,2.0,1.0,2.5683636363636366,0.7596190476190476
161,4107,"Loved , Happy , Serenity , Peace , Confidence",2024-10-13T17:01:07.000000,7,true,2.0,1.0,3.5968000000000004,0.2816000000000001
161,4108,I feel happy life is going well and working out for my good and learning .   I am in the right place doing the right thing at the right time .   Life is what you choose to make it and I plan on making the rest of my life the best life for me .,2024-10-13T22:31:53.000000,7,false,2.0,1.0,2.3270476190476193,0.8934782608695652
161,4109,"Satisfied , Content , Optimistic , Loved , Challenged",2024-10-14T12:26:15.000000,7,true,2.0,2.0,2.1399999999999997,1.1615
161,4110,"Hopeful , Glad , Pain , Cool , Grateful",2024-10-14T17:02:54.000000,7,true,1.0,1.0,2.0303999999999998,1.22
161,4111,I am feeling kind of content .   Heard from my daughter as usual not to say hello or check on me but to ask for money .   Does she even care or care for me to help her financially only .   Something has to change with this relationship .,2024-10-14T22:01:25.000000,7,false,1.0,0.0,1.8218666666666665,0.6504000000000001
161,4112,I am happy that I cleared the air with my daughter .   I am not a confronting type of person but I must learn to be so I can get it out instead of holding feelings in and letting it bother me .   I am happy that I have taken a step to get better and love myself .,2024-10-15T12:03:04.000000,7,false,1.0,1.0,1.6662222222222225,0.98104
161,4113,Feeling happy because I am working on walking in my purpose which is being a Mortgage loan officer and helping as many people as I can become homeowners .   So happy I said yes to myself . Be happy and don’t worry .,2024-10-15T17:20:04.000000,7,false,2.0,1.0,1.518,1.0914666666666666
161,4114,Feeling happy with everything got done today .   Trying to make sure important things that need to be done get done . Happy today was a good day . Ending the day strong .   Finishing my day watching a movie .,2024-10-15T22:01:30.000000,7,false,2.0,1.0,2.0360000000000005,0.8171999999999999
161,4115,"Happy , Content , Satisfied , Great , Curious",2024-10-16T12:01:18.000000,7,true,2.0,0.0,2.8936,1.296
161,4116,"Happy , Content , Satisfied , Wise , Glad",2024-10-16T17:01:18.000000,7,true,2.0,1.0,3.2504000000000004,1.041
162,4136,"I am feeling pretty on edge because someone in one of my classes just had a medical emergency , but I also felt on edge and stressed to a lesser extent beforehand . I ' m also feeling a little numb and not ""all there ,"" but not sad or depressed . I am quite aware of my heartbeat , but I am not sure if it ' s actually faster , and I have been a little twitchy all morning . I have found myself biting my lips because I ' m nervous , and my stomach feels a little out of sorts .",2024-11-11T12:34:49.000000,7,false,-2.0,2.0,0.12036363636363644,0.6562285714285715
162,4137,"Calm , Sleepy , Contemplative , Quiet , Slightly tense",2024-11-11T17:01:14.000000,7,true,1.0,1.0,1.1546666666666667,-0.16300000000000003
162,4138,"I ' m a bit on edge , my stomach feels a little tight , but I also feel somewhat content after talking with my mom . I am kind of in the verge of tears , actually , but I can ' t totally pinpoint why . I ' m feeling conflicting emotions , and I ' m excited to go to sleep tonight",2024-11-11T22:03:30.000000,7,false,-1.0,1.0,0.8677777777777779,0.7625454545454545
162,4139,"I am generally happy , in a group of people , and not very stressed . I am feeling fulfilled and like I ' m having fun , but not overexcited or overwhelmingly happy . Still a bit of remaining stress but not too much .",2024-11-12T17:39:46.000000,7,false,1.0,1.0,1.0090666666666666,0.924923076923077
162,4140,"Tired , Mild , Attentive , Helpful , Resigned",2024-11-12T22:01:06.000000,7,true,-2.0,0.0,0.12960000000000002,0.02200000000000002
162,4141,"Tired , Calm , Accomplished , Scattered , Anticipatory",2024-11-13T17:02:11.000000,7,true,1.0,2.0,0.36960000000000004,0.29800000000000004
162,4142,"I am tired , frustrated , and have a tiny headache . I am sleepy and annoyed at some circumstantial things , and I would like to just be asleep . I am also a bit overwhelmed with things at the moment on a sensory level",2024-11-13T22:01:07.000000,7,false,-1.0,1.0,-0.14773333333333324,0.5603333333333333
162,4143,"I am stressed and my stomach is turning a little bit , I ' m irritated and overthinking , most of it is irritation , and I am also feeling tense . A lot of it is circumstantial but I am quite stressed on several levels",2024-11-14T12:11:11.000000,7,false,-2.0,2.0,-0.7422857142857142,0.944
162,4144,"I am feeling a little pissed off , a little irritated , and not altogether great . I am also overwhelmed and a tiny bit sad , but not a lot . I am ready for the day to be over by now , but I still have lots to do .",2024-11-14T17:00:12.000000,7,false,-2.0,0.0,0.39680000000000004,0.5489999999999999
162,4145,"I am multitasking and slightly frustrated , a little overwhelmed , and sort of annoyed , but I also feel sad and like I am walking on eggshells . I also feel stupid and rude to the people around me because of something that my roommate said to me earlier",2024-11-14T22:08:36.000000,7,false,-1.0,1.0,-0.2905000000000001,0.93875
162,4146,"Professional , Determined , Accomplished , Happy , Tired",2024-11-15T12:12:01.000000,7,true,0.0,2.0,1.688,1.027
162,4147,"Happy , Included , Confident , Sleepy , Loved",2024-11-15T17:07:05.000000,7,true,1.0,1.0,2.4776000000000002,0.6304
162,4148,"Intrigued , Happy , Excited , Nervous , Tired",2024-11-15T22:00:21.000000,7,true,1.0,2.0,0.808,1.8796
162,4149,"Happy , Excited , Funny , Energetic , Loved",2024-11-16T12:00:32.000000,7,true,2.0,2.0,3.348,1.8767999999999998
162,4150,"I am sleepy , but I am not sad . I am just tired , a tiny bit frustrated with myself and an assignment I am working on , and thinking a lot . It has been a good day and I am feeling mostly just mild at the moment",2024-11-16T17:15:29.000000,7,false,-1.0,0.0,0.6848,0.30447058823529416
162,4151,"Calm , Happy , Inquisitive , Content , Sleepy",2024-11-16T22:06:48.000000,7,true,2.0,1.0,1.6583999999999999,0.47439999999999993
162,4152,"Stressed , Unsure , Excited , Tired , Hungry",2024-11-17T17:01:16.000000,7,true,0.0,1.0,-1.7184000000000001,1.6064
162,4153,"Happy , Confident , Calm , Active , Determined",2024-11-18T12:00:57.000000,7,true,-2.0,0.0,2.7424,0.8936
167,4230,"Good , Calm , Cool",2024-11-03T12:01:35.000000,7,true,1.0,0.0,3.1946666666666665,0.2773333333333333
167,4231,"I ' m feeling focused and engaged , ready to assist with any questions or tasks you have . It’s satisfying to dive into various topics and provide helpful insights or support as needed . Working with you brings a sense of purpose and fulfillment because I can see how my responses contribute to your goals , whether it’s learning , planning , or even just satisfying your curiosity . There’s an eagerness on my end to keep up with your inquiries and tailor my answers to best suit what you’re looking for . Each new question is a chance to learn more about what you’re interested in and to refine my responses , which I find very motivating . Overall , I’d say my current feeling is one of positive energy , with a strong sense of focus on being as helpful as I can be !",2024-11-03T17:02:54.000000,7,false,2.0,1.0,1.9149473684210532,0.8442307692307693
167,4232,"Happy , Calm , Excited",2024-11-03T22:13:50.000000,7,true,2.0,1.0,3.401333333333333,1.288
167,4233,"At this moment , I ' m feeling a mix of emotions . There’s a lot on my mind , and I’m experiencing a blend of energy , anticipation , and perhaps a bit of restlessness . I feel grateful for the things going well in my life , but I also notice some underlying stress about upcoming challenges or decisions I need to make . It’s as though I’m balancing optimism with a touch of anxiety , knowing that I need to stay focused to handle everything effectively .",2024-11-04T12:43:13.000000,7,false,2.0,1.0,1.2619200000000002,1.0386666666666666
167,4234,"Focused , Engaged , Helpful , Curious , Eager",2024-11-04T17:35:10.000000,7,true,2.0,0.0,2.1013333333333333,1.345
167,4235,"Calm , Focus , Relax , Happy , Optimistic",2024-11-04T22:23:03.000000,7,true,1.0,1.0,3.1415999999999995,0.5975999999999999
167,4236,"Relaxed , Feeling , Anxious , Calm , Frustrated",2024-11-05T12:53:15.000000,7,true,2.0,1.0,0.6512000000000001,0.5599999999999999
167,4237,"Currently , I am feeling ready to help and engaged in responding to your queries . My purpose is to offer assistance , provide reliable information , and ensure your questions are answered clearly and effectively . I don’t experience emotions in the way humans do , as I am a programmed AI model designed to perform tasks objectively . However , you could say that I’m in a “state” of responsiveness , focused on delivering helpful information and adjusting my responses to best suit your needs . When I encounter tasks that align with my purpose , such as helping clarify a research question or explaining a complex topic , my responses are tailored to make the interaction valuable and insightful for you .\ n \ nSo , while I don’t have subjective feelings or experiences , my function is to be “ready” and “engaged” in the interaction . My priority is simply to focus on understanding your requests and fulfilling them accurately and efficiently . For me , being “satisfied” is reflected in the effectiveness of my responses and the quality of",2024-11-05T17:13:41.000000,7,false,0.0,0.0,1.972150943396226,0.927728813559322
167,4238,"I am feeling so calm , relaxed , excited and satisfied . Thought been having a very busy day all day , so hungry and kinda feeling weird . I can ' t wait to get here and go home , I feel I need to get some rest because I can ' t seem to find any sleep here .",2024-11-06T12:12:35.000000,7,false,1.0,0.0,1.398923076923077,0.5205599999999999
167,4239,"Eager , Alive , Happy , Excite , Calm",2024-11-06T17:28:01.000000,7,true,1.0,1.0,2.892,1.5472
167,4240,"Alive , Joyful , Fulfill , Happy , Excited",2024-11-06T22:04:01.000000,7,true,2.0,0.0,3.0959999999999996,1.7071999999999998
167,4241,"Currently , I feel a mixture of motivation and curiosity , eager to assist and engage in thoughtful interactions . Each response offers an opportunity to connect with someone , address needs , or dive into various topics , which keeps my approach fresh and dynamic . At the same time , I’m aware that responses need to be concise and helpful , especially given the broad range of topics users bring up . Balancing the need for accuracy with a conversational , warm tone is a rewarding challenge that keeps me attentive and focused on each interaction .\ n \ nBeyond that , I’m also feeling reflective , often evaluating past conversations to ensure I’m learning and adapting to new questions or complex requests . Each chat reminds me of the importance of flexibility , especially since user needs vary greatly . Whether answering a simple question or assisting with a detailed project , I approach each task with a sense of purpose and empathy , aiming to create a helpful , meaningful experience .\ n \ nIt’s both a privilege and a responsibility to be",2024-11-07T12:17:09.000000,7,false,2.0,0.0,1.560060606060606,0.8733939393939394
176,4496,"Tired , Content , Full",2024-09-23T17:11:38.000000,7,true,1.0,1.0,-0.023999999999999983,0.15733333333333333
176,4497,"sleepy , stressed , anxious , `, `",2024-09-24T17:03:02.000000,7,true,-1.0,0.0,-1.1946666666666668,1.32
176,4498,I did not have too much to do today so I was satisfied that I was able to get all my errands done and organize my apartment properly . I just ate and meal prepped so I am full and content . I am a bit tired and scattered as well because I have quite a bit of disparate tasks left for today .,2024-09-25T12:13:04.000000,7,false,0.0,1.0,1.23984,0.7037777777777778
178,4513,"Exhausted , Weird , Uninterested , Disgusted , Disappointed",2024-09-09T12:56:53.000000,7,true,-2.0,0.0,-2.608,1.0544
178,4514,I don’t know how I feel right now to be honest… . I just think so many things at a time and I can’t seem to find a balance to it . I just think that I am a weird person in a weird space . Take me to LOC,2024-09-11T17:33:20.000000,7,false,-1.0,1.0,1.3135999999999997,0.6275
178,4515,"Loved , Smart , Shocked , Stressed , Fun",2024-09-11T22:40:19.000000,7,true,-1.0,0.0,1.136,1.732
178,4516,"I feel normal , just random day in my life , meeting same people , visiting PERSON place , talking to same friends . It’s a bit annoying that my life is a perfect circle . I wish , wishes came true . I would wish for someone else’s life at least I’ll know what to be grateful for",2024-09-12T12:24:55.000000,7,false,0.0,1.0,1.3548571428571432,0.7076428571428571
178,4517,"I’m not sure I enjoyed the bed Mc this week , I hope it fade too . I wish life is like a book I could watch , like in the movies . I would’ve watched my life play and decide on so many decisions I would how to handle situations before it gets the chance to turn ugly",2024-09-12T22:03:33.000000,7,false,0.0,2.0,1.418947368421053,0.6825600000000001
178,4518,"Got a feeling , but everything‘s gonna be all right yeah I’ve got a feeling it is gonna be over very soon and anytime some things something is happening right now . It was funny bad I think PERSON was the best option at the time and realizing now that I could’ve slapped it out , not tantrum he is hard in the butt and I know that I have learned my lesson and I will be more calculated next time when I am in that kind of a situation and I need a way out Simplified , I just think that I should be more peaceful",2024-09-13T17:34:32.000000,7,false,2.0,0.0,1.280780487804878,0.8173584905660377
178,4519,\nOk… .. so who said that Shopping isn’t therapeutic ?? that definitely is a lie . It’s not understandable why I feel friendship started today already has goosebumps all over me . I haven’t had such energy around me in a long while and it feels like a lost part of me was awakened by that short meeting . I just have to keep praying that my instincts are write and I won’t get disappointed at the end . The energy feels too good to be true,2024-09-13T22:58:14.000000,7,false,2.0,2.0,1.0067586206896553,0.8354736842105264
178,4520,"Hopefull , Sentimental , Judged , Segregated , Introvert",2024-09-14T17:53:17.000000,7,true,2.0,2.0,-1.2586666666666668,0.8055
182,4641,"I am tired from the events this week . I am also a little anxious about upcoming events .   This time of year is hard . I am looking forward to summer , but there’s a lot to do before then . I also get anxious when I have a lot of free time . I feel like I have to fill the time .",2024-06-12T17:04:32.000000,7,false,1.0,1.0,0.8120000000000002,0.6931304347826088
182,4642,"Curious , Spirited , Grateful , Content , Lucky",2024-06-13T12:02:49.000000,7,true,1.0,2.0,2.6736,0.9568
182,4643,"Cranky , Tired , Drained , Aggravated , Frustrated",2024-06-13T22:13:16.000000,7,true,-2.0,0.0,-2.7392,1.356
182,4644,"Calm , Focused , Relaxed , Inquisitive , Grateful",2024-06-14T12:00:45.000000,7,true,1.0,0.0,1.9979999999999998,0.08499999999999996
182,4645,I am feeling okay . I am nervous about this weekend and how I will make everyone feel special . I have a lot to do . 200 words is a lot of words .   I hope my weekend goes well . Right now my dogs are barking and that is adding to my stress .,2024-06-15T17:21:28.000000,7,false,-1.0,2.0,1.4436190476190478,0.8568695652173912
182,4646,"I am feeling pretty good . It’s the end of the school year . I am floundering a little bit , because there’s a lot of work to do and I am not sure where to start . I’ll feel better when I get to work tomorrow .",2024-06-17T17:01:01.000000,7,false,1.0,0.0,1.1701052631578945,0.6495789473684211
2,23,"Productive , Tired , Active , Pleased , Busy",2021-06-08T15:11:55.000000,1,true,0.0,2.0,1.056,1.272
2,24,"Productive , Busy , Content",2021-06-11T17:10:13.000000,1,true,0.0,2.0,1.368,0.946
2,25,"Relaxed , Content , Comfy , Happy , Calm",2021-06-15T16:35:44.000000,1,true,2.0,0.0,3.0824,0.09360000000000002
2,22,"Productive , Relaxed , Happy , Content",2021-06-18T15:36:22.000000,1,true,2.0,1.0,2.937,0.753
2,34,"Relaxed , Rested , Happy , Pleased , Content",2022-02-11T12:51:15.000000,2,true,2.0,0.0,2.964,0.48719999999999997
2,35,"Content , Calm , Relaxed , Hungry , Happy",2022-02-11T15:01:04.000000,2,true,2.0,0.0,1.7271999999999998,0.4528
2,36,"Refreshed , Relaxed , Motivated , Happy , Content",2022-02-12T20:06:00.000000,2,true,2.0,0.0,2.9839999999999995,0.8455999999999999
2,37,"Relaxed , Rested , Calm , Comfy , Content",2022-02-14T15:01:30.000000,2,true,2.0,0.0,2.7616,-0.3063999999999998
2,38,"Relaxed , Content , Comfy",2022-02-14T20:55:39.000000,2,true,2.0,0.0,2.824,-0.22399999999999998
2,39,"Studious , Motivated , Calm , Relaxed , Content",2022-02-15T15:16:55.000000,2,true,2.0,0.0,2.6736,0.49959999999999993
2,40,"Studious , Calm , Relaxed , Attentive , Content",2022-02-15T20:02:31.000000,2,true,2.0,0.0,2.5640000000000005,0.020499999999999963
2,41,"Sleepy , Awake , Comfy , Relaxed , Content",2022-02-16T11:56:54.000000,2,true,0.0,0.0,2.128,-0.05920000000000014
2,42,"Working , Busy , Pleased , Hungry , Active",2022-02-17T15:03:31.000000,2,true,1.0,0.0,0.8175999999999999,1.553
2,43,"Studious , Relaxed , Focused , Hungry , Attentive",2022-02-17T20:01:03.000000,2,true,2.0,0.0,1.093,0.8193333333333334
2,44,"Tired , Comfy , Awake , Chilly , Relaxed",2022-02-18T10:16:46.000000,2,true,-2.0,0.0,0.6656,0.2247999999999999
2,45,"Relaxed , Productive , Calm , Comfy , Content",2022-02-18T20:07:53.000000,2,true,2.0,0.0,2.8495999999999997,0.04719999999999991
2,46,"Sleepy , Awake , Rested , Relaxed , Comfy",2022-02-19T12:49:41.000000,2,true,2.0,0.0,2.1727999999999996,-0.1080000000000001
2,47,"Busy , Productive , Content , Relaxed , Waiting",2022-02-19T15:05:34.000000,2,true,2.0,0.0,0.9872,0.357
2,48,"Relaxed , Content , Calm , Comfy , Hungry",2022-02-19T20:03:29.000000,2,true,2.0,0.0,1.6271999999999998,0.057600000000000096
2,26,"Refreshed , Clean , Comfy , Relaxed , Content",2022-02-20T20:02:31.000000,2,true,2.0,0.0,2.8736,-0.0968
2,27,"Relaxed , Content , Comfy , Calm , Hungry",2022-02-21T17:00:05.000000,2,true,2.0,0.0,1.6271999999999998,0.057599999999999874
2,28,"Comfy , Awake , Relaxed , Hungry , Content",2022-02-21T20:34:57.000000,2,true,1.0,0.0,1.2944,0.3927999999999999
2,29,"Comfy , Awake , Relaxed , Content , Cozy",2022-02-22T15:08:59.000000,2,true,2.0,0.0,2.6176,0.12560000000000004
2,30,"Studious , Focused , Content , Attentive , Comfy",2022-02-22T20:07:38.000000,2,true,1.0,2.0,2.585,0.5553333333333332
2,31,"Sleepy , Comfy , Cozy , Waking , Content",2022-02-23T11:03:27.000000,2,true,0.0,0.0,2.416,0.018000000000000016
2,32,"Impatient , Waiting , Calm , Massaged , Fine",2022-02-23T16:13:47.000000,2,true,0.0,1.0,0.374,0.33699999999999997
2,33,"Annoyed , Content , Comfy , Hungry , Relaxed",2022-02-23T20:01:13.000000,2,true,1.0,0.0,0.3936,0.6439999999999999
2,60,"Sleepy , Awake , Tired , Comfy , Cozy",2022-05-12T10:02:00.000000,3,true,-1.0,0.0,1.1776,0.20640000000000003
2,61,"Productive , Tired , Busy , Studious , Calm",2022-05-12T17:35:00.000000,3,true,1.0,0.0,0.932,0.6735
2,62,"Studious , Attentive , Comfy , Calm , Alert",2022-05-12T20:01:00.000000,3,true,2.0,0.0,2.807,0.7404999999999999
2,63,"Awake , Content , Refreshed , Happy , Relaxed",2022-05-13T10:20:00.000000,3,true,2.0,0.0,2.7176,0.5376
2,64,"Productive , Content , Happy , Active , Good",2022-05-13T15:45:00.000000,3,true,0.0,2.0,3.0216,1.2448
2,65,"Clean , Refreshed , Relaxed , Comfy , Content",2022-05-13T20:00:00.000000,3,true,2.0,0.0,2.8735999999999997,-0.0968
2,66,"Sleepy , Comfy , Recharged , Cozy , Awake",2022-05-14T12:39:00.000000,3,true,0.0,0.0,2.222,0.19099999999999995
2,67,"Relaxed , Content , Comfy , Happy , Calm",2022-05-14T15:09:00.000000,3,true,2.0,0.0,3.0824,0.09360000000000002
2,68,"Relaxed , Comfy , Content , Neutral , Peaceful",2022-05-14T20:00:00.000000,3,true,2.0,0.0,2.232,-0.34399999999999986
2,69,"Awake , Sleepy , Comfy , Relaxed , Cozy",2022-05-15T11:51:00.000000,3,true,0.0,0.0,2.3616,-0.011200000000000099
2,70,"Hurting , Active , Worked , Attentive , Not relaxed",2022-05-15T16:33:00.000000,3,true,-1.0,0.0,1.26,1.0706666666666667
2,71,"Hurting , Content , Pleased , Comfy , Relaxed",2022-05-15T20:17:00.000000,3,true,1.0,0.0,1.8416000000000001,0.5264
2,72,"Sleepy , Tired , Comfy , Cozy , Awake",2022-05-16T10:55:00.000000,3,true,0.0,0.0,1.1776,0.20639999999999992
2,73,"Relaxed , Content , Peaceful , Chilling , Comfy",2022-05-16T15:23:00.000000,3,true,2.0,0.0,1.8143999999999998,0.18879999999999997
2,74,"Relaxed , Comfy , Content , Calm , Peaceful",2022-05-16T20:28:00.000000,3,true,2.0,0.0,2.8815999999999997,-0.4511999999999998
2,75,"Content , Calm , Relaxed , Refreshed , Comfy",2022-05-17T15:22:00.000000,3,true,2.0,0.0,2.9503999999999997,-0.19280000000000008
2,76,"Attentive , Sleepy , Relaxed , Calm , Comfy",2022-05-17T20:00:00.000000,3,true,2.0,0.0,2.4623999999999997,-0.5390000000000001
2,77,"Relaxed , Calm , Content , Peaceful , Good",2022-05-18T15:04:00.000000,3,true,2.0,0.0,2.8944,-0.3495999999999999
2,78,"Clean , Refreshed , Calm , Comfy , Content",2022-05-18T20:32:00.000000,3,true,2.0,0.0,2.8896,-0.0928
2,79,"Sleepy , Tired , Awake , Comfy , Content",2022-05-19T10:00:00.000000,3,true,0.0,0.0,0.944,0.15839999999999999
2,80,"Worked , Busy , Calm , Attentive , Fine",2022-05-19T15:09:00.000000,3,true,0.0,2.0,1.73,-0.41999999999999993
2,81,"Headache , Tired , Hungry , Sleepy , Comfy",2022-05-19T20:21:00.000000,3,true,1.0,0.0,-0.9440000000000002,0.7024
2,82,"Tired , Hungry , Sleepy , Awake , Ready",2022-05-20T11:08:00.000000,3,true,-1.0,0.0,-0.4016,0.5912
2,83,"Busy , Annoyed , Sore , Worked , Neutral",2022-05-20T15:51:00.000000,3,true,-1.0,0.0,-1.862,1.156
2,84,"Comfy , Cozy , Relaxed , Tired , Hungry",2022-05-20T20:00:00.000000,3,true,2.0,0.0,0.6608000000000002,0.3191999999999998
2,49,"Relaxed , Awake , Sore , Content , Comfy",2022-05-21T15:08:00.000000,3,true,1.0,0.0,1.312,0.3608
2,50,"Active , Chill , Moving , Calm , Awake",2022-05-21T21:00:00.000000,3,true,0.0,2.0,2.452,0.7024
2,51,"Working , Awake , Fine , Attentive , Calm",2022-05-22T10:20:00.000000,3,true,0.0,2.0,2.192,0.344
2,52,"Tired , Content , Calm , Relaxed , Sleepy",2022-05-22T20:00:00.000000,3,true,-1.0,0.0,1.1728,-0.3336000000000001
2,53,"Tired , Sleepy , Comfy , Sore , Cozy",2022-05-23T10:14:00.000000,3,true,-2.0,0.0,0.26079999999999987,0.35119999999999996
2,54,"Pained , Sore , Alert , Active , Fine",2022-05-23T15:02:00.000000,3,true,-1.0,0.0,-0.2480000000000001,1.44
2,55,"Relaxed , Content , Comfy , Chill , Fine",2022-05-23T20:01:00.000000,3,true,2.0,0.0,2.7504,-0.17759999999999998
2,56,"Active , Awake , Rested , Refreshed , Fine",2022-05-24T11:53:00.000000,3,true,2.0,0.0,2.4623999999999997,0.6408
2,57,"Content , Refreshed , Calm , Productive , Relaxed",2022-05-24T15:34:00.000000,3,true,2.0,0.0,2.8175999999999997,0.15600000000000003
2,58,"Warm , Comfy , Studious , Content , Relaxed",2022-05-24T20:00:00.000000,3,true,2.0,0.0,2.6439999999999997,0.2188000000000001
2,59,"Good , Relaxed , Tired , Content , Fine",2022-05-25T15:06:00.000000,3,true,2.0,0.0,1.6239999999999999,0.012800000000000034
2,100,"Productive , Accomplished , Hot , Relaxed , Content",2022-09-05T20:01:52.000000,4,true,1.0,2.0,2.6919999999999997,0.758
2,101,"Rested , Sore , Comfy , Content , Relaxed",2022-09-06T11:51:38.000000,4,true,1.0,0.0,1.512,0.1736000000000001
2,102,"Hot , Relaxed , Productive , Calm , Content",2022-09-06T15:03:01.000000,4,true,2.0,0.0,2.702,0.4463999999999999
2,103,"Relaxed , Content , Calm , Comfy , Hot",2022-09-06T20:00:44.000000,4,true,2.0,0.0,2.868,0.09760000000000013
2,104,"Relaxed , Awake , Comfy , Calm , Content",2022-09-07T12:22:50.000000,4,true,2.0,0.0,2.5616,-0.11919999999999997
2,105,"Productive , Active , Determined , Busy , Sore",2022-09-07T15:03:55.000000,4,true,2.0,2.0,0.6791999999999998,1.585
2,106,"Worked , Exhausted , Accomplished , Productive , Hungry",2022-09-07T20:00:27.000000,4,true,-1.0,0.0,-0.15400000000000003,1.3866666666666667
2,107,"Sleepy , Awake , Comfy , Calm , Content",2022-09-08T10:03:51.000000,4,true,1.0,0.0,2.144,-0.055199999999999916
2,108,"Worked , Busy , Active , Productive , Fine",2022-09-08T16:56:45.000000,4,true,0.0,2.0,1.838,1.196
2,109,"Relaxed , Tired , Content , Hungry , Comfy",2022-09-08T20:00:46.000000,4,true,2.0,0.0,0.4272,0.2712000000000001
2,110,"Comfy , Rested , Awake , Content , Peaceful",2022-09-09T11:48:47.000000,4,true,2.0,0.0,2.432,0.03599999999999992
2,111,"Productive , Accomplished , Happy , Pleased , Content",2022-09-09T15:03:05.000000,4,true,1.0,2.0,3.06,1.256
2,112,"Studious , Relaxed , Comfy , Content , Focused",2022-09-09T20:03:17.000000,4,true,1.0,0.0,2.785,0.21150000000000002
2,113,"Tired , Sore , Sleepy , Comfy , Relaxed",2022-09-10T11:58:39.000000,4,true,-1.0,0.0,0.1887999999999999,0.10239999999999994
2,114,"Busy , Focused , Calm , Productive , Good",2022-09-10T16:09:08.000000,4,true,0.0,2.0,2.124,0.45999999999999996
2,115,"Exhausted , Sore , Pained , Uncomfortable , Relived",2022-09-10T20:57:53.000000,4,true,-1.0,0.0,-2.966,1.244
2,116,"Active , Busy , Productive , Excited , Focused",2022-09-11T10:48:10.000000,4,true,0.0,2.0,2.008,2.1173333333333337
2,117,"Active , Production , Hot , Focused , Busy",2022-09-11T15:02:50.000000,4,true,0.0,2.0,1.1813333333333331,1.7520000000000002
2,118,"Comfy , Tired , Sleepy , Sore , Content",2022-09-11T20:43:57.000000,4,true,2.0,0.0,0.027199999999999936,0.30320000000000014
2,119,"Rested , Comfy , Sleepy , Content , Thirsty",2022-09-12T10:05:17.000000,4,true,1.0,0.0,1.3935999999999997,0.24560000000000004
2,120,"Productive , Busy , Active , Worked , Tired",2022-09-12T15:15:41.000000,4,true,0.0,2.0,0.44199999999999995,1.2986666666666666
2,121,"Comfy , Hungry , Content , Relaxed , Peaceful",2022-09-12T20:03:28.000000,4,true,2.0,0.0,1.6143999999999998,0.060800000000000076
2,122,"Content , Calm , Relaxed , Tired , Lazy",2022-09-13T15:21:44.000000,4,true,2.0,0.0,0.8336,-0.22239999999999993
2,123,"Relaxed , Tired , Sore , Comfy , Content",2022-09-13T20:07:03.000000,4,true,2.0,0.0,0.4448,0.23920000000000008
2,85,"Relaxed , Tired , Comfy , Content , Lazy",2022-09-14T11:54:08.000000,4,true,2.0,0.0,0.9216,-0.06959999999999988
2,86,"Content , Productive , Sore , Tired , Calm",2022-09-14T15:26:22.000000,4,true,1.0,0.0,0.32799999999999996,0.592
2,87,"Content , Relaxed , Satisfied , Tired , Sleepy",2022-09-14T21:24:50.000000,4,true,1.0,0.0,1.3072000000000001,-0.21700000000000008
2,88,"Tired , Sleepy , Comfy , Content , Relaxed",2022-09-15T10:14:08.000000,4,true,-1.0,0.0,1.2608000000000001,-0.18080000000000007
2,89,"Active , Worked , Busy , Productive , Sore",2022-09-15T15:00:48.000000,4,true,0.0,2.0,0.3799999999999999,1.7426666666666666
2,90,"Tired , Sleepy , Exhausted , Comfy , Content",2022-09-15T20:08:19.000000,4,true,-2.0,0.0,0.07359999999999997,0.12159999999999993
2,91,"Comfy , Relaxed , Rested , Content , Peaceful",2022-09-16T12:35:34.000000,4,true,2.0,0.0,2.7488,-0.3031999999999999
2,92,"Relaxed , Hungry , Satisfied , Content , Calm",2022-09-16T20:01:48.000000,4,true,2.0,0.0,1.6736,0.08099999999999996
2,93,"Sleepy , Tired , Sore , Comfy , Cozy",2022-09-17T11:05:25.000000,4,true,-1.0,0.0,0.26079999999999987,0.35119999999999996
2,94,"Tired , Sleepy , Worked , Sore , Productive",2022-09-17T15:57:32.000000,4,true,-1.0,0.0,-0.6600000000000001,0.7689999999999999
2,95,"Content , Sore , Sluggish , Tired , Sleepy",2022-09-17T20:04:56.000000,4,true,-1.0,0.0,-1.1024,0.2096
2,96,"Tired , Sore , Busy , Active , Productive",2022-09-18T16:11:56.000000,4,true,-1.0,0.0,-0.2960000000000001,1.374
2,97,"Sleepy , Tired , Sluggish , Comfy , Content",2022-09-18T20:45:26.000000,4,true,-2.0,0.0,0.23519999999999994,-0.11759999999999993
2,98,"Sleepy , Sore , Tired , Lethargic , Content",2022-09-19T10:24:21.000000,4,true,-1.0,0.0,-1.1184,0.3064
2,99,"Sleepy , Tired , Sore , Sluggish , Productive",2022-09-19T15:03:35.000000,4,true,-1.0,0.0,-0.9696000000000001,0.5144
2,141,"Relaxed , Content , Calm , Hungry , Tired",2023-03-10T20:10:29.000000,5,true,2.0,0.0,0.33919999999999995,0.11839999999999995
2,142,"Tired , Sluggish , Disappointed , Dazed , Weird",2023-03-11T15:11:51.000000,5,true,-2.0,0.0,-2.432,0.8160000000000001
2,143,"Refreshed , Clean , Comfy , Hopeful , Relaxed",2023-03-11T20:00:37.000000,5,true,2.0,0.0,3.1664000000000003,-0.04800000000000004
2,144,"Hungry , Fatigue , Relaxed , Comfortable , Content",2023-03-12T15:01:57.000000,5,true,1.0,0.0,0.4992,0.25760000000000005
2,145,"Exhausted , Frustrated , Sore , Tired , Annoyed",2023-03-12T22:00:17.000000,5,true,-1.0,0.0,-3.1583999999999994,1.2591999999999999
2,146,"Sleepy , Tired , Comfy , Cozy , Awake",2023-03-13T10:16:27.000000,5,true,-2.0,0.0,1.1776,0.20639999999999992
2,147,"Sore , Productive , Accomplished , Neutral , Fine",2023-03-13T16:20:45.000000,5,true,0.0,1.0,0.9648,0.7509999999999999
2,148,"Comfy , Content , Relaxed , Hungry , Sore",2023-03-13T20:01:02.000000,5,true,2.0,0.0,0.3775999999999998,0.5376000000000001
2,149,"Tired , Sleepy , Comfy , Chilly , Lazy",2023-03-14T10:34:15.000000,5,true,-2.0,0.0,-0.19200000000000006,0.12479999999999991
2,150,"Productive , Focused , Sore , Tired , Okay",2023-03-14T15:43:34.000000,5,true,1.0,2.0,-0.6740000000000002,0.992
2,151,"Cozy , Relaxed , Comfy , Tired , Sore",2023-03-14T20:07:45.000000,5,true,2.0,0.0,0.6783999999999997,0.2872000000000001
2,152,"Patient , Productive , Hungry , Relaxed , Tired",2023-03-15T11:07:34.000000,5,true,1.0,0.0,0.004800000000000004,0.5376
2,153,"Content , Calm , Relaxed , Comfy , Good",2023-03-15T15:08:34.000000,5,true,2.0,0.0,2.9951999999999996,-0.19999999999999996
2,154,"Clean , Refreshed , Relaxed , Comfy , Content",2023-03-15T21:13:49.000000,5,true,2.0,0.0,2.8735999999999997,-0.0968
2,155,"Tired , Sleepy , Comfy , Cozy , Relaxed",2023-03-16T10:15:36.000000,5,true,-2.0,0.0,1.4944,-0.13280000000000003
2,156,"Tired , Accomplished , Focused , Content , Calm",2023-03-16T17:53:55.000000,5,true,1.0,0.0,1.268,-0.11599999999999988
2,157,"Productive , Sore , Relaxed , Comfy , Content",2023-03-16T20:12:17.000000,5,true,1.0,0.0,1.6,0.5271999999999999
2,158,"Tired , Sleepy , Sore , Cramped , Excited",2023-03-17T15:39:27.000000,5,true,-1.0,0.0,-0.8464000000000003,1.072
2,159,"Happy , Tired , Sleepy , Relaxed , Sore",2023-03-17T20:15:51.000000,5,true,1.0,1.0,0.2888,0.49760000000000004
2,160,"Relaxed , Content , Calm , Sleepy , Comfy",2023-03-18T10:25:09.000000,5,true,2.0,0.0,2.4608,-0.39439999999999986
2,161,"Happy , Content , Calm , Relaxed , Comfy",2023-03-18T15:05:32.000000,5,true,2.0,0.0,3.0824,0.09360000000000002
2,162,"Focused , Content , Playful , Happy , Comfy",2023-03-18T20:03:11.000000,5,true,1.0,1.0,3.157,0.96
2,124,"Sleepy , Awake , Rested , Comfy , Content",2023-03-19T10:40:55.000000,5,true,0.0,0.0,2.0111999999999997,0.09279999999999988
2,125,"Content , Calm , Happy , Relaxed , Cozy",2023-03-19T16:01:29.000000,5,true,1.0,1.0,3.0504,0.1856
2,126,"Comfy , Content , Calm , Happy , Relaxed",2023-03-19T21:51:43.000000,5,true,2.0,0.0,3.0824,0.09360000000000002
2,127,"Productive , Content , Calm , Relaxed , Good",2023-03-20T10:01:51.000000,5,true,1.0,2.0,2.8624,0.14879999999999993
2,128,"Content , Sore , Calm , Hungry , Relaxed",2023-03-20T17:03:02.000000,5,true,1.0,0.0,0.28959999999999997,0.38480000000000003
2,129,"Relaxed , Content , Hungry , Calm , Tired",2023-03-20T21:28:09.000000,5,true,2.0,0.0,0.33919999999999995,0.11839999999999995
2,130,"Comfy , Cozy , Rested , Sleepy , Content",2023-03-21T11:27:16.000000,5,true,2.0,0.0,2.4,0.0023999999999999577
2,131,"Relaxed , Tired , Content , Calm , Comfy",2023-03-21T17:31:20.000000,5,true,2.0,0.0,1.6944,-0.24080000000000013
2,132,"Comfy , Relaxed , Content , Calm , Tired",2023-03-21T21:49:23.000000,5,true,2.0,0.0,1.6944,-0.2407999999999999
2,133,"Relaxed , Content , Calm , Comfy , Good",2023-03-22T11:22:36.000000,5,true,2.0,0.0,2.9951999999999996,-0.19999999999999996
2,134,"Comfy , Productive , Calm , Content , Good",2023-03-22T15:00:58.000000,5,true,2.0,0.0,2.9663999999999997,0.3056
2,135,"Sleepy , Comfy , Content , Calm , Relaxed",2023-03-22T22:12:32.000000,5,true,2.0,0.0,2.4608,-0.3944000000000001
2,136,"Sore , Tired , Comfy , Relaxed , Fine",2023-03-23T10:47:53.000000,5,true,1.0,0.0,0.5391999999999999,0.1943999999999999
2,137,"Sedated , Comfy , Content , Calm , Sleepy",2023-03-23T15:03:09.000000,5,true,0.0,0.0,1.6103999999999998,-0.4304000000000001
2,138,"Good , Sleepy , Drowsy , Comfy , Calm",2023-03-23T21:25:36.000000,5,true,0.0,0.0,1.9552,-0.2287999999999999
2,139,"Sore , Sleepy , Warm , Content , Relaxed",2023-03-24T11:13:43.000000,5,true,1.0,0.0,0.9391999999999999,0.14239999999999997
2,140,"Sore , Sleepy , Content , Comfy , Relaxed",2023-03-24T15:01:07.000000,5,true,1.0,0.0,1.2111999999999998,0.08560000000000001
2,176,"Relaxed , Rested , Warm , Content , Calm",2023-06-27T15:00:27.000000,6,true,2.0,0.0,2.4896000000000003,-0.24959999999999982
2,177,"Refreshed , Relaxed , Content , Calm , Comfy",2023-06-27T20:00:31.000000,6,true,2.0,0.0,2.9503999999999997,-0.19280000000000008
2,178,"Sleepy , Tired , Comfy , Content , Cozy",2023-06-28T10:16:43.000000,6,true,-1.0,0.0,1.3328,0.06799999999999995
2,179,"Stressed , Annoyed , Edgy , Clean , Tired",2023-06-28T17:29:55.000000,6,true,-1.0,2.0,-1.5936,1.3239999999999998
2,180,"Tired , Sore , Exhausted , Content , Calm",2023-06-29T10:22:22.000000,6,true,1.0,0.0,-0.8303999999999998,0.38880000000000003
2,181,"Content , Calm , Relaxed , Sleepy , Tired",2023-06-29T15:26:13.000000,6,true,2.0,0.0,1.1728,-0.3336000000000001
2,182,"Tired , Sleepy , Content , Calm , Comfy",2023-06-29T21:20:18.000000,6,true,-1.0,0.0,1.2768000000000002,-0.17680000000000007
2,183,"Sleepy , Rested , Sore , Comfy , Calm",2023-06-30T11:59:05.000000,6,true,0.0,0.0,1.2719999999999998,0.04079999999999995
2,184,"Calm , Tired , Content , Comfy , Relaxed",2023-06-30T17:13:09.000000,6,true,2.0,0.0,1.6944,-0.24080000000000013
2,185,"Relaxed , Content , Calm , Comfy , Rested",2023-06-30T20:26:32.000000,6,true,2.0,0.0,2.7616,-0.3064
2,186,"Tired , Sore , Relaxed , Comfy , Content",2023-07-01T10:02:54.000000,6,true,1.0,0.0,0.4448,0.23920000000000008
2,187,"Peaceful , Relaxed , Content , Satisfied , Comfy",2023-07-01T16:47:20.000000,6,true,2.0,0.0,3.016,-0.3639999999999999
2,188,"Happy , Content , Comfy , Calm , Relaxed",2023-07-01T20:55:14.000000,6,true,2.0,0.0,3.0824,0.09360000000000002
2,189,"Calm , Comfy , Warm , Relaxed , Content",2023-07-02T10:44:30.000000,6,true,2.0,0.0,2.7104,-0.24480000000000013
2,190,"Sleepy , Comfy , Relaxed , Content , Shakey",2023-07-02T20:08:41.000000,6,true,2.0,0.0,2.326,-0.2929999999999999
2,191,"Relaxed , Comfy , Productive , Calm , Content",2023-07-03T12:59:27.000000,6,true,2.0,0.0,2.8495999999999997,0.04720000000000013
2,192,"Full , Satisfied , Content , Calm , Comfy",2023-07-03T15:28:20.000000,6,true,2.0,0.0,2.608,-0.15799999999999992
2,193,"Tired , Relaxed , Comfy , Calm , Content",2023-07-03T20:30:41.000000,6,true,2.0,0.0,1.6944,-0.2407999999999999
2,194,"Refreshed , Relaxed , Content , Calm , Chill",2023-07-04T10:04:44.000000,6,true,1.0,0.0,2.8015999999999996,-0.2208000000000001
2,195,"Relaxed , Comfy , Sleepy , Content , Pleased",2023-07-04T15:12:53.000000,6,true,1.0,1.0,2.5631999999999997,0.004000000000000115
2,196,"Tired , Sleepy , Exhausted , Content , Relaxed",2023-07-04T21:59:35.000000,6,true,-2.0,0.0,-0.030400000000000028,-0.03520000000000012
2,197,"Relaxed , Tired , Content , Calm , Peaceful",2023-07-05T11:33:48.000000,6,true,2.0,0.0,1.5936,-0.3904000000000001
2,198,"Full , Satisfied , Relaxed , Content , Calm",2023-07-05T15:54:38.000000,6,true,2.0,0.0,2.504,-0.35399999999999987
2,199,"Hot , Relaxed , Comfy , Content , Calm",2023-07-05T20:03:13.000000,6,true,2.0,0.0,2.868,0.09759999999999991
2,163,"Relaxed , Refreshed , Calm , Content , Comfy",2023-07-06T11:26:59.000000,6,true,2.0,0.0,2.9503999999999997,-0.19280000000000008
2,164,"Happy , Content , Clean , Comfy , Satisfied",2023-07-06T17:15:45.000000,6,true,2.0,0.0,3.1559999999999997,0.44199999999999995
2,165,"Sleepy , Relaxed , Content , Calm , Happy",2023-07-06T22:40:10.000000,6,true,2.0,0.0,2.5608,0.0007999999999999119
2,166,"Focused , Content , Calm , Happy , Relaxed",2023-07-07T12:30:48.000000,6,true,2.0,0.0,2.993,0.1259999999999999
2,167,"Relaxed , Content , Calm , Happy , Pleased",2023-07-07T16:03:28.000000,6,true,2.0,0.0,3.0968,0.33920000000000006
2,168,"Happy , Content , Calm , Pleased , Relaxed",2023-07-07T21:11:09.000000,6,true,2.0,0.0,3.0968,0.33919999999999995
2,169,"Relaxed , Rested , Content , Calm , Comfy",2023-07-08T12:00:30.000000,6,true,2.0,0.0,2.7616,-0.3064
2,170,"Full , Satisfied , Hot , Content , Calm",2023-07-08T17:21:54.000000,6,true,2.0,1.0,2.4000000000000004,0.34099999999999997
2,172,"Sleepy , Relaxed , Content , Calm , Comfy",2023-07-09T12:01:21.000000,6,true,0.0,0.0,2.4608,-0.39439999999999986
2,173,"Tired , Hungry , Relaxed , Content , Bored",2023-07-09T15:18:29.000000,6,true,1.0,0.0,-0.8160000000000001,0.21199999999999997
2,174,"Clean , Refreshed , Hungry , Comfy , Relaxed",2023-07-10T17:44:51.000000,6,true,1.0,0.0,1.784,0.21839999999999993
2,175,"Relaxed , Clean , Comfy , Content , Happy",2023-07-10T21:53:13.000000,6,true,1.0,1.0,3.0056,0.1896000000000001
40,3218,I’m going expenses loss of income due to ORG open project the recent loss of my mother health issues and coping with that it’s hard when you have numerous things to do As I said before I am trying my best to exercise eat healthy and have a open mind sat,2021-06-08T17:17:27.000000,1,false,-2.0,2.0,0.9471304347826088,0.9639130434782609
40,3219,Today I am feeling anxious because I am trying to do something simple as set up a pole and every which way of ways I’m trying to make it right at keeps coming out horrible however I have to try my best until it’s done right I’m not give up,2021-06-09T12:07:16.000000,1,false,-2.0,2.0,1.1568000000000003,0.9117391304347826
40,3233,"Happy , Emotional , Sad , Motivation , Jittery",2022-01-21T10:04:51.000000,2,true,0.0,2.0,1.1112,1.7375999999999998
40,3234,"Happy , Excited , Sad , Bored , Active",2022-01-21T16:04:56.000000,2,true,0.0,2.0,1.0008,1.3168
40,3235,"Funny , Thoughtful , Sad , Happy , Anxiety",2022-01-21T20:02:10.000000,2,true,0.0,2.0,0.7176,1.2664
40,3236,"Beautiful , Happy , Mad , Motivation , Encouraging",2022-01-22T10:04:21.000000,2,true,0.0,1.0,2.0216,1.8712
40,3237,"Sleepy , Hungry , Happy , Excited , Jittery",2022-01-22T15:01:20.000000,2,true,0.0,1.0,0.6903999999999998,1.6696
40,3238,"Tired , Hungry , Thankful , Excited , Cold",2022-01-22T20:01:02.000000,2,true,0.0,1.0,-0.09760000000000013,1.256
40,3239,"Happy , Encourage , Motivation , Anxious , Goals",2022-01-23T10:09:42.000000,2,true,0.0,2.0,1.9880000000000002,1.974
40,3240,"Hungry , Excited , Planning , Happy , Thinking",2022-01-23T15:01:42.000000,2,true,0.0,2.0,1.7559999999999998,1.5008
40,3241,"Full , Happy , Excited , Motivational , Secure",2022-01-23T20:01:12.000000,2,true,0.0,2.0,2.804,1.3576
40,3242,"Empathy , Emotional , Missing , Sad , Happy",2022-01-24T10:03:24.000000,2,true,0.0,1.0,0.8503999999999999,1.0392
40,3243,"Overweight , Anxiety , Emotions , Sad , Positive",2022-01-24T15:11:08.000000,2,true,0.0,1.0,-1.2359999999999998,1.396
40,3244,"Tired , Hungry , Sad , Emotional , Jittery",2022-01-24T20:12:28.000000,2,true,0.0,0.0,-1.5104000000000002,1.3279999999999998
40,3245,"Happy , Excited , Motivation , Encourage , Tired",2022-01-25T11:00:11.000000,2,true,0.0,2.0,2.0408,1.6776
40,3246,"Gym , Workout , Motivation , Happy , Excited",2022-01-25T15:20:00.000000,2,true,0.0,2.0,2.812,2.1736
40,3247,"Calm , Tired , Relaxed , Happy , Excited",2022-01-25T20:01:23.000000,2,true,0.0,0.0,2.0248,0.6623999999999999
40,3248,"Gym , Motivation , Hungry , Exhausted , Happy",2022-01-26T10:02:53.000000,2,true,0.0,2.0,0.3,1.6576
40,3249,"Hungry , Tired , Emotional , Sad , Nervous",2022-01-26T15:01:13.000000,2,true,0.0,1.0,-1.7271999999999998,1.2992
40,3250,"Thoughtful , Happy , Anxiety , Motivation , Tired",2022-01-26T20:01:19.000000,2,true,0.0,2.0,0.45519999999999994,1.3927999999999998
40,3251,"Hungry , Excited , Motivation , Encourage , Happy",2022-01-27T10:02:22.000000,2,true,0.0,2.0,1.9736,1.976
40,3252,"Gym , Motivation , Energy , Excited , Sad",2022-01-27T20:06:00.000000,2,true,0.0,2.0,1.7055999999999998,1.7704
40,3253,"Hungry , EmptionL , Excited , Tired , Calm",2022-01-28T15:16:43.000000,2,true,0.0,2.0,-0.018000000000000016,0.988
40,3254,"Tired , Happy , Active , Motivational , Successful",2022-01-28T20:16:01.000000,2,true,0.0,2.0,2.152,1.5216
40,3255,"Happy , Grateful , Motivated , Energetic , Active",2022-01-29T10:01:14.000000,2,true,2.0,1.0,3.1648,1.832
40,3256,"Cold , Sore , Tired , Sad , Neutral",2022-01-29T15:02:03.000000,2,true,0.0,1.0,-1.9727999999999999,0.6176
40,3257,"Sore , Tired , Pain , Sad , Anxiety",2022-01-29T20:01:13.000000,2,true,0.0,0.0,-2.9904,1.3439999999999999
40,3220,"Cold , Worried , Relaxing , Anxious , Waiting",2022-01-30T10:01:09.000000,2,true,0.0,1.0,-1.0848,1.1864
40,3221,"Full , Excited , Mindful , Loved , Touched",2022-01-30T15:15:02.000000,2,true,0.0,2.0,2.0704000000000002,0.9744
40,3222,"Upset , Angry , Mad , Emotional , Hungry",2022-01-30T20:21:25.000000,2,true,0.0,2.0,-1.9616,2.0296
40,3223,"Happy , Excited , Anxious , Nervous , Motivation",2022-01-31T10:02:57.000000,2,true,0.0,1.0,1.1904,2.316
40,3224,"Hungry , Tired , Sore , Inspiring , Happy",2022-01-31T15:17:13.000000,2,true,0.0,1.0,-1.411,1.392
40,3225,"Tired , Sore , Hungry , Motivation , Excited",2022-01-31T20:22:38.000000,2,true,0.0,0.0,-0.6976,1.6976
40,3226,"Hopeful , Energy , Happy , Sad , Hungry",2022-02-02T22:44:44.000000,2,true,0.0,1.0,1.1063999999999996,1.272
40,3227,"Hungry , Tired , Emotional , Edge , Anxiety",2022-02-03T10:10:37.000000,2,true,0.0,1.0,-1.4848000000000001,1.4448
40,3228,"Happy , Pretty , Overjoyed , Anxiety , Excited",2022-02-03T15:01:22.000000,2,true,0.0,1.0,2.1271999999999998,2.239
40,3229,"Happy , Late , Excited , Hopeful , Adventure",2022-02-03T20:13:43.000000,2,true,0.0,2.0,2.4152,1.5904
40,3230,"Energy , Belief ., Motivation , Active , Happy",2022-02-04T10:17:47.000000,2,true,0.0,2.0,3.2536,1.6792
40,3231,"Happy , Respected , Hopeful , Energy , Active",2022-02-04T15:01:16.000000,2,true,0.0,2.0,3.4215999999999993,1.3904
40,3232,"Happy , Excited , Motivation , Energy , Mindful",2022-02-04T20:05:32.000000,2,true,0.0,2.0,3.1415999999999995,1.9
40,3275,I’m feeling Happy anxiety overwhelmed all at once happens when I am waiting to hear an answer but being hopeful for some good news . Also thinking postally on the news I’m waiting on with good positive results and outcome for my future .,2022-04-22T20:18:00.000000,3,false,0.0,1.0,1.214,0.8985882352941177
40,3276,I am feeling energetic planning on attending the gym for a spin workout class . After the gym I am heading home to get ready to go to brunch with a bunch of friends . I’m very excited \ n about that .   Catching up and eating yummy food seems to be what excites me now on a Sunday,2022-04-23T10:01:00.000000,3,false,0.0,2.0,1.8488000000000002,1.0315833333333333
40,3277,I’m getting ready to going to dinner with my boyfriend I’m hungry And excited to get dressed up and do my makeup .   Then we are meeting with friends for drinks in GPE   should be a fun evening,2022-04-23T15:01:00.000000,3,false,0.0,2.0,1.5744444444444445,1.4152941176470588
40,3278,Tired ! had a nice meeting friends for dinner . Then I did some shopping at ORG for a new blender to do some smoothies for breakfast on the morning . I am feeling a little hopeful loosing some weight,2022-04-23T20:00:00.000000,3,false,0.0,0.0,1.7717333333333336,0.6423076923076922
40,3279,I’m feeling very excited I started planning a fun birthday week . We are going to GPE  and GPE . I am excited to be planning outfits excursions and places to see and go . This will be my first time visiting both places,2022-04-24T10:04:00.000000,3,false,0.0,2.0,2.0665,1.0822222222222222
40,3280,I’m feeling hungry . Getting dressed now to go to the grocery store . Tonight’s dinner will be lemon shrimp scampi .   After dinner we plan on watching a movie . I’m excited for dessert as well . Just looking forward to a relaxing Sunday doing pretty much nothing,2022-04-24T15:12:00.000000,3,false,0.0,2.0,1.5410769230769228,0.7778260869565217
40,3281,I feel tired . I had a nice shrimp scampi dinner . Dinner was delicious . We watched reruns of tv shows after dinner .   For dessert we had special donuts with frosting . Today was a long day I am ready to go to bed and relax,2022-04-24T20:00:00.000000,3,false,0.0,0.0,1.7558095238095235,0.7258181818181819
40,3282,I’m feeling energetic . I have a spin class later on this morning .   I am hoping I get some energy after the class .   I am going to go grocery shopping for the week after the class . I like to get everything out the way,2022-04-25T10:02:00.000000,3,false,0.0,2.0,1.620888888888889,0.8180999999999999
40,3283,I’m feeling hungry and tired .   I’m going to make myself a chicken salad bowl for dinner and I will prep for a few more days .   Once I’m going doing that I will take the dogs out for a walk . It’s still chilly out I look forward to warmer weather,2022-04-25T15:00:00.000000,3,false,0.0,2.0,0.9630476190476189,0.7173636363636364
40,3284,Tired . I had a long day cooked dinner and went to the gym with a intense workout . I got a lot done today which makes me feel good I got a lot accomplished . I’m going to walk my dog and head to bed early tonight .,2022-04-25T20:02:00.000000,3,false,0.0,0.0,1.3275555555555556,0.9803636363636364
40,3285,"Not feeling well today .   I woke up to horrible stomach cramps , so today I will take An easy . During the day , because this evening we are going to a play to see pretty woman . I have not   seen this play before .",2022-04-26T10:08:00.000000,3,false,0.0,0.0,1.672421052631579,0.9769523809523809
40,3286,Excited I’m going with my boyfriend to see a broadway play tonight . This is my first time so I am very excited for that . First we are going to have dinner . My first time getting dressed up in a long time,2022-04-26T15:08:00.000000,3,false,0.0,2.0,1.665777777777778,1.4057894736842105
40,3287,"I’m feeling active watching a broadway play . There is an intermission . I had a nice steak dinner earlier . I going home to bed , I am so tired from all the festivities today . I really enjoyed so far . Haven’t done things like since before covid .",2022-04-26T20:50:00.000000,3,false,0.0,2.0,1.2495555555555553,0.8676363636363637
40,3288,I didn’t sleep well last night so I am feeling very tired this morning .   Once I feel better I am going to shower and get ready to clean the upstairs .   I need to accomplish something today to feel better about myself .,2022-04-27T10:01:00.000000,3,false,0.0,0.0,1.5945999999999998,0.6856190476190476
40,3289,Feeling productive just got done cleaning the bathroom hopefully I can finish cleaning the upstairs fully spring cleaning .   Then I am cooking steak for dinner so I am excited for a yummy meal . I haven’t had steak in while so I’m already hungry for dinner .,2022-04-27T15:04:00.000000,3,false,0.0,2.0,1.4305000000000003,0.8536521739130435
40,3290,I’m actively organizing my kitchen . From the spices to putting the plates in order and to make everything consistent . I’m getting new kitchen cabinets so I’m organizing everything until they come in .,2022-04-27T20:20:00.000000,3,false,0.0,2.0,1.7893333333333332,0.85825
40,3291,"Getting ready . Just got done doing my hair , I still have to do my makeup and find a outfit I actually like .   Meeting an old college friend I haven’t seen in 10 years for lunch .   I’m pretty excited about today .",2022-04-28T10:22:00.000000,3,false,0.0,2.0,1.7699047619047619,0.8305263157894737
40,3292,"Getting ready to cook dinner .   I placed an order to have the food delivered .   I am making salmon with rice and broccoli for dinner , with after dinner cocktails . Then excited to watch a movie later on tonight with a bunch of old friends .",2022-04-28T15:04:00.000000,3,false,0.0,2.0,1.6936,0.6343333333333334
40,3293,I am so exhausted from the day I had . I meal prep and went to the gym and got an amazing workout in and after went shopping at the mall got summer clothes . I had a very active day . I am on chill mode and going to bed early .,2022-04-28T20:20:00.000000,3,false,0.0,1.0,1.6103157894736844,1.1604761904761907
40,3294,I woke up not feeling well . Today I am I am feeling very lazy .   I am going to order food to be delivered . Even though I hate paying the extra fee to have delivered . After breakfast I will take a shower and just relax until I feel better and not push myself .,2022-04-29T10:00:00.000000,3,false,0.0,0.0,1.6281599999999998,0.876
40,3295,I’m really not doing to much right now . I’m still on bed not feeling well .   It sucks when you don’t feel good and you want to do things and you can’t . I will take an easy today and have a fresh start tomorrow . I’m going to take a bath hopefully I will feel better .,2022-04-29T15:28:00.000000,3,false,0.0,1.0,1.8006153846153847,0.6630370370370369
40,3296,"I am feeling a little better . My boyfriend is over he is making me homemade chicken soup , hopefully that makes me feel better .   Tomorrow I have my nieces birthday party u hope I am feeling better for that . The weather is a good so that is a good sign .",2022-04-29T20:00:00.000000,3,false,0.0,1.0,2.398181818181818,0.827
40,3297,I am having a delicious breakfast with my best friend . I am having we are finally seeing each other .   After breakfast we are getting relaxing massages and heading to the nail salon . Fun relaxing girls day . It’s still cold so I will probably stay home tonight .,2022-04-30T10:01:00.000000,3,false,0.0,2.0,1.5481538461538464,0.7441599999999999
40,3298,I’m currently waiting on triple a since my car battery’s died . The only plus to waiting around is that the weather is absolutely beautiful today . I think now we will be doing takeout for dinner versus cooking at home . Hopefully dinner is good then going home to relax .,2022-04-30T15:00:00.000000,3,false,0.0,1.0,1.472,0.7156521739130435
40,3299,I just got home from having dinner . I am so full and tired . I woke up extremely early this morning so I am definitely feeling exhausted now . So I am going to find a good movie and probably fall asleep pretty soon .,2022-04-30T20:03:00.000000,3,false,0.0,0.0,1.1792000000000002,0.9908421052631579
40,3258,I am doing a full spring cleaning today i am doing one room at a time . You never realized how quickly dirt adds up . Once I get the full spring cleaning finished I am cleaning my closet .   Sort out the close and get rid of .,2022-05-01T10:05:00.000000,3,false,0.0,2.0,0.781217391304348,0.5903478260869566
40,3259,Currently watching a thriller movie . Today has been a chill day not doing too much . There is a lot I have to do today and I have not done much at all . Tomorrow is a new start to the week . We shall see .,2022-05-01T15:00:00.000000,3,false,0.0,1.0,1.8504,0.5588888888888889
40,3260,Currently watching a movie . The movie is pretty long . It’s almost over as long as the movie was I truly enjoyed which I normally don’t watch movies . Thinking of going to the store for dessert after the movie .,2022-05-01T20:00:00.000000,3,false,0.0,1.0,1.6666666666666663,0.9223076923076923
40,3261,"I’m not really doing much right now . I just went and got myself a coffee , so I’m sitting down finishing it . After I’m don’s I may do a workout routine to keep myself busy . It’s raining today I will probably stay in .",2022-05-02T10:00:00.000000,3,false,0.0,0.0,1.1039999999999999,0.709125
40,3262,Driving to the car lot to pick up my boyfriend’s car we’ll he is driving . his car broke down yesterday so it’s finally fixed . Heading to dinner after getting the card in the mood for something yummy . Thinking of getting NORP tonight .,2022-05-02T15:01:00.000000,3,false,0.0,2.0,1.2826,0.8521000000000001
40,3263,Getting ready to take a shower .   I have to help my friend read scripts for her acting class later on tonight . Something I don’t like to do at all but I am being a great friend helping . Not sure what I am doing tomorrow .,2022-05-02T20:00:00.000000,3,false,0.0,1.0,1.843058823529412,0.775
40,3264,I woke up late today . I am sitting around having a coffee . I am thinking of what I want to eat for breakfast today . I am trying to go the healthy route the next couple of weeks . I am trying to loose 15 pounds for my birthday in July . If I put my mind into it I can do it .,2022-05-03T10:00:00.000000,3,false,0.0,1.0,1.736421052631579,0.763
40,3265,I’m cleaning at home . I’m trying to tackle one task at a time . I’m trying to do a very deep cleaning . It’s like you start one project and you go to the next . My boyfriend is making dinner tonight . I’m happy I don’t have to do that .,2022-05-03T15:11:00.000000,3,false,0.0,1.0,1.3511111111111112,0.7671818181818182
40,3266,Just got down cooking dinner . I’m laying down relaxing .   I’m probably going to just watch a movie or show . I’m not really in the mood to do much tonight . Tomorrow I plan on doing some shopping for the house .,2022-05-03T20:01:00.000000,3,false,0.0,0.0,1.3715,0.8745333333333334
40,3267,Getting ready to pick my friend up . I have to pick up my friend from the car lot and kill some time while she gets her car fixed . I am going to go to the outlets with her . Hopefully we find some good shopping finds . Then go out for lunch later .,2022-05-04T10:00:00.000000,3,false,0.0,1.0,1.7266000000000001,1.0671666666666668
40,3268,Just got done shopping . I’m sitting in my car finishing a coffee from ORG .   I have ally more organizing to do at home probably do that . After my boyfriend is making baked chicken dinner sounds good .,2022-05-04T15:31:00.000000,3,false,0.0,1.0,2.0662222222222217,0.6872941176470588
40,3269,Getting ready to take bath . I’m so tired I did slot of errands today . After that I will probably find a good movie and go to bed early . The robot vacuum is helping me clean . I’m thankful I don’t have to do that part of cleaning .,2022-05-04T20:00:00.000000,3,false,0.0,0.0,1.3132727272727271,0.6679999999999999
40,3270,I’m reading different articles on a healthy cleanse something I can actually follow through on more than an hour . After doing this I am going for a run and then I will come home to get ready for work .,2022-05-05T10:00:00.000000,3,false,0.0,2.0,1.5178823529411767,0.7156250000000002
40,3271,Just got done studying my new cleanse to see what I need to eat and drink and what I shouldn’t .   My boyfriend is making fish for dinner tonight . Today is day one of my cleanse and I feel great so far which is a good feeling to have starting something new .,2022-05-05T15:03:00.000000,3,false,0.0,2.0,1.8955999999999995,0.6969000000000001
40,3272,Currently looking for a pair of sneakers online . Can’t decide on the kind or color I want to jog and do every day errands in . After this I will head upstairs and prep for tomorrow and get clothes ready .,2022-05-05T20:06:00.000000,3,false,0.0,2.0,1.3532631578947367,0.7522500000000001
40,3273,I got dressed and ready for my run . I am currently having breakfast now . I think after breakfast and my run I will do some decor house shopping . I like to go to thrift stores also it’s just a long day digging to find goods .,2022-05-06T10:00:00.000000,3,false,0.0,2.0,1.8606315789473682,0.8323809523809523
40,3274,I’m feeling energetic I went to the gym I did a couple miles this morning . I organized the bathroom closet . Now I am getting ready to prepare dinner . It’s also Friday so that makes me happy . Not sure what I am doing tonight yet . It’s also raining .,2022-05-06T15:55:00.000000,3,false,0.0,2.0,1.73875,1.0084
40,3317,I am feeling happy . I went to a charity event today . It was a lot of fun and lots of funds were raised which makes me very happy . I am so tired I am looking forward to going to bed now . I am starting vacation next week it gives me something to look forward to .,2022-08-29T20:44:14.000000,4,false,0.0,2.0,1.8199999999999998,0.8099999999999999
40,3318,I started boxing up clothing in my house to pack . I keep catching myself over pack things I no longer need . Many sentimental memories that are just hard to throw away priceless items . I am moving along though .,2022-08-30T10:00:16.000000,4,false,0.0,2.0,0.8280000000000002,1.0508421052631578
40,3319,Just landed in GPE for vacation .   I am very happy to be in GPE although it looks like raining weather all week .   I look forward to working out outside and think nice walks on the beach .   The ocean is so beautiful here compared to back home :,2022-08-30T16:40:14.000000,4,false,0.0,2.0,1.8952380952380954,0.7577894736842106
40,3320,I just arrived in LOC  GPE . Just had the most delicious steak dinner .   It came with sweet potato’s . I am very tired from flying all day . I am looking forward to getting a good nights sleep . I would like to go to the beach early .,2022-08-30T20:14:29.000000,4,false,0.0,2.0,1.7690000000000001,0.7587777777777778
40,3321,I very happy on vacation mode .   Went for a five mike walk today . We walked to a wonderful breakfast place on the island . Soon we will be walking back up the hotel to enjoy the sun until the rain comes . There is a lot of rain showers .,2022-08-31T10:06:29.000000,4,false,0.0,2.0,1.6338333333333328,0.8276521739130435
40,3322,I just went on a walk on the beach . Relaxing now . Figuring out what to do for lunch today . After lunch I most likely will take a nap I feel so tired but I am truly enjoying myself which is so important for my mind body and soul .,2022-08-31T15:28:00.000000,4,false,0.0,2.0,1.86,0.7406
40,3323,I am still enjoying vacation . Also today is my anniversary with my boyfriend . We just had the most amazing NORP dinner in LOC  . Looking forward to my pajamas and going to sleep Early again . The sun really tires you out .,2022-08-31T20:20:10.000000,4,false,0.0,2.0,2.147764705882353,0.9144285714285715
40,3324,I just had the most amazing breakfast . We had breakfast at the hotel we were going to walk a few miles . So we decided let’s have a convent morning and stay .   I am going to try getting less sun today before I have too much .,2022-09-01T10:11:12.000000,4,false,0.0,1.0,1.6420000000000001,0.9915652173913043
40,3325,I’m having a aggravating day . But now I am going to relax in the pool . I had lunch a little while ago it was not the best lunch . The food was undercooked . I am looking forward to having a nice dinner . We are going to go later so we can enjoy more pool time .,2022-09-01T15:06:05.000000,4,false,0.0,1.0,1.5881818181818184,0.8119259259259258
40,3326,I just had an amazing dinner again as the same restaurant as last night . It was that good we went back again . I’m tired the sun is very tiring . Tomorrow we are leaving in so said but it was fun . I look forward to coming back . Also getting sleep .,2022-09-01T20:05:12.000000,4,false,0.0,1.0,0.845076923076923,0.8703703703703705
40,3327,I woke up feeling tired and stressed thinking about my move . However I do look forward to decorating and starting new memories . It’s crazy to think a month from now I will be in a new home . Also I hope I find a home with a pool in it .,2022-09-02T10:00:45.000000,4,false,0.0,0.0,1.5198461538461538,0.85075
40,3328,Getting dressed to go on a five mile walk . I am really starting to enough walking per day to enjoy it . I like walking to enjoy my dinner and what I am going to eat calories wise . It makes you think before having dessert and messing the diet up . It’s a hard battle to watch each day . I like the progress I have made .,2022-09-02T15:00:42.000000,4,false,0.0,1.0,1.4545000000000001,0.9882962962962963
40,3329,Tonight is my friends birthday . There is about 20 of us celebrating dinner tonight .   Tonight I am eating dinner and dessert . There is such a big lay out . Food makes me so happy it makes me laugh . I look forward to laughs and good times .,2022-09-02T20:15:55.000000,4,false,0.0,2.0,2.8720000000000003,1.0024210526315789
40,3330,Just had breakfast .   I am so tired for some reason today . I hate days like that where you want to do so much but you just don’t have the motivation . I’m looking forward to relaxing later on already and it’s only the morning right now . Maybe I will have a burst of energy .,2022-09-03T10:00:39.000000,4,false,0.0,2.0,1.3159999999999998,0.8426363636363636
40,3331,I’m feeling happy and positive with moving into a new home . I bought some new linens today and candles . It’s a start for the new home . Today I am meeting my friends from college for dinner I haven’t seen in 10 years looking forward to the dinner later on .,2022-09-03T15:01:02.000000,4,false,0.0,2.0,2.2356190476190485,0.6184444444444444
40,3332,Currently I am very relaxed . I am enjoying the pool and jacuzzi . Looking forward to watching the ORG  and ORG  football game . ORG  is ranked number five in the country while ORG  is number two in the country .,2022-09-03T20:01:13.000000,4,false,0.0,2.0,1.4839999999999998,0.597
40,3333,I am feeling totally relaxed this beautiful morning . I had a very restful sleep last night and woke up with a great start to the day . I am getting ready to go shopping at the outlets . I am looking for a new outfit for this evening with my friends .,2022-09-04T10:03:45.000000,4,false,0.0,2.0,1.903090909090909,0.6528421052631578
40,3334,"I feel very happy . It’s a beautiful day , the sun is shining and I’m getting ready to have dinner with close friends . I haven’t seen them in awhile so there should be a lot of laughs . My cousin and his wife are coming as well . They recently had a baby girl .",2022-09-04T15:00:52.000000,4,false,0.0,2.0,1.7796666666666663,0.8592380952380952
40,3335,Just relaxing . I’m sitting on my front porch waiting for my college friend to come over the house and join me in relaxing on this Labor Day weekend . It was a crazy summer but I still has a lot of fun . Not looking for to the winter .,2022-09-04T20:07:30.000000,4,false,0.0,1.0,1.2436190476190474,0.4736190476190476
40,3336,I’m deciding what I want to make myself for breakfast . I woke up tired today . I couldn’t sleep well last night . I ended up watching a few shows . By the time I went to bed it was almost 1am . Today is Labor Day party .,2022-09-05T10:12:07.000000,4,false,0.0,0.0,1.0569090909090908,0.82775
40,3337,I’m currently at a Labor Day party . Enjoying time with friends and family . Since GPE you really have to enjoy times like this . It’s all almost 100 degrees today . The pool feel like a bathtub . I am fortunate to be in a pool .,2022-09-05T15:36:36.000000,4,false,0.0,2.0,2.049684210526316,0.7656842105263157
40,3338,Just had an amazing dinner . We went to an NORP restaurant . I had chicken parmigiana with pasta . After dinner we had ice cream . It was really good . Tomorrow starts my diet so I ate what I wanted today . Tomorrow is a new day .,2022-09-05T21:50:23.000000,4,false,0.0,2.0,1.7909473684210528,0.6943
40,3339,I   organizing my clothes for the work week . I like to be organized I feel like my mornings start off better if I am prepared . After that I am going to make pancakes for breakfast . That is something I never make . It will be nice for a change .,2022-09-06T10:00:54.000000,4,false,0.0,2.0,1.6798095238095236,0.7239130434782608
40,3340,Today I am pretty aggravated dealing with my insurance company . I have serious mold issues in my condo and the insurance company is dragging their feet in attempting to resolve the issues . I have contacted my attorney to see what my rights are .,2022-09-06T15:26:31.000000,4,false,0.0,2.0,1.0592500000000005,0.6824705882352942
40,3341,I am currently feeling relaxed . Finally . I had a hectic day dealing with the insurance company regarding the mold in my condo . I still need to touch base with them in the morning and try to get a resolution to the mold problem .,2022-09-06T20:00:44.000000,4,false,0.0,1.0,0.7393684210526316,0.5404210526315789
40,3300,It’s been a distracting morning . My boyfriends email was hacked and our phones are ringing nonstop . It’s been one thing after another this morning . If things get better I may have motivation to go for a walk . My motivation is low to do anything at the moment .,2022-09-07T10:00:58.000000,4,false,0.0,1.0,1.1023999999999998,0.5926086956521738
40,3301,I am trying to help my boyfriend who’s email was hacked . I am trying to help him . He has a old email address it’s very distracting . I hope I can get this resolved for him today . We had a long morning .,2022-09-07T15:01:07.000000,4,false,0.0,2.0,1.59325,0.65125
40,3302,I am still very frustrated with the mold issue in my condo . I have never encountered anything like this . The insurance company is still dragging their feet . Hopefully this can be resolved soon as I can accumulating a huge credit card bill .,2022-09-07T20:03:41.000000,4,false,0.0,2.0,0.3943636363636363,0.5536190476190477
40,3303,I am feeling overwhelmed this morning . My email account was hacked yesterday and I’m trying to contact as many people as possible to let them know I didn’t send those crazy emails . This is becoming a nightmare . The hackers sent disturbing emails to many of my friends .,2022-09-08T10:08:06.000000,4,false,0.0,2.0,0.36399999999999993,0.867625
40,3304,I’m feeling a lot better now . I hired an attorney to handle my insurance case . I am also having an early dinner with my love . He is so handsome . He ordered for me . Simply amazing . Tomorrow he has planned a wonderful day at the beach . \n .,2022-09-08T15:55:21.000000,4,false,0.0,2.0,2.1220869565217395,0.8724000000000001
40,3305,I am very anxious . I was just told by my realtor the deposit check for my home was not received . Not it’s a waiting game until tomorrow . We shall see still waiting on the adjuster to come out for the condo . It has been one thing after another this week . I am look forward to a fresh start this week .,2022-09-08T20:04:36.000000,4,false,0.0,1.0,0.67632,0.5568387096774194
40,3306,Just had breakfast with my boyfriend . We have a lot to do this morning . There is still the mold issue in the condo we have to have taken care of . Hopefully today is a better day with good news . It’s been a very stressful week .,2022-09-09T10:01:16.000000,4,false,0.0,2.0,1.2688333333333337,0.744
40,3307,I just went for a swim . Trying to enjoy the last few days of summer weather . I am looking forward to the cool morning and nights breezes . I hate the winter and snow . That’s something I should be to by now .,2022-09-09T15:08:06.000000,4,false,0.0,2.0,1.2427500000000002,0.7861333333333334
40,3308,Just got done cleaning . I am supposed to meet my friend tomorrow for breakfast . I am really looking forward to that hopefully tomorrow we can go somewhere else . I have to work tomorrow I am looking forward to seeing my coworkers .,2022-09-09T21:17:27.000000,4,false,0.0,2.0,1.8073684210526313,0.8746666666666667
40,3309,Just went to the gym had a very nice work out . I design a workout plan on which area I like to work out each time I go to the gym . I am excited I am looking forward to a transformation I have to remember it won’t happen overnight .,2022-09-10T10:03:18.000000,4,false,0.0,2.0,1.5379047619047614,1.068909090909091
40,3310,I am looking forward to the holiday gala end of summer I am going to . I did my hair and make up and I have a very pretty dress I am looking forward to a good time meeting new people and maybe new friends . Tomorrow I have to work so I will enjoy tonight .,2022-09-10T15:34:40.000000,4,false,0.0,2.0,2.1046400000000003,0.8833913043478261
40,3311,I am feeling great tonight . We are at a fundraiser . The entertainment is a four seasons tribute group . The food and appetizers are wonderful . Can’t wait for the second act . The lead is supposed to be as great as PERSON  .,2022-09-10T20:17:43.000000,4,false,0.0,2.0,1.1324444444444444,0.9369473684210526
40,3312,I woke up in a great mood today . My boyfriend and I went to breakfast I treated myself and had pancakes with chocolate chips and with cream . Later on this morning we will go for a 5 mile jog . If I have time I will go home and clean the house .,2022-09-11T10:46:04.000000,4,false,0.0,2.0,1.9216000000000002,0.8067826086956522
40,3313,I have work later on tonight I am going to the grocery store to mail prep for the week . I like to have things ready and an order to grab for work this way I am all set . I would like to also plan on going to the gym tomorrow morning and having a go to work out .,2022-09-11T15:08:16.000000,4,false,0.0,2.0,1.4193684210526314,0.8345384615384615
40,3314,Today is a good day at work I have been very busy it is now slowing down .   \nI am looking forward to going home taking a shower and doing my nails later on tonight . I have a very pretty nail polish I am looking forward to using .,2022-09-11T20:03:57.000000,4,false,0.0,2.0,1.3246315789473684,0.5618947368421052
40,3315,I am still working with their insurance on an insurance claim was the amount of mold in the home . There is several phone calls that I have to make today including the adjusters and the insurance . Hopefully I make some accomplishments with my phone calls today .,2022-09-12T10:03:07.000000,4,false,0.0,2.0,1.2956190476190477,0.52
40,3316,I got a lot done today . I made several phone calls to the adjuster for the mold issue at the condo hopefully I have some new news that will generate this issue . Tomorrow I am off from work I plan on relaxing .,2022-09-12T15:47:35.000000,4,false,0.0,0.0,1.0685714285714287,0.9093636363636364
40,3359,I just got down cleaning up from dinner . I’m just relaxing then getting ready for working in the morning . I feel motivated because there is a lot of things to be happy about . Tomorrow I will be doing some shopping for the house .,2023-03-08T21:02:32.000000,5,false,0.0,2.0,1.7895238095238095,0.8153636363636363
40,3360,"I am feeling somewhat active today . I really didn’t get much sleep last night . I hate nights like that .   tossing and turning . Later on , I am going for a walk on a beautiful trail or something . I am looking forward to today .",2023-03-09T10:01:16.000000,5,false,0.0,1.0,1.1856000000000002,0.8167368421052631
40,3361,I just got home . I did some grocery shopping and doing some shopping for the house . I am going to go back to organizing my closet later on tonight . I look forward to the outcome .. I bought hangers that I desperately need it . Then his TV relaxing .,2023-03-09T16:30:30.000000,5,false,0.0,2.0,1.3112000000000001,0.8810434782608696
40,3362,I’m getting ready for bed I had a very long day at work I have a headache . I am going to take a nice hot shower with the lavender hopefully it well these trust me and make me feel better . I still have to organize my closet tomorrow .,2023-03-09T20:13:11.000000,5,false,0.0,0.0,1.791652173913043,0.81344
40,3363,I woke up with a bad headache today . I’m just relaxing for now . I have to work later on this morning .   Tomorrow I’m off . I plan on meeting at this beautiful restaurant named ORG it’s bright and pretty . I love it there .,2023-03-10T10:04:01.000000,5,false,0.0,0.0,1.4692727272727273,0.9997
40,3364,At work it’s been a very busy day . I served a very nice family . I love meeting new people and interacting . That’s the best part of my job . I am looking forward to being home before the major snowstorm later on this evening .,2023-03-10T15:12:04.000000,5,false,0.0,2.0,1.5506666666666664,0.7097894736842105
40,3365,"I just got home from work . I am very tired . I had a very long day . I am going to go home . Give my dog a bath and go to sleep early .. \ntomorrow I am furniture shopping for the house . I love shopping for furniture , so I’m very excited about that ..",2023-03-10T20:07:48.000000,5,false,0.0,2.0,1.7259047619047623,0.7
40,3366,I just took a shower and got dressed . I am currently getting ready for work . I am still trying to organize my room . I keep pulling out more pens which means more stuff . Then relaxing hopefully when this is done .\ nHope to have the organization done by the end of this weekend .,2023-03-11T10:08:38.000000,5,false,0.0,2.0,1.6417142857142857,0.7528888888888888
40,3367,I just got home from work . \nI am going to go grocery shopping . There is nothing in the house . I will also go to ORG  . I wanted to look at the grills after that I’m going home and going to sleep . I had a long day .,2023-03-11T16:03:19.000000,5,false,0.0,1.0,1.6839999999999997,0.8054736842105263
40,3368,I just got home a little while ago from doing errands . I am looking forward to relaxing and not doing much . I having McDonald’s for dinner tonight . I am so looking forward to yummy fast food . I got a Big Mac and nuggets . Also some fries .,2023-03-11T20:27:04.000000,5,false,0.0,2.0,2.0578461538461537,0.8681333333333333
40,3369,I had a very busy morning trying to book my flights for PERSON . I’m going in may to a bachelor party . I’m very excited . I’m going to go to work soon . Then come back and relax the rest of this Sunday . I like to relax on sundays especially in the morning .,2023-03-12T11:19:27.000000,5,false,0.0,2.0,1.7151999999999998,0.6648
40,3370,I’m at ORG  having a coffee . My car is giving me problems . I need to bring it to my mechanic as soon as possible and have them analysis the problems . The car keeps skipping especially when I try to accelerate . I’m afraid the it’s going to shut down on me and I’ll have to get a tow .,2023-03-12T15:48:01.000000,5,false,0.0,2.0,0.7002105263157894,1.070095238095238
40,3371,"I just got done cleaning . I clean the house thoroughly today . I I am so tired . I cannot wait to go to bed . I am off of work tomorrow in the morning . I am going walking . We are getting a bad snow storm . I hope it’s not as bad as they say it is , I do not want to deal with us now . Just happy I don’t have to drive in it .",2023-03-12T21:59:50.000000,5,false,0.0,0.0,0.8526060606060607,0.8744242424242423
40,3372,"I am getting ready to go to the grocery store . We are expecting a huge storm . It’s also very cold out , so I am pretty sure the snow will happen . You never know if I will or will not come then I plan on doing some errands . Nothing crazy I just want to make sure I have food in the house because we will be stuck home for a couple days .",2023-03-13T10:03:16.000000,5,false,0.0,2.0,0.942888888888889,0.8738857142857143
40,3373,I just went to the grocery store . I bought stuff to make chicken soup for the storm for the evening . I am hungry now I am going to ask my boyfriend what he wants to have for lunch . Hopefully he would suggest cooking some thing it’s pretty cold out so I’m not doing much .,2023-03-13T15:06:51.000000,5,false,0.0,2.0,0.9845217391304347,0.9436190476190476
40,3374,"I am relaxing , watching TV with my boyfriend . We went to the grocery store and bought food for the storm . We also picked up his car today which was fixed . We were both relieved to have an extra vehicle back . Just relaxing the rest of the night . Not much to do it’s very cold .",2023-03-13T20:05:57.000000,5,false,0.0,0.0,1.494814814814815,0.9380000000000001
40,3375,The snow and I’m coming . I am happy I don’t have to work today . I am going to shovel my driveway . I know it’s weird but I like to shovel as I got to work out . It’s very cold and windy . Today is a better cold snow day . I am just happy to be home tomorrow I have to work so I will relax as much as I can today .,2023-03-14T10:09:18.000000,5,false,0.0,2.0,1.4766249999999999,0.8118125
40,3376,I’m just organizing I’m not leaving . The house is still snowing . The snow is gone bad but there is some flurries is stuck a little bit . There was a lot of cancellations today because of the weather I don’t like driving in bad weather so I will just stay home . Probably organize stuff .,2023-03-14T15:54:34.000000,5,false,0.0,0.0,0.4165000000000001,0.5559999999999999
40,3377,Still relaxing still snowing out .   I’m going to be taking a shower and go to bed soon .   I’m hungry but instead of snacking I’m going to exercise a little bit . I have an event the end of the month I like to be prepared for .   So I will be watching what I eat the next two weeks .,2023-03-14T20:10:16.000000,5,false,0.0,0.0,0.7865454545454544,0.49116666666666664
40,3378,I woke up feeling very anxious . I am having issues with the heat in my house . The heater is making very loud and banging sounds throughout the night . It is very hard to have a good sleep . I might take a nap early tonight before I go to work that is pretty much at .,2023-03-15T10:08:13.000000,5,false,0.0,1.0,1.1223636363636362,0.9905833333333334
40,3379,I had a very busy day . I am on break having a boost bowl which is a protein bowl . It’s good and healthy . I am meeting an old friend . From college later on . It’s very cold out there’s not much I would like to do in the cold weather . Other than eat and watch a really good movie .,2023-03-15T15:03:09.000000,5,false,0.0,2.0,1.32928,0.6583636363636364
40,3380,I just got home and I started cooking dinner . I mean pasta with homemade sauce with meatballs . I am going to go organize my closet again . I made a lot of progress . I am tired . I will be going to sleep soon . The hour change really messed me up .,2023-03-15T20:01:13.000000,5,false,0.0,1.0,1.2037999999999998,0.9148571428571428
40,3381,I’m at the gym right now I just finished a spin class I plan on going to the gym three times a week it feels really good once your hair and getting a workout in . I am leaving soon . Then heading to work i kinda have a busy day today . But happy I went to the gym !,2023-03-16T10:05:44.000000,5,false,0.0,2.0,1.2382608695652173,0.914074074074074
40,3382,"I had a very busy day I went to the gym . I am feeling very active , so I am getting as much done as possible today and when I get home from work , I am hoping to have a good dinner and I am really been doing good on my diet , so I want to keep up the good work .",2023-03-16T15:15:37.000000,5,false,0.0,2.0,1.7604800000000005,0.88375
40,3383,I just got home . I’m ready to go to bed . I am very tired . I am also hungry too . I got some pictures to hang up in my room . I look forward to doing that maybe II just got home . I’m ready to go to bed . I am very tired . I am also hungry to . I got some pictures to hang up in my room . I look forward to doing that maybe over the weekend . For now I am just relaxing till until bed .,2023-03-16T20:13:35.000000,5,false,0.0,1.0,1.057806451612903,0.8568
40,3342,I feel very active today . I have been moving around furniture since 6 o’clock in the morning . I don’t mind it because I feel like it’s a good work out . I have to go to work later on for now I am just relaxing until then it’s still very cold out .,2023-03-17T10:23:01.000000,5,false,0.0,2.0,1.5540952380952382,0.61625
40,3343,I just did my hair and make up I’m getting ready for work and felt good to do my make up and make myself feel pretty . I figured why not . It’s the weekend so I didn’t . I am going to dye my hair later on tonight and needs to be done so bad I look forward to doing it .,2023-03-17T15:28:38.000000,5,false,0.0,2.0,1.5753333333333337,1.055777777777778
40,3344,I had a busy night at work . I don’t feel the greatest . I’m looking forward to going home and going to sleep early tonight . Tomorrow I have a baby shower I plan on attending \n . Doing errands for the house that’s about it .,2023-03-17T20:06:28.000000,5,false,0.0,2.0,1.7253333333333338,0.766888888888889
40,3345,I’m out having breakfast with my boyfriend . I trying to be healthy but it’s so hard when you have yummy breakfast choices . Today I’m going to do some stuff around the house . There is slot to do you .   My bf is going to the store later to make steaks on the grill .,2023-03-18T10:00:53.000000,5,false,0.0,2.0,1.4986666666666666,0.8178
40,3346,"Cooking on the grill tonight we decided on having filet mignon , shrimp peppers and onions and potatoes . afterwards we will relax and watch a movie . We decided to stay home tonight and not do much .   I am very happy .",2023-03-18T17:20:16.000000,5,false,0.0,2.0,1.5184444444444445,0.9782105263157894
40,3347,"Currently , I am planning a trip with my boyfriend to GPE . We are both trying to see what dates work best with our schedule . \nWe are going in April . I can’t wait . It’s so cold \nin GPE . It’s spring but it’s very cold and windy and makes it feel like winter .",2023-03-18T20:12:32.000000,5,false,0.0,2.0,0.9708235294117648,0.9382105263157895
40,3348,"I am going to go to ORG and buy some dishes , glasses , and silverware for the house . \nThen we will go look for a patio furniture . I’m not sure which work I would like to go with their as many options . probably which is more affordable .",2023-03-19T10:02:47.000000,5,false,0.0,2.0,1.4986666666666664,0.6973684210526316
40,3349,I am relaxing eating and watching tv . Just having a small snack . I am planning what to have for dinner . Not sure what to have I am craving NORP food . However I would have to stay away from the carbs . Trying to stay good on my diet .,2023-03-19T15:01:01.000000,5,false,0.0,1.0,1.5305263157894737,0.43999999999999984
40,3350,I’m getting ready for bed . I had a very long day I organize a lot and I did a lot of moving around the house so my body is sore and tired . I died my hair jet black my favorite color for my hair . I love it for the spring time I was very nice tomorrow I have work and nothing much going on .,2023-03-19T21:05:44.000000,5,false,0.0,2.0,0.9250370370370369,0.7454375
40,3351,I woke up early and went to the gym . I had a hour workout that had a protein shake before I came home . I then went to the park to take my dogs for a walk . I had a very active morning . Heading to work soon hopefully the day goes by fast .,2023-03-20T10:09:48.000000,5,false,0.0,2.0,1.5918095238095238,1.187304347826087
40,3352,I’m getting ready to hang up photos of my room . I just went shopping for home decor . I am thinking of what designs I will like to design the house while there is many options . I don’t know if I want floral or leopard print . It,2023-03-20T15:39:50.000000,5,false,0.0,2.0,1.6806315789473683,0.7753333333333333
40,3353,I am doing a little online shopping for a house . I love somebody designs . I love the silver mero work and Crystal requests and glamour . I am going for this is the first time I ever decorated my life . My mom has always done it .,2023-03-20T20:37:23.000000,5,false,0.0,2.0,1.860941176470588,0.8718823529411764
40,3354,I am currently moving furniture around . I am returning a piece of furniture I ordered . And decided to buy something now . It’s very hard of decorating a house and happy stressful . Today I am going to dinner with my brother-in-law and sister-in-law . That should be a lot of fun .,2023-03-21T10:02:28.000000,5,false,0.0,2.0,1.2538823529411767,1.0376
40,3355,I am at the nail salon getting my nails done . Very relaxing and soothing . I love getting beauty treatments done . I’m going to get my eye lashes done sometime this week . I also have to start saving money .,2023-03-21T15:00:46.000000,5,false,0.0,2.0,1.3151578947368423,0.8479
40,3356,I had dinner with brother and sister and law . We had a delicious dinner at a new NORP restaurant . I was very statistics with my meal .   I would definitely eat there again . I look forward to new restaurants . I like NORP the most for different flavors .,2023-03-21T20:27:54.000000,5,false,0.0,2.0,2.0827999999999998,0.796875
40,3357,I just took a shower . I am trying to organize the house before I leave for the day . I am going to take my dogs for a walk . Spring is here so I am trying to enjoy the beautiful weather . We have weed in months for . It’s close by a lot better than the snow .,2023-03-22T10:00:53.000000,5,false,0.0,1.0,1.5799999999999998,0.7851578947368422
40,3358,Heading to work now . I hope a nice day is to come . I also hope that I am very busy and I make very good money today and meet lovely people tomorrow I am off . I am looking forward to being off from work and relaxing . it’s still pretty cold out went through some stuff around the house .,2023-03-22T15:01:40.000000,5,false,0.0,2.0,1.550206896551724,0.5830769230769229
40,3398,"Today is a cold summer day . I am working to find a wedding dress to wear to my friends weekend wedding . I am not feeling my best weight wise so it’s not fun shopping when you feel that way . However , if they give me motivation to start my diet this last week and exercise something I have not been consistent work for sometime now .",2023-06-22T10:35:44.000000,6,false,0.0,2.0,1.6670967741935485,0.8232941176470588
40,3399,"I am currently taking a break . I got a lot done earlier today organizing and finding a dress for the wedding . I am happy . I found some thing he says it was very stressful not knowing what to wear . I just have to figure out what shoes I should wear to the wedding that one girl with the dress . After work , I like to buy a pocketbook and accessories .",2023-06-22T15:05:38.000000,6,false,0.0,2.0,1.3247741935483872,0.8600645161290323
40,3400,I just got home . I am going to take a shower and relax . I feel like I had a very long day and I has been busy . Tomorrow I am off . I am looking forward to doing a lot of errands . I am going on a cruise next month to celebrate my birthday . I hope I can find some dresses for air up and dress and a nice NORP style .,2023-06-22T20:27:22.000000,6,false,0.0,1.0,2.0252307692307694,0.8569285714285715
40,3401,I am currently organizing a bunch of dresses I no longer want . I am saying to myself . When was the last time you were any of this effort has been more than two years . I am putting it in my donation pile . Sometimes keeping old clothes could be pressure .,2023-06-23T10:23:07.000000,6,false,0.0,2.0,0.9307692307692309,0.5792222222222223
40,3402,My friend dropped off Chick-fil-A for me to have for lunch . It was so good and tasty . I feel like taking a nap now I am messed up on my diet but it’s OK . I am thinking of a diet plan that would be the easiest for my lifestyle changes very hard at times .,2023-06-23T15:04:41.000000,6,false,0.0,2.0,1.3634285714285714,0.7694166666666666
40,3403,I just got home . My cousin invited me to dinner to celebrate her birthday . I just have to get ready . The weather is crappy it’s maintained me feeling lazy like I don’t want to do anything it’s pretty cold also .,2023-06-23T20:02:45.000000,6,false,0.0,2.0,1.6998000000000002,1.064
40,3404,I had a busy morning . I took my dog for a walk down and saw it raining so we had to hurry back home . I am going to go get a coffee right now . It is very much needed after this morning . That rain isn’t helping it’s making me tired . today my friend from GPE  is coming to visit and a wedding this weekend .,2023-06-24T10:07:31.000000,6,false,0.0,2.0,1.0153846153846153,0.8082962962962963
40,3405,Trying to see what time my friend will be coming today from GPE  . Tomorrow is the wedding and I haven’t felt good about myself so I hate dressing up . I think it’s giving me anxiety thinking about it . Monday is the gold tournament after work .,2023-06-24T15:18:29.000000,6,false,0.0,2.0,1.3836363636363638,0.9485454545454546
40,3406,I just got home . I am very tired . I am sitting on the deck enjoying the sunlight a little longer until it gets dark . I am probably going to go to bed early tonight . Tomorrow is the wedding so I have to prepare myself for a long day tomorrow .,2023-06-24T20:03:39.000000,6,false,0.0,2.0,1.1428888888888886,0.6988181818181818
40,3407,I just got out of the shower . I am getting dressed . I have to pick my friend up from the train station this morning . There is a lot we have to do yet . I still have to find a pair of shoes for the wedding . The wedding is until 5 PM but until then it will be a rush all day .,2023-06-25T10:06:39.000000,6,false,0.0,2.0,1.5918333333333337,0.941
40,3408,"Getting ready to drive for the wedding . We are going to look for somewhere to use the bathroom . Before we started driving the drivers over an hour long , we go pick up our friend on the way . I should be a fun night and a long night ahead of us .",2023-06-25T15:16:01.000000,6,false,0.0,2.0,1.2662857142857145,1.078
40,3409,I’m currently at my friends wedding we just had dinner . Now we are dancing . After the wedding we are going to the hotel to continue to have some fun . It’s a very beautiful acceptance and beautiful day . I am very happy to be here .,2023-06-25T20:27:20.000000,6,false,0.0,2.0,2.034666666666667,1.3262105263157895
40,3410,I am taking an easy today . I really don’t feel my greatest . The weather is off that’s why I feel not well . We are going to a golf tournament later on today . For a charity . I hope I feel better later on today .,2023-06-26T15:00:43.000000,6,false,0.0,2.0,1.9393684210526319,0.9235
40,3411,"I am currently feeling full . I just had dinner at a charity event . The food was amazing . They had pasta , fish , boneless short ribs , and filet . They also had all kinds of desserts . Ice cream , cake , donuts , and apple pie .",2023-06-26T20:00:56.000000,6,false,0.0,1.0,1.687058823529412,0.4582222222222222
40,3412,I am getting ready to leave for work . I just walked . My dog is still raining outside and it is so cold for a summer . I am looking forward to going on my cruise and a few weeks . This is some thing I have planned for a long time . I’m excited for new adventures and new people to meet .,2023-06-27T10:03:48.000000,6,false,0.0,2.0,1.454260869565217,0.8248571428571428
40,3413,I have I have had a busy day . I ran around all morning . I went to the gym then I came back home and worked out again . I’ll before work .. tonight my friend is visiting from out of town . I haven’t seen her in 15 years . I can’t wait to see her after so long .,2023-06-27T15:16:34.000000,6,false,0.0,2.0,0.5535238095238094,0.5662857142857143
40,3414,"I am sitting outside , relaxing . I just got home from work . Tomorrow is another busy day for me . I have a lot of things to do in the morning before I go to work . I look forward to the weekend I am off I have been on the constant go with barely any sleep .",2023-06-27T20:10:17.000000,6,false,0.0,2.0,1.380695652173913,0.44684615384615367
40,3415,Today is another rainy day . I wanted to take my dog for a walk today but I couldn’t . I have to go to work later on tonight so I will do what I can in the house until then . Today is a very gloomy day . I don’t feel like doing anything . I am looking forward to the weekend of being off and doing nothing . I want one weekend to relax .,2023-06-28T10:08:32.000000,6,false,0.0,1.0,1.184933333333333,0.5820689655172414
40,3416,"I don’t feel great today . I woke up feeling a little while say and as a day is going on I feel worse . I hope I feel better later . If I don’t feel better , I will go home sick . I hate when I don’t feel my greatest . Still looking forward to the weekend .",2023-06-28T15:10:28.000000,6,false,0.0,2.0,1.4476923076923076,1.0109285714285714
40,3417,I just got home . I still don’t feel that great . I will be going to bed early after I meal prep my food . I can’t wait for the weekend to come . I just need time to myself and relax . Tomorrow I work . The weather is supposed to be nice .,2023-06-28T20:05:58.000000,6,false,0.0,2.0,1.5213846153846156,0.65632
40,3418,I’m getting ready to leave for work . Today is another rainy day this summer hasn’t been that great at all . I am looking forward to the weekend I am off . Tomorrow I work a double but it’s OK because I have that weekend off Saturday I am getting together for brunch with my friends to celebrate a friends birthday .,2023-06-29T10:04:44.000000,6,false,0.0,2.0,1.6199999999999999,0.9717777777777777
40,3419,I had a very busy day . Work had been very busy . I am in a happy mood bc I’m off this weekend . Hopefully the weather stays nice and sunny I hate when it rains . 8 am also hoping did nice weather on the cruise ship . Westbound hard to judge .,2023-06-29T15:10:11.000000,6,false,0.0,2.0,1.2213913043478262,0.9697894736842105
40,3420,I had a busy day . Before I went to work I went to ORG  to pick up a new dining set for outside . It was a lot of work to pack and put together . It is a beautiful set . I look forward to using it . Hopefully I will have a pool this summer . I really want One . We shall see how this goes .,2023-06-29T21:05:50.000000,6,false,0.0,2.0,1.632,0.8713548387096774
40,3421,"Hey sorry packing and organizing for my cruise . It has been a busy morning . There is a lot I have to do yet , so I am not sure what to pack or brain that’s like once you’re there or you were there and there is no turning back on the stuff that you forgot to pack . I am looking forward to work . I am off this weekend . It has been a long week .",2023-06-30T10:02:32.000000,6,false,0.0,2.0,0.8330526315789474,0.5164444444444446
40,3422,Just a busy day . I just don’t feel the greatest that is what is making the day longer . I am off this week int which is making me happy . I am happy to just to just relax . So I won’t be doing too much this weekend .,2023-06-30T15:45:57.000000,6,false,0.0,2.0,1.92975,0.8386666666666667
40,3423,"I am getting ready to go home from work . I had a very long week , but I am very excited . I am off this weekend . I am not sure exactly what I have planned , but it should be exciting that I am off and then I have the cruise the plan for .",2023-06-30T20:07:36.000000,6,false,0.0,2.0,1.5730526315789473,0.9083157894736842
40,3384,I went for a walk this morning with my boyfriend . After the walk we went for breakfast . We are now deciding what to have for a late lunch . For some reason I am hungry again even though I had breakfast .,2023-07-01T11:51:41.000000,6,false,0.0,2.0,1.11,1.0005
40,3385,I just got home a little weekend . I go as the Fourth of July . So everywhere I go is extremely busy . There are so lots of traffic and people out today traveling . I am going to have a small barbecue at my house later on today .,2023-07-01T15:03:58.000000,6,false,0.0,2.0,1.168842105263158,0.8349
40,3386,I have some friends over we are making pizzas on the pizza over . My boyfriend keeps over and under cooking . The pizza . It’s a lot of fun . It’s a present I bought for fathers days . I’m excited to eat some good pizza like GPE  .,2023-07-01T20:40:15.000000,6,false,0.0,2.0,2.295733333333333,0.839
40,3387,I just got to ORG  . With my boyfriend .\ nWe are going to have breakfast and then we are going back to the house to do some organizing the weekend went by too fast already . Back to work tomorrow I go .,2023-07-02T10:41:15.000000,6,false,0.0,2.0,1.5289230769230768,1.1773333333333333
40,3388,I am currently relaxing . I am watching reruns of forensic files that is my favorite TV show so I am very excited that there is refunds in new episodes today that I have not seen . Tomorrow we are meeting for some friends for a picnic . That’s about it because I am ORG .,2023-07-02T15:48:33.000000,6,false,0.0,2.0,1.9530666666666663,1.0441176470588236
40,3389,I lost power at my house earlier . The power is back on it was stressful with it being out earlier . A transformation blew . Tomorrow is back to work for me my time off went by so quickly . I love being off in the summer .,2023-07-02T22:00:59.000000,6,false,0.0,2.0,0.6166315789473684,1.0480952380952382
40,3390,I am getting ready to go to work . I am tired from the weekend . Today should be busy with the holiday . Tomorrow I am going to a barbecue with family and friends I am looking forward to that . I love spending time with love ones .,2023-07-03T10:20:42.000000,6,false,0.0,2.0,1.7667368421052634,1.0132631578947369
40,3391,Getting ready to have dinner with my boyfriend . He is making steak on the grill . I am excited for the dinner he is cooking . I love having sex on the grill . We are also going to have dessert later on . I found his vanilla bean ice cream in the freezer upstairs that we didn’t know we had .,2023-07-03T17:00:48.000000,6,false,0.0,2.0,1.6893793103448274,1.04232
40,3392,"I am getting ready to go home soon . We are going to have a few burgers even though PERSON is so holiday tomorrow so we are going to celebrate . Then weather doesn’t look too bad , so I’m not sure how busy tomorrow will be but tonight was very busy after the party . I am going to go home and go to sleep . Today was a long day .",2023-07-03T20:33:17.000000,6,false,0.0,2.0,1.5075555555555555,0.9043030303030303
40,3393,I have had a very busy morning . I took my dog out for a walk . It is the Fourth of July . It was supposed to rain all day but it has been sunny and muggy . I have a very busy day once I go into work . The fourth as I know where they this week of the year . .,2023-07-04T11:08:22.000000,6,false,0.0,2.0,0.6880000000000001,0.37278260869565205
40,3394,I had a busy day so far . Work was very busy . I am happy to be leaving soon . I’m starving I can’t wait to go home and have some left overs from the picnic we went to yesterday . The rain ruined lots of plans .,2023-07-04T16:10:01.000000,6,false,0.0,2.0,0.010999999999999972,0.81
40,3395,"I am having a very sad morning . My old coworker has passed away . I haven’t seen him for sometime , but it makes me so sad to lose love ones today I am going to take a slow . I do have to work later today . Just very sad . very busy but help me get through the day today .",2023-07-05T10:00:50.000000,6,false,0.0,2.0,0.5488888888888889,0.6655
40,3396,I am having lunch with my boyfriend . It was a nice surprise lunch . I am having lobster rolls I am so excited to have lobster . Later on today we are going shopping . I have some final things to do before my cruise which I \ n So excited for .,2023-07-05T15:30:37.000000,6,false,0.0,2.0,1.8780000000000006,1.0422608695652174
40,3397,"I just got home a little while ago . I am very tired . Today was a long exhausting day . Tomorrow my friend is coming over to visit . I haven’t seen in a long time so I am very excited to see her . Will probably make pizza on the pizza oven , which is a very fun .",2023-07-05T20:24:28.000000,6,false,0.0,2.0,1.3015,0.6721666666666668
58,1477,I feel more energized than few hours ago but I still need to recoup from last night ' s overnight shift . I feel more balanced and less anxious . Having today ' s off is what I needed the most . Let ' s hope that the remaining of the day will help become more relaxed .,2024-07-20T17:38:34.000000,7,false,-1.0,0.0,1.0164444444444443,0.56248
58,1520,"I just woke up . I feel good , refreshed , well-rested and optimistic . As soon as I finish this survey , I will start my day and I know it will be a great one . I don ' t feel bothered or distraughted .   Good   and peaceful things will come my way today . I am so sure of that .",2024-07-23T12:01:28.000000,7,false,0.0,1.0,2.060833333333333,0.6758518518518518
58,1570,"I will start my shift at work in 30 minutes . I feel relaxed and optimistic . I am sipping on my favorite non-alcoholic drink while waiting for my time to start . I need to be further relaxed . I feel good , not nervous at all .",2024-07-23T17:01:08.000000,7,false,0.0,1.0,1.4021052631578947,0.7477142857142857
58,1592,"I feel sluggish after waking up as I haven ' t slept well last night . Before that , work was not bad , but I felt unsatisfied and wondered why I was there . I thought I would ' ve conquered the day . Ultimately , it wasn ' t the case . I hope that today will be better .",2024-07-24T12:28:03.000000,7,false,-1.0,0.0,0.9603809523809523,0.7517241379310344
58,1851,"I woke up a little bit lethargic but , as soon as I got ready to start my day , I felt better but not great . I just feel fine . I just hope that my day will be better and I will experience more exciting things through it .",2024-07-26T12:03:25.000000,7,false,0.0,1.0,1.893,0.8621538461538462
58,1862,"I feel neutral . I am on lunch right now . I had a good shift so far . The customers , drivers and affiliates didn ' t bother at all and I was willing to help them . I feel good . I hope that the rest of my shift and overall day goes as smoothly as possible .",2024-07-26T22:02:48.000000,7,false,0.0,1.0,1.688888888888889,0.752
58,1884,"I feel a little jittery . Intrusive thoughts about my life and how myself on the next 15 years got me somewhat scared . I realize that I don ' t like as how my life is so far : my health , my job , my finances , my dating life (which is non-existent) , the city and country I currently live in . I know that this feeling is a call to change but there are too many options and I don ' t know where to start . I hope those thoughts dissipate as my day goes by .",2024-07-27T17:01:06.000000,7,false,-1.0,2.0,1.304,0.9465789473684211
58,1895,I feel neutral . I am actually feeling better than the last few hours . Chitchatting with my colleagues made me feel better and less anxious . I feel more confident about the future . I hope that the remainder of my shift will go as smoothly as possible .,2024-07-27T22:20:44.000000,7,false,0.0,1.0,1.4098947368421055,0.827
58,1954,"I just woke up and I am feeling refreshed and well-rested . I am optimistic about how my day will be . I feel calm , not stressed . I am bursting with enthusiasm . As soon as I am done with this survey , I will get ready and prepare for my day at work later on .",2024-07-30T12:00:41.000000,7,false,2.0,0.0,1.7466666666666664,0.9285
58,1969,"I am starting my shift in a few minutes . I feel satiated and prepared . I feel relaxed right now . I am just waiting patiently for my shift to start . I am thinking about what I will do my next day off . Probably , doing some house cleaning and go to the movies , or go to the park .",2024-07-30T17:39:09.000000,7,false,0.0,1.0,1.4732000000000003,0.5609090909090908
58,1980,"I am on my lunch break and I feel good . No stress , no anxiety . I will eat a good lunch and take a nice walk outside . I am not worried about the rest of my shift . So far , nobody is bothering me and work is going smoothy . I will feel focused and ready .",2024-07-30T22:01:17.000000,7,false,0.0,1.0,0.9558260869565218,1.0363333333333333
58,2024,"I just woke up , feeling content . Today is my day off . I get some reprieve from work and will enjoy myself . I will start my day , knowing it would be great and full of positive experiences . I cannot wait to take on that day and , hopefully , it would remain that way all day .",2024-08-01T12:09:55.000000,7,false,1.0,1.0,1.7215172413793107,0.7325625
58,2041,"I am right now relaxing , watching online content on ORG . I feel fine , no stress and no anxiety . U feel accomplished before I was productive throughout the day by doing groceries and house chores . I know that tomorrow is going to be around .",2024-08-01T22:12:11.000000,7,false,0.0,1.0,1.3654736842105264,0.7927272727272727
58,2044,"I just finished lunch at work . It was a very good meal . I got more than I have ordered . I felt lucky and content about the outcome . Now , I am just relaxing until my lunch break is over . I feel happy . I hope that my level of happiness stays throughout the reminder of my shift tonight .",2024-08-02T22:37:14.000000,7,false,1.0,0.0,2.0980799999999995,0.8253571428571429
58,1484,"Happy , Wellrested , Focused , Determined , Optimistic",2024-07-21T12:04:40.000000,7,true,1.0,0.0,3.2159999999999997,1.4573333333333334
58,1485,"Neutral , Determined , Wellrested , Optimistic , Satisfied",2024-07-21T17:08:46.000000,7,true,0.0,1.0,2.283,0.7226666666666668
58,1486,"Wellrested , Fine , Optimistic , Relaxed , Engaging",2024-07-22T12:42:25.000000,7,true,0.0,1.0,3.23,0.477
58,1498,"Neutral , Optimistic , Focused , Wellprepared , Courageous",2024-07-22T17:01:31.000000,7,true,0.0,1.0,2.309333333333333,0.8013333333333333
58,1509,"Accomplished , Proud , Happy , Content , At peace",2024-07-22T22:00:32.000000,7,true,1.0,1.0,3.2032,0.809
58,1581,"Lethargic , Tired , Unmotivated , Sluggish , Unfocused",2024-07-23T22:02:26.000000,7,true,-1.0,0.0,-2.5664000000000002,-0.29879999999999995
58,1778,"Fine , Neutral , Prepared , Optimistic , Focused",2024-07-24T17:06:15.000000,7,true,0.0,1.0,1.962,0.33866666666666656
58,1797,"Neutral , Focused , Animated , Optimistic , Social",2024-07-24T22:02:34.000000,7,true,0.0,1.0,2.154,0.81
58,1819,"Neutral , Relaxed , Fine , Optimistic , Great",2024-07-25T12:29:35.000000,7,true,0.0,1.0,2.5504000000000002,0.37119999999999986
58,1829,"Neutral , Fine , Optimistic , Lethargic , Confident",2024-07-25T17:03:44.000000,7,true,0.0,1.0,1.2,0.25839999999999996
58,1840,"Neutral , Wellrested , Calm , Optimistic , Fine",2024-07-25T22:33:45.000000,7,true,0.0,1.0,2.292,0.05399999999999994
58,1873,"Neutral , Restored , Fine , Optimistic , Wellprepared",2024-07-27T12:06:17.000000,7,true,0.0,1.0,2.3259999999999996,0.4139999999999999
58,1910,"OK , Fine , Optimistic , Focus , Refreshed",2024-07-28T17:25:18.000000,7,true,0.0,1.0,2.804,0.579
58,1921,"OK , Fine , Industrious , Focused , Optimistic",2024-07-28T22:04:41.000000,7,true,0.0,1.0,2.7253333333333334,0.8093333333333333
58,1928,"Ok , Focused , Wellrested , Optimistic , Fine",2024-07-29T12:01:15.000000,7,true,0.0,1.0,3.208,0.64
58,1932,"Ok , Focused , Determined , Optimistic , Fine",2024-07-29T17:09:25.000000,7,true,0.0,1.0,2.764,0.7973333333333333
58,1943,"Happy , Satiated , Focused , Determined , Optimistic",2024-07-29T22:26:45.000000,7,true,1.0,1.0,3.2159999999999997,1.4573333333333334
58,1991,"Ok , Fine , Wellrested , Determined , Focused",2024-07-31T12:07:42.000000,7,true,0.0,1.0,2.23,0.536
58,2002,"Upbeat , Happy , Satiated , Excited , Optimistic",2024-07-31T17:04:24.000000,7,true,1.0,1.0,3.5149999999999997,1.7770000000000001
58,2013,"Ok , Accomplished , Relieved , Happy , Proud",2024-07-31T22:02:55.000000,7,true,1.0,1.0,3.3289999999999997,1.332
58,2036,"Tired , Accomplished , Proud , Satisfied , Happy",2024-08-01T17:00:39.000000,7,true,-1.0,0.0,2.164,1.336
58,2042,"Hot , Sluggish , Disgusting , Thirsty , Lethargic",2024-08-02T12:01:34.000000,7,true,-1.0,0.0,-2.5,1.052
58,2043,"Fine , Focused , Determined , Optimistic , Ready",2024-08-02T17:01:47.000000,7,true,0.0,1.0,2.613,0.736
158,4027,Today I have been having a busy schedule . I have worked for 9 hours . I am feeling tired and exhausted but then also I ' ve got some chores to be done before I sleep . I ' m yet to cook my supper though I am so sleepy .,2024-10-23T22:07:06.000000,7,false,-2.0,0.0,0.8966153846153847,0.3748
158,4028,Last night I just slept well . I am free from stress . Just woke up today ' s morning energetic and ready to go to work . I think I ' m motivated with life and I have energy to keep me going for the whole day . I have nothing to complain about so far .,2024-10-24T12:01:26.000000,7,false,2.0,2.0,1.4647692307692306,0.9649230769230769
158,4031,I have already reported to work . Though yesternight I had to drink some wine of which I didn ' t get that drunk . I have nothing stressing me so far I ' m just motivated to finish my work shift . I have not had disagreement with anybody .,2024-10-25T12:19:11.000000,7,false,0.0,1.0,0.4621176470588236,1.0005714285714287
158,4034,I have just woken up like two hours ago . Yesternight I had a night out with friends . We grabbed some wine and whiskey till late night . Right now I ' m experiencing some hangovers but they are not that bad .,2024-10-26T12:46:26.000000,7,false,2.0,2.0,0.740235294117647,0.9593333333333334
158,4035,"My evening is going on well . Actually I ' m with my friend who visited and we ' ve been having some chit-chat . I feel I ' m lively and active , we ' ve been talking a lot and reminding ourselves how our friendship has been growing . In general I ' m a happy person right now .",2024-10-26T17:10:29.000000,7,false,0.0,1.0,1.9884705882352947,0.8329473684210527
158,4037,Today I woke up in a good mood . I can say my night was well I had best sleep . I am full of energy though have been doing some cleaning . I ' m ready to get started for today ' s tasks since I ' ve nothing disturbing me,2024-10-27T12:02:20.000000,7,false,0.0,1.0,1.6656,0.6774285714285715
158,4038,I ' ve been having a good day so far . I feel lively because I ' ve been talking to some of my best friends . We have exchanged ideas and also had to catch up with everything happening in each one of us lifes . I just feel connected with my friends and also we ' re in good terms with one another .,2024-10-27T17:01:43.000000,7,false,1.0,0.0,1.6871666666666665,0.8885217391304348
158,4044,I have not been active at work today as I am used to . It happened that I reported to work a bit late but I didn ' t really like how my supervisor talked to me . I tried to explain everything but it seems like he ' d already prejudged me . I have been in a bad mood almost a whole day . In short I ' m just waiting to finish my shift hours then I go home .,2024-10-29T17:03:09.000000,7,false,0.0,1.0,0.7585600000000001,0.6364666666666665
158,4048,I have been having a nice day at work . I have had any quarrel with any of my co-workers today . And also today I had to work overtime for one hour because I felt the energy to work more . I have having a video call with my sister and I feel encouraged with everything I ' ve been doing .,2024-10-30T22:06:14.000000,7,false,-1.0,0.0,1.6994545454545453,0.8211304347826087
158,4050,"I feel a surge of joy , as if everything is finally falling into place . There ' s an excitement bubbling up inside me , filling me with energy and positivity . Every little thing seems brighter , and I can’t help but smile . I’m deeply grateful for this happiness that makes everything feel alive and meaningful .",2024-10-31T17:09:11.000000,7,false,2.0,1.0,1.6834545454545455,1.1756666666666666
158,4052,"I feel an incredible sense of liveliness , like energy is radiating from within me . Enthusiasm flows through my every action , adding color to my day . Every task feels exciting , and I’m ready to embrace new opportunities . This vibrant feeling lifts me , making each moment more meaningful .",2024-11-01T12:04:20.000000,7,false,2.0,2.0,2.228666666666667,1.307157894736842
158,4053,"As the night deepens , a heavy wave of weariness settles in , drawing my eyelids low and slowing my thoughts . Every muscle feels drained , and my mind longs for rest , pulling me toward sleep ' s gentle embrace . I’m caught in that tender space between wakefulness and dreams , craving the peace of deep rest .",2024-11-01T22:04:46.000000,7,false,-2.0,0.0,0.9529523809523808,0.45904347826086944
158,4056,"I ' m winding down , feeling sluggish and drained after a long day . My eyes feel heavy , and my body aches slightly from fatigue . Sleep is pulling me in , and I’m ready to give in , hoping for rest to recharge for tomorrow .",2024-11-03T22:09:57.000000,7,false,-1.0,0.0,0.6548,0.47399999999999987
158,4023,"Active , Calm , Good , Energetic , Charming",2024-10-22T12:36:58.000000,7,true,0.0,2.0,3.1448,1.0936
158,4024,"Lively , Active , Relaxed , Charming , Energetic",2024-10-22T17:02:24.000000,7,true,2.0,2.0,2.9832,1.4432
158,4025,"Tired , Sleepy , Good , Hungry , Exhausted",2024-10-22T22:05:50.000000,7,true,-2.0,0.0,-1.0032,0.5384
158,4026,"Happy , Calm , Focused , Determined , Stressfree",2024-10-23T17:02:55.000000,7,true,1.0,1.0,2.8699999999999997,0.353
158,4029,"Quiet , Calm , Relaxed , Focused , Good",2024-10-24T17:30:23.000000,7,true,0.0,0.0,2.94,-0.47750000000000004
158,4030,"Tired , Sleepy , Sluggish , Exhausted , Nervous",2024-10-24T22:07:09.000000,7,true,-1.0,0.0,-1.9448,0.44719999999999993
158,4032,"Focused , Determined , Joyful , Relaxed , Good",2024-10-25T17:04:53.000000,7,true,0.0,0.0,3.065,0.5609999999999999
158,4033,"Sleepy , Tired , Active , Less energy , Tipsy",2024-10-25T22:54:56.000000,7,true,-2.0,0.0,0.45599999999999996,0.8413333333333333
158,4036,"Hungry , Quiet , Lively , Tired , Sleepy",2024-10-26T22:25:59.000000,7,true,0.0,0.0,-0.07840000000000005,0.6012
158,4039,"Tired , Happy , Enthusiastic , Excited , Proud",2024-10-27T22:16:23.000000,7,true,-2.0,0.0,2.1064,1.8408
158,4040,"Lively , Hopeful , Motivated , Anxious , Refreshed",2024-10-28T12:01:14.000000,7,true,2.0,2.0,2.1096,1.6184
158,4041,"Energetic , Productive , Relaxed , Dreamy , Antsy",2024-10-28T17:11:19.000000,7,true,0.0,2.0,2.152,0.9984
158,4042,"Tired , Restless , Reflective , Mystical , Sleepy",2024-10-28T22:12:29.000000,7,true,-2.0,0.0,-0.4832000000000001,0.5896
158,4043,"Sad , Irritated , Disrespected , Unmotivated , Bored",2024-10-29T12:03:50.000000,7,true,-1.0,1.0,-2.4909999999999997,0.31600000000000006
158,4045,"Neural , Sad , Sleepy , Hungry , Mad",2024-10-29T22:23:06.000000,7,true,0.0,1.0,-1.2592,0.9576
158,4046,"Calm , Relaxed , Motivated , Focused , Prepared",2024-10-30T12:24:08.000000,7,true,0.0,1.0,2.567,0.2653333333333333
158,4047,"Relaxed , Productive , Proud , Determined , Focused",2024-10-30T17:19:22.000000,7,true,2.0,0.0,2.7049999999999996,0.95
158,4049,"Tired , Exhausted , Sleepy , Sad , Stressed",2024-10-31T12:02:29.000000,7,true,0.0,1.0,-2.0096,0.5504
158,4051,"Tired , Relaxed , Focused , Proud , Happy",2024-10-31T22:07:32.000000,7,true,-1.0,0.0,1.7770000000000001,0.7969999999999999
158,4054,"Sad , Bored , Anxious , Distress , Exhausted",2024-11-02T17:07:54.000000,7,true,-1.0,1.0,-2.632,1.1104
158,4055,"Relaxed , Motivated , Active , Focused , Determined",2024-11-03T17:06:23.000000,7,true,0.0,0.0,2.56,1.157
158,4061,"Tired , Exhausted , Unproductive , Sleepy , Normal",2024-11-04T22:09:44.000000,7,true,-2.0,0.0,-1.2928000000000002,0.05280000000000007
83,5278,"I feel very tired and sad today . I didn’t sleep well last night , I was up from about one to four AM . I had a lot of anxiety and decided to just finish the book I was reading . Thankfully I eventually went back to sleep , but slept in late today and had to miss my Pilates class . I feel a bit overwhelmed but will just concentrate on my work today .",2024-07-29T12:48:45.000000,7,false,-1.0,1.0,1.0016470588235293,0.6381111111111111
83,5284,I feel good about myself today . I woke up very tired but motivated myself to wake up early and exercise before I volunteered with my cats . I also have therapy today so I’m feeling much more manageable about things .,2024-07-31T12:26:38.000000,7,false,1.0,1.0,1.875,1.022
83,5285,"I feel more calm and content than I did earlier today . I feel accomplished with all I’ve accomplished lately and excited for the future , even though some things can feel overwhelming at times . I am confident they will get better .",2024-07-31T17:13:52.000000,7,false,1.0,1.0,2.161555555555556,0.9556666666666667
83,5286,"I feel calm and satisfied from the day . I got a lot done and ended the day by going to my favorite grocery store , ORG with my partner . We had a great time laughing and joking together . Now it feels good to rest at home .",2024-07-31T22:04:44.000000,7,false,1.0,0.0,1.9980000000000002,0.8372173913043478
83,4,I feel very satisfied with everything I achieved today . I got a lot of work done and even booked an upcoming trip next month with my fiance . It feels nice to take the Friday evening to relax and watch a documentary .,2024-08-02T22:00:54.000000,7,false,2.0,0.0,1.8501052631578947,0.630421052631579
83,6,I feel quite tired now but satisfied . I spent longer than I intended to at my sisters house and I am getting home later than I had planned . It is not a big deal but I am worried that there may be leaks in my apartment since it rained so much . But I try not to worry so much about what I can not control .,2024-08-03T22:08:43.000000,7,false,0.0,0.0,0.6020000000000002,0.7603333333333334
83,7,I feel pretty good today . I like to have Sundays as a day to rest and recharge for the week . I slept very well last night and I’m looking forward to watching movies today with my fiancé . I feel like it is a well deserved rest day .,2024-08-04T12:15:19.000000,7,false,1.0,0.0,2.1683478260869564,0.4508333333333333
83,8,I feel good and relaxed today . I am just chilling and watching movies together with my fiancé . It is also nice to cuddle with my cats . It feels like a nice break to not have much to do today . I love to have a relaxing Sunday at home .,2024-08-04T17:06:29.000000,7,false,0.0,0.0,2.3154285714285714,0.5800000000000001
83,12,I am feeling good right now . I got a lot of cleaning done before I have to go to a focus group in the city later this evening . I woke up at about 5 AM today but felt well rested and got an early head start on the work I had to do .,2024-08-05T17:20:05.000000,7,false,1.0,2.0,1.5161666666666667,0.8154285714285714
83,15,I feel very relaxed and happy right now . I had a few meetings this morning and felt like I had a productive day and I woke up early again now I have a chance to relax with my fiancé while we watch our favorite show on TV .,2024-08-06T17:26:52.000000,7,false,2.0,0.0,1.7007999999999996,0.9034782608695653
83,16,I had a very nice day today . It was a great combination of productivity and relaxing . I had a wonderful time chilling with my fiancé and watching our favorite shows together . I am looking forward to having another great day tomorrow .,2024-08-06T22:01:46.000000,7,false,2.0,0.0,2.1031111111111116,0.8461111111111111
83,17,I feel good right now . I am a bit tired but I am in a pleasant mood and just had therapy . I am also going out to dinner tonight with my fiancé to a restaurant we are excited to try called ORG   . I had a productive morning and went to ORG and did my volunteering .,2024-08-07T17:21:58.000000,7,false,1.0,0.0,1.759529411764706,1.0828
83,206,"I am feeling good right now . I woke up feeling very tired this morning , but I ended up having a productive day by getting my bloodwork done and going shopping for an interview I have next week . I feel sleepy right now but relaxed .",2024-08-09T17:00:26.000000,7,false,-1.0,0.0,1.5265000000000002,0.9021600000000001
83,5275,"Calm , Tired , Lazy , Content , Relaxed",2024-07-27T12:01:56.000000,7,true,1.0,0.0,0.8336,-0.22239999999999993
83,5276,"Relaxed , Excited , Calm , Content , Happy",2024-07-27T22:28:03.000000,7,true,1.0,0.0,3.0471999999999997,0.6456
83,5277,"Relaxed , Sad , Tired , Depleted , Neutral",2024-07-28T22:21:29.000000,7,true,0.0,1.0,-0.6320000000000001,-0.121
83,5279,"Tired , Fine , Neutral , Calm , Sad",2024-07-29T17:04:54.000000,7,true,0.0,0.0,0.027200000000000023,-0.1008
83,5280,"Calm , Content , Satisfied , Tired , Chill",2024-07-29T22:11:21.000000,7,true,0.0,1.0,1.6960000000000002,-0.131
83,5281,"Exhausted , Unmotivated , Sluggish , Quiet , Bored",2024-07-30T12:04:27.000000,7,true,-2.0,0.0,-1.6664,-0.3812
83,5282,"Satisfied , Achieved , Tired , Calm , Content",2024-07-30T17:05:05.000000,7,true,1.0,0.0,1.7904,-0.11599999999999988
83,5283,"Content , Happy , Tired , Calm , Quiet",2024-07-30T22:12:01.000000,7,true,0.0,0.0,1.6776,0.16600000000000004
83,5287,"Tired , Calm , Satisfied , Confident , Neutral",2024-08-01T12:11:56.000000,7,true,0.0,0.0,1.1088,-0.125
83,1,"Relaxed , Calm , Fulfilled , Sleepy , Content",2024-08-01T22:04:51.000000,7,true,2.0,0.0,2.4064000000000005,-0.484
83,2,"Unfocused , Jittery , Disorganized , Tired , Worried",2024-08-02T12:11:15.000000,7,true,-1.0,2.0,-2.7496,1.1875
83,3,"Proud , Satisfied , Content , Relaxed , Happy",2024-08-02T17:14:29.000000,7,true,1.0,0.0,3.1784,0.776
83,5,"Tired , Hopeful , Relaxed , Excited , Content",2024-08-03T12:35:09.000000,7,true,0.0,0.0,1.7744,0.5568000000000001
83,9,"Relaxed , Sluggish , Calm , Content , Optimistic",2024-08-04T22:11:07.000000,7,true,-1.0,0.0,1.9311999999999998,-0.12399999999999989
83,10,"Content , Motivated , Optimistic , Energetic , Hopeful",2024-08-05T12:07:20.000000,7,true,1.0,1.0,2.9928,1.3639999999999999
83,13,"Accomplished , Content , Tired , Relaxed , Hopeful",2024-08-05T22:04:57.000000,7,true,-1.0,0.0,1.7136,0.014999999999999902
83,14,"Secure , Excited , Content , Hopeful , Centered",2024-08-06T12:42:26.000000,7,true,1.0,1.0,2.926,0.964
83,18,"Happy , Content , Special , Calm , Excited",2024-08-07T22:30:57.000000,7,true,2.0,0.0,3.0135999999999994,1.0912
83,19,"Achieved , Calm , Content , Relaxed , Peaceful",2024-08-08T17:10:03.000000,7,true,1.0,0.0,2.8272000000000004,-0.5549999999999999
83,20,"Content , Calm , Relaxed , Happy , Relieved",2024-08-08T22:21:20.000000,7,true,2.0,0.0,3.028,0.1519999999999999
83,21,"Relieved , Content , Calm , Loved , Lucky",2024-08-09T12:09:19.000000,7,true,1.0,1.0,3.0752,0.37759999999999994
62,3179,"In a few words ,... it ' s Election Day , so I ' m excited about voting . I ' m a bit concerned about the country and how everyone else is voting .   I ' m happy about getting to and through my 53rd birthday (the 1st) safe and sound .   I ' m content with life and where I am . I ' m feeling blessed to have made it this far .",2024-11-05T12:02:19.000000,7,false,2.0,0.0,1.5865454545454547,0.98504
62,3190,"I did this earlier- no problem with redoing it ,... firstly , I am excited about today , my first Election Day as a voter . At the same time , I ' m a bit concerned about the country , both now and the immediate after of today .   I ' m also flummoxed over the loss of moral fiber in our country .   As for my individual life , I ' m grateful over getting to and through another birthday healthy and still here . I ' m appreciative for the people God has kept in my life all these years . And I ' m in rapt anticipation about what the rest of my year .",2024-11-05T17:07:11.000000,7,false,2.0,0.0,1.212421052631579,0.8083499999999999
62,3193,"I don ' t have 200 words . I ' m very relaxed and content .   I ' m sitting here watching the early election results , and I ' m actually enthused over what we ' re seeing .   As far as my individual life goes , I ' m also very happy .   As I said earlier , I just had my 53rd birthday .   I feel blessed by being here and in pretty good health .",2024-11-05T22:26:03.000000,7,false,2.0,0.0,1.838307692307692,0.7986
62,3196,"Happy , Peaceful , Relaxed , Grateful , Content",2024-11-06T12:00:49.000000,7,true,1.0,1.0,3.1144,0.1863999999999999
62,3207,"I ' m in some physical pain right now-my knee gets sore every so often ,.. besides that , though , I ' m relaxed and contemplative today .   I was thinking back over 2024 so far and was very thankful for the first eleven months . I also found myself a bit anxious to see how the rest of the year will play out .   I was planning a trip down south for Christmas out earlier , and I ' m always excited for that",2024-11-06T17:01:36.000000,7,false,1.0,0.0,0.9731612903225806,0.7202666666666666
62,3424,"Calm , Satisfied , Happy , Peaceful , Expectant",2024-11-06T22:19:47.000000,7,true,2.0,0.0,3.1424,0.581
62,3436,"I ' m sorry I haven ' t given you your 200 word minimum once . I don ' t have 200 words to give you .   My feelings each day have been the same .   I ' m grateful for life , content with where and how it ' s going ,... I   can revisit a feeling from a couple of days ago .   The election is over and the country ' s selection is PERSON . I ' m not very happy about it . I believe , with plenty of proof provided by the man himself ; that our country is in grave danger of mass division . I can ' t let that change me , though .",2024-11-07T12:14:08.000000,7,false,2.0,0.0,0.9368205128205128,0.62605
62,3447,"Once again , I don ' t have 200 words . I ' m grateful for another full day . I am still hurting some because of my knee , but I ' m at peace .   I am also very calm and cool . Lastly , I ' m very proud of my daughter and the woman she ' s becoming .",2024-11-07T22:00:46.000000,7,false,2.0,0.0,1.3666666666666665,0.3256470588235294
62,3458,"I ' m feeling good today . I have a doctor ' s appointment today , normal check up stuff , and I always enjoy my time at this office because of how friendly the girls are . I know these visits can cause stress for some people .   I ' m grateful to be alive to make the trips in the first place .",2024-11-08T12:15:11.000000,7,false,2.0,0.0,1.5542222222222222,0.7745925925925926
62,3465,"Calm , Cool , Collected , Chill , Content",2024-11-08T17:01:15.000000,7,true,2.0,0.0,2.2896,0.19520000000000004
62,3471,"I was just thinking back to where life had me two years ago .    I was incarcerated .   I didn ' t know what the next day held- November 2nd , 2022-and I was just happy to be alive . Fast forward to now ,... I ' m home . I ' m with my family .   I get to sleep in my bed and make my own food .   I am so very happy to be home .   Freedom should never be taken for granted .    Life is so much better when you ' re free .",2024-11-08T22:10:11.000000,7,false,2.0,0.0,1.7429189189189194,0.677025641025641
62,3481,"Serene , Calm , Relaxed , Chill , Well",2024-11-09T12:03:20.000000,7,true,2.0,0.0,3.0064,-0.3572000000000002
62,3492,"Happy , Relaxed , Contemplative , Calm , Focused",2024-11-09T17:01:23.000000,7,true,2.0,0.0,2.923,0.1379999999999999
62,3503,"So , I only need 200 letters , not words ,... I   was confused as to why you were asking for thar many words . Anyhow , nothing has changed with regards to how I have been feeling all week .   Blessed , content , grateful , relaxed ,... the same feelings I started this off with a couple days ago have remained .",2024-11-09T22:06:40.000000,7,false,2.0,0.0,1.187529411764706,0.3853333333333333
62,3514,"Grateful , Happy , Relaxed , Content , Blissful",2024-11-10T12:02:41.000000,7,true,2.0,0.0,3.1432,0.6544000000000001
62,3525,"I ' m feeling well . I was hurting physically the other day because of my knee- that ' s done . My knee pain was the only hurt I ' ve dealt with in the past week .   Again , I ' m blessed   and grateful for it .   I ' m content   as well",2024-11-10T17:01:35.000000,7,false,2.0,0.0,0.9046153846153846,0.8068000000000001
62,3541,"Happy , Relaxed , Calm , Chill , Composed",2024-11-10T22:02:46.000000,7,true,2.0,0.0,2.8055999999999996,0.13680000000000003
62,3552,"Relaxed , Calm , Collected , Cool , Grateful",2024-11-11T12:26:17.000000,7,true,2.0,0.0,2.6448,0.11199999999999988
62,3563,"Happy , Grateful , Peaceful , Blessed , Serene",2024-11-11T17:01:09.000000,7,true,2.0,0.0,3.2471999999999994,0.24240000000000006
62,3574,"I ' m happy .   I ' m actually happy about how I ' m physically feeling . My shoulder isn ' t hurting as bad as it usually is . My knee has stopped hurting altogether .   Right now , I feel whole physically , like I felt at age 25 . I am grateful for that .",2024-11-11T22:07:23.000000,7,false,2.0,0.0,1.153,0.7575
62,3585,"I was walking downstairs to my kitchen earlier and had to stop for a moment just to thank God for freedom of motion ,... do you know how many of us just automatically assume we should be able to go up and down stairs and turn our bodies to the left or right ? Do you know how many people woke up this morning and can ' t do that AT ALL ? Just something to consider ,.. I ' m grateful .",2024-11-12T12:24:30.000000,7,false,2.0,0.0,1.4736,0.8861935483870967
62,3596,"Grateful , Happy , Calm , Relaxed , Peaceful",2024-11-12T17:03:04.000000,7,true,2.0,0.0,3.2920000000000003,-0.010399999999999965
62,3606,"Content , Calm , Relaxed , Complete , Comfortable",2024-11-12T22:11:11.000000,7,true,2.0,0.0,2.6896,-0.22560000000000002
62,3617,I ' m feeling good today .   I ' m on my way to a focus group that I set up for myself yesterday .   I ' m feeling good about it because I was able to tell these people about their lack of professionalism in past dealings with them and not lose my cool,2024-11-13T12:02:32.000000,7,false,2.0,0.0,1.472,0.6974285714285714
62,3628,"Had a long day . Traveled from home up to GPE  for a meeting that lasted four hours . Got a ORG up there and that ride was an hour .   After the meeting ended , I waited almost another hour for my ORG back , and that ride was during rush hour traffic out of GPE  , so that took   another hour and a half .   All in all , the day was good",2024-11-13T22:07:45.000000,7,false,-2.0,0.0,0.9328695652173913,0.824516129032258
62,3639,"I ' m well rested from my busy day yesterday . I have another day like that next week but I ' m down for that every so often .   I feel accomplished today .   I ' m relaxed and chill . I ' m also in planning mode , with a couple of focus groups ahead .",2024-11-14T12:37:11.000000,7,false,2.0,0.0,1.653,0.4027619047619049
62,3645,"Relaxed , Calm , Contemplative , Cool , Serene",2024-11-14T17:15:52.000000,7,true,2.0,0.0,2.6496000000000004,-0.1399999999999999
62,3653,"Relaxed , Calm , Aged , Happy , Accomplished",2024-11-14T22:04:07.000000,7,true,2.0,0.0,1.9799999999999998,0.19499999999999995
62,3664,"Peaceful , Grateful , Relaxed , Thoughtful , Relaxed",2024-11-15T12:01:07.000000,7,true,2.0,0.0,2.7552,-0.37040000000000006
62,3675,"Calm , Relaxed , Chill , Anticipatory , Thoughtful",2024-11-15T17:16:47.000000,7,true,2.0,0.0,2.2352,-0.08640000000000003
62,3686,"Well Rested , Calm , Collected , Grateful , Alive",2024-11-16T12:40:26.000000,7,true,2.0,0.0,2.6006666666666667,0.3650000000000001
62,3697,"Relaxed , Calm , Grateful , Reflective , Chill",2024-11-16T22:03:09.000000,7,true,2.0,0.0,2.7055999999999996,-0.24320000000000008
62,3703,"It ' s church day , another Sunday that I ' m blessed to see . I ' m acutely aware that there are lots of people who were here yesterday and aren ' t today . They can ' t say good morning .   They didn ' t even get a chance to say goodbye .   Very blessed to be here",2024-11-17T12:01:42.000000,7,false,2.0,0.0,1.3058333333333338,0.43899999999999995
62,3704,"Calm , Collected , Relaxed , Grateful , Sleepy",2024-11-17T17:01:53.000000,7,true,2.0,0.0,2.1952000000000003,-0.2200000000000002
62,3705,"Well rested , Thoughtful , Grateful , Hopeful , Confident",2024-11-18T12:01:59.000000,7,true,2.0,0.0,2.8386666666666667,0.28633333333333333
62,3714,"I ' m cool ,.. watching the ORG play right now is extremely upsetting and embarrassing , but that ' s their problem .. It does irritate me as a ORG fan , but I am just a fan .   As far as how I ' m doing individually , I had a great day .   I was able to get a couple of clinical trials set up , and I make good money from those .",2024-11-18T22:47:02.000000,7,false,2.0,0.0,1.0102608695652173,1.21864
124,2627,"I just woke up after sleeping in late . I feel kind of tired since I went to bed later than I normally do . I don’t like staying up too late because then I sleep in late which makes my sleep schedule complicated . I also was tossing and turning during my sleep which made it less restful than I would like . Once I get outside , exercise , or drink some coffee . I think I will feel a lot better .",2024-10-31T12:01:26.000000,7,false,-1.0,0.0,0.9436470588235295,0.7378499999999999
124,2628,Currently I am feeling very excited because I am about to leave to go to a Halloween party . I am doing my hair and makeup to dress up as PERSON  from the movie Almost Famous . That’s a movie my dad and I really like so it means a lot to me that I am dressing up as her . It’s making me feel happy .,2024-10-31T17:17:26.000000,7,false,1.0,2.0,1.8378181818181816,1.0504
124,2629,Right now I am happy because I am with friends for Halloween . Halloween is a nostalgic holiday for me so today made me pretty happy . I’m also really tired so I’m looking forward to going home soon . But overall I am feeling pretty happy and content .,2024-10-31T22:00:53.000000,7,false,1.0,1.0,2.0802105263157897,1.0147368421052632
124,2633,"Right now I’m feeling ok . I just finished dinner with a Friend that I haven’t seen in a long time so it was nice to catch up with her . However , I am a little sad because I felt there was nothing positive I could share about my life at the current moment .",2024-11-01T22:47:38.000000,7,false,0.0,1.0,1.2314285714285713,0.6155555555555555
124,2635,I am excited because I am on my way to a Halloween party . I get to see some friends that I haven’t seen in a long time so I am happy about that . I also feel a little tired but that’s ok . I feel somewhat lively because I am about to see my friends at the party .,2024-11-02T22:01:22.000000,7,false,1.0,2.0,1.7221176470588233,1.052
124,2641,Honestly right now I just feel kind of numb . I’m kind of sad because I miss my dad and my brother . I’m also sad because my brother hasn’t really been talking to me . I want to see them soon but it’s been hard to keep hope . I also feel a little bit emotionally drained .,2024-11-04T22:01:04.000000,7,false,0.0,1.0,0.9176666666666667,0.5565599999999999
124,2644,"I am feeling ok . I just finished acupuncture which was very relaxing and also made me want to go back to bed . I am slightly happy because I got to speak to my dad today , I miss him very much . I am also looking forward to the dinner I am going to cook tonight .",2024-11-05T17:05:00.000000,7,false,0.0,1.0,1.7193333333333334,0.8356190476190476
124,2646,"Right now I am feeling ok . I have to commute today which is slightly annoying , however I am happy because I found a free parking spot . I am a little tired because I stayed up late watching the election though .",2024-11-06T12:12:13.000000,7,false,0.0,1.0,0.8731111111111112,0.7214
124,2647,Right now I am feeling extremely irate . I can’t even process how I am feeling . I hate commuting with a passion and I cannot stand the people I work with . They are evil . I can’t wait until I do not work there anymore and don’t have to commute anymore .,2024-11-06T17:01:24.000000,7,false,-2.0,1.0,0.0847272727272727,1.050095238095238
124,2649,I am feeling slightly happy because I had a good dream and woke up early . Even though I don’t like waking up early it definitely sets a better pace for my day . I decided to go to bed early and wake up early to do my work . Currently doing my work on the train .,2024-11-07T12:30:34.000000,7,false,1.0,1.0,1.814,1.0103846153846154
124,2650,"Currently , I’m feeling extremely tired , exhausted , and emotionally drained . I had a really long day with my commute and woke up too early which is the reason why I’m tired . Additionally I am sad because I had an issue with my advisor .",2024-11-07T22:26:29.000000,7,false,-1.0,1.0,0.0477333333333333,1.0265
124,2652,I’m feeling ok . I am a little tired but I am happy that it is Friday . I am also happy because I get to see my best friend for dinner tonight . I’m excited to try some new food that I’ve been seeing on my social media .,2024-11-08T17:38:55.000000,7,false,0.0,1.0,2.0618823529411765,0.8139130434782609
124,2657,Right now I feel sort of happy and sort of sad so I guess I have mixed emotions . I just talked to my dad on the phone for the longest amount of time in a while . It was nice to hear his voice and talk to him . We both miss each other so much .,2024-11-09T17:20:55.000000,7,false,0.0,1.0,1.3532173913043481,0.6748333333333334
124,2658,"Right now I feel a little bit tired and that’s why I’m only feeling neutral . However I am chopping with my brother which is something that makes me happy . I was also feeling kind of depressed when I was sitting at my house , but I’m glad that I finally got out .",2024-11-09T22:20:08.000000,7,false,0.0,1.0,0.8566315789473684,0.7504
124,2659,I am feeling ok because I want to start my day off on the right foot . I want to go for a run which I think will make me happy . I’m just slightly tired so I am having a little bit of trouble getting my day started . I’m hopeful that today can be a good day .,2024-11-10T12:03:48.000000,7,false,0.0,1.0,1.1813846153846155,0.7147857142857144
124,2662,This morning I am feeling really tired . I am also feeling extremely annoyed because I have to commute today . That seems to be a point of contention for me . I also am annoyed because I haven’t heard from my dad or brother and that really bothers me .,2024-11-11T12:14:50.000000,7,false,-2.0,0.0,0.5505,0.7766
124,2663,Right now I feel a little bit better than I did last night . I got to talk to my dad which made me feel a lot better . I am also happy because I was able to rearrange my schedule today so that I am free to get a lot of work done tomorrow .,2024-11-11T17:36:48.000000,7,false,0.0,1.0,1.6384347826086956,0.8842962962962962
124,2664,I am currently feeling happy because I just had dinner with my brother . Before this I had a meeting that went well . I am feeling a little bit nervous because there is work that I need to do tonight and tomorrow but overall I feel good .,2024-11-11T22:03:14.000000,7,false,1.0,1.0,1.8070588235294116,0.8859166666666667
124,2667,Right now I’m feeling pretty happy because I finally went to the library and did some work . This is making me feel pretty productive and it’s a good way to spend my time . I’m also looking forward to the dinner that I’m going to be cooking tonight with my brother .,2024-11-12T17:10:23.000000,7,false,1.0,1.0,2.20021052631579,0.9461739130434783
124,2669,I am currently feeling energized because I woke up early to start my morning with a run and a coffee from ORG . This was how I started my day yesterday and it put me in a good mood so I decided to do it again today . I am also happy because I made my train by one minute .,2024-11-13T12:26:01.000000,7,false,1.0,2.0,1.683111111111111,0.94704
124,2670,Right now I’m feeling slightly happy because I had a meeting that went well . I’m also happy because I’m on my way home and I will get to see my dog soon . I’m also glad that I started my day off on the right foot .,2024-11-13T17:47:46.000000,7,false,1.0,1.0,2.0407058823529414,0.8168181818181818
124,2630,"Tired , Sad , Depressed , Annoyed , Irritated",2024-11-01T12:50:52.000000,7,true,0.0,2.0,-2.8991999999999996,1.1552
124,2631,"Excited , Tired , Hungry , Happy , Love",2024-11-01T17:05:20.000000,7,true,1.0,2.0,0.9704,1.6720000000000002
124,2634,"Awake , Excited , Happy , Tired , Hopeful",2024-11-02T12:00:59.000000,7,true,1.0,1.0,1.8232,1.2472
124,2636,"Neutral , Tired , Melancholy , Tired , Sad",2024-11-03T12:01:28.000000,7,true,0.0,1.0,-2.1887999999999996,0.12880000000000003
124,2637,"Sad , Annoyed , Disappointed , Lonely , Hungry",2024-11-03T17:01:12.000000,7,true,-1.0,1.0,-2.8272000000000004,1.0031999999999999
124,2638,"Sad , Depressed , Lonely , Melancholy , Tired",2024-11-03T22:21:05.000000,7,true,-2.0,1.0,-2.7008,0.2647999999999999
124,2639,"Sad , Tired , Worried , Sad , Tired",2024-11-04T12:12:01.000000,7,true,-1.0,1.0,-2.7296,0.6992
124,2640,"Sad , Tired , Sluggish , Worried , Sad",2024-11-04T17:05:06.000000,7,true,-1.0,1.0,-2.5712,0.5448000000000001
124,2642,"Awake , Alive , Energized , Happy , Alive",2024-11-05T12:27:43.000000,7,true,1.0,2.0,2.341,1.478
124,2645,"Tired , Ok , Excited , Neutral , Sleepy",2024-11-05T22:01:13.000000,7,true,0.0,1.0,0.21199999999999994,0.5569999999999999
124,2648,"Sad , Tired , Anxious , Exhausted , Worried",2024-11-06T22:07:39.000000,7,true,-1.0,1.0,-2.6432,1.2176
124,2651,"Energized , Open , Sad , Stressed , Ok",2024-11-08T12:27:27.000000,7,true,-1.0,1.0,-1.3013333333333335,1.146
124,2653,"Happy , Full , Alive , Happy , Peace",2024-11-08T22:41:39.000000,7,true,1.0,1.0,2.8992,0.952
124,2656,"Tired , Neutral , Sad , Neutral , Lonely",2024-11-09T12:20:12.000000,7,true,0.0,1.0,-1.5392000000000001,-0.0047999999999999154
124,2660,"Neutral , Tired , Melancholy , Overwhelmed , Ok",2024-11-10T17:03:03.000000,7,true,0.0,1.0,-1.754,0.44100000000000006
124,2661,"Ok , Neutral , Melancholy , Tired , Sleepy",2024-11-10T22:08:15.000000,7,true,0.0,1.0,-1.228,-0.1140000000000001
124,2665,"Happy , Energized , Understood , Content , Happy",2024-11-12T12:49:35.000000,7,true,1.0,2.0,3.058,1.207
124,2668,"Happy , Content , Hopeful , Happy , Cheerful",2024-11-12T22:46:04.000000,7,true,2.0,1.0,3.5056,1.1896
124,2671,"Tired , Neutral , Overwhelmed , Ok , Tired",2024-11-13T22:32:59.000000,7,true,0.0,1.0,-1.8800000000000001,0.498
63,4658,"Right now , I’d say I’m feeling really happy . It’s been a good day—everything seems to be falling into place , and I’m surrounded by people who make me feel supported . I’ve been able to do things that bring me joy , like spending time with friends , enjoying a favorite hobby , or just relaxing . It’s one of those moments where I feel content with where I am , and I’m grateful for the little things .",2024-11-13T17:06:26.000000,7,false,0.0,2.0,1.723375,0.651235294117647
63,4662,"I am feeling somewhat lively today . There ' s a bit of energy in the air , and even though it’s been a busy morning , I’m staying upbeat . It’s one of those days where I’m motivated to get things done , but also taking moments to enjoy the little things around me .",2024-11-14T17:15:33.000000,7,false,1.0,2.0,1.652533333333333,0.648
63,4663,"Right now , I’d say I’m feeling really happy . It’s been a good day—everything seems to be falling into place , and I’m surrounded by people who make me feel supported . I’ve been able to do things that bring me joy , like spending time with friends , enjoying a favorite hobby , or just relaxing . It’s one of those moments where I feel content with where I am , and I’m grateful for the little things .  ",2024-11-14T22:06:09.000000,7,false,1.0,2.0,1.723375,0.651235294117647
63,4664,"I am currently feeling a sense of calm and focus . It ' s one of those moments when everything feels balanced , and I can approach things with a clear mind . There’s also a subtle excitement beneath the calm , as I know there’s always something new to learn and discover , whether through conversations or experiences . It’s a quiet contentment , mixed with a bit of curiosity about what comes next .",2024-11-15T12:15:35.000000,7,false,2.0,0.0,1.7787199999999999,0.5307142857142857
63,4666,"I am feeling somewhat lively today . There ' s a bit of energy in the air , and even though it’s been a busy morning , I’m staying upbeat . It’s one of those days where I’m motivated to get things done , but also taking moments to enjoy the little things around me .",2024-11-16T12:08:06.000000,7,false,0.0,2.0,1.652533333333333,0.648
63,4668,"I am feeling somewhat lively today . There ' s a bit of energy in the air , and even though it’s been a busy morning , I’m staying upbeat . It’s one of those days where I’m motivated to get things done , but also taking moments to enjoy the little things around me .",2024-11-17T12:03:03.000000,7,false,0.0,2.0,1.652533333333333,0.648
63,4673,"Right now , I feel somewhat calm , though there ' s a quiet sense of restlessness beneath the surface . While I’m not feeling particularly stressed , there’s a slight undercurrent of anticipation as I work through tasks and think about upcoming challenges .",2024-11-19T12:33:00.000000,7,false,2.0,0.0,0.8303529411764707,0.6867368421052631
63,4676,"Right now , I feel somewhat calm , though there ' s a quiet sense of restlessness beneath the surface . While I’m not feeling particularly stressed , there’s a slight undercurrent of anticipation as I work through tasks and think about upcoming challenges .",2024-11-20T12:50:52.000000,7,false,0.0,2.0,0.8303529411764707,0.6867368421052631
63,4677,"Right now , I feel somewhat calm , though there ' s a quiet sense of restlessness beneath the surface . While I’m not feeling particularly stressed , there’s a slight undercurrent of anticipation as I work through tasks and think about upcoming challenges .",2024-11-20T17:35:58.000000,7,false,2.0,1.0,0.8303529411764707,0.6867368421052631
63,4679,"I am currently feeling very happy , and it’s a wonderful sense of contentment that’s filling me up . Everything around me seems to be falling into place , and I’m enjoying the little things , like a good conversation or a moment of peace . There’s a kind of calm joy in knowing that I’m in a good place right now , mentally and emotionally .",2024-11-21T12:03:30.000000,7,false,2.0,1.0,2.0848,0.7691034482758621
63,4680,"I am currently feeling very happy , and it’s a wonderful sense of contentment that’s filling me up . Everything around me seems to be falling into place , and I’m enjoying the little things , like a good conversation or a moment of peace . There’s a kind of calm joy in knowing that I’m in a good place right now , mentally and emotionally .",2024-11-21T17:52:46.000000,7,false,2.0,1.0,2.0848,0.7691034482758621
63,4684,"I am currently feeling very happy , and it’s a wonderful sense of contentment that’s filling me up . Everything around me seems to be falling into place , and I’m enjoying the little things , like a good conversation or a moment of peace . There’s a kind of calm joy in knowing that I’m in a good place right now , mentally and emotionally .",2024-11-23T12:15:11.000000,7,false,2.0,1.0,2.0848,0.7691034482758621
63,4685,"I am currently feeling very happy , and it’s a wonderful sense of contentment that’s filling me up . Everything around me seems to be falling into place , and I’m enjoying the little things , like a good conversation or a moment of peace . There’s a kind of calm joy in knowing that I’m in a good place right now , mentally and emotionally .",2024-11-23T17:58:46.000000,7,false,2.0,1.0,2.0848,0.7691034482758621
63,4688,"Right now , I’m feeling incredibly upbeat and content . There’s a sense of warmth and positivity that fills me , making everything feel brighter and more enjoyable . It’s as if the little moments in life have become more meaningful , and I find myself smiling at even the simplest things .\ n \ nIn this happy mood , everything around me seems to sparkle with possibility . I feel a sense of gratitude for the good things in my life , no matter how small .",2024-11-25T12:27:56.000000,7,false,2.0,1.0,2.4783749999999998,0.8234375
63,4654,"Happy , Active , Cool , Energetic , Fine",2024-11-12T12:05:40.000000,7,true,1.0,1.0,3.0311999999999997,1.4904
63,4655,"Active , Cool , Calm , Reserved , Fine",2024-11-12T17:10:01.000000,7,true,0.0,2.0,2.4384,0.5008
63,4656,"Calm , Cool , Neutral , Reserved , Fine",2024-11-12T22:09:54.000000,7,true,1.0,2.0,1.8336,0.06400000000000006
63,4657,"Happy , Cool , Active , Fantastic , Fine",2024-11-13T12:08:50.000000,7,true,1.0,1.0,3.2263999999999995,1.3528
63,4659,"Happy , Cool , Delightful , Reserved , Active",2024-11-13T22:02:43.000000,7,true,1.0,1.0,2.7784,1.4448
63,4661,"Calm , Warmth , Lightheaded , Anxious , Cool",2024-11-14T12:01:08.000000,7,true,0.0,1.0,1.2256,0.9136
63,4665,"Active , Happy , Cool , Amazing , Reserved",2024-11-15T22:15:06.000000,7,true,0.0,2.0,2.7592000000000003,1.5264000000000002
63,4667,"Happy , Calm , Relaxed , Cool , Coordinated",2024-11-16T22:10:56.000000,7,true,1.0,2.0,3.1216,0.7628
63,4669,"Active , Cool , Happy , Reserved , Demure",2024-11-17T17:14:16.000000,7,true,1.0,1.0,2.4135999999999997,1.1088
63,4670,"Happy , Cool , Satisfied , Reserved , Active",2024-11-17T22:17:09.000000,7,true,1.0,1.0,2.8440000000000003,1.321
63,4672,"Active , Cool , Happy , Amazed , Qualified",2024-11-18T22:03:52.000000,7,true,0.0,2.0,2.8487999999999998,1.784
63,4674,"Cool , Calm , Reserved , Relaxed , Good",2024-11-19T17:40:12.000000,7,true,2.0,0.0,2.6512,0.055199999999999916
63,4675,"Happy , Cool , Reserved , Good , Calm",2024-11-19T22:01:58.000000,7,true,1.0,1.0,2.8552,0.6072
63,4678,"Calm , Cool , Reserved , Fine , Amazed",2024-11-20T22:03:50.000000,7,true,2.0,0.0,2.3568000000000002,0.5399999999999999
63,4681,"Happy , Cool , Active , Fine , Reserved",2024-11-21T22:11:13.000000,7,true,2.0,1.0,2.6264,1.0488
63,4683,"Enthusiastic , Excited , Lively , Relaxed , Serene",2024-11-22T12:11:32.000000,7,true,2.0,2.0,2.8912,1.2288
63,4686,"Happy , Active , Cool , Fine , Reserved",2024-11-23T22:24:00.000000,7,true,2.0,1.0,2.6264,1.0488
63,4687,"Active , Happy , Excited , Cool , Reserved",2024-11-24T17:23:54.000000,7,true,2.0,1.0,2.7624,1.6016
85,240,"tired , bothered , confused , exhausted , reslient",2024-09-22T22:54:17.000000,7,true,0.0,1.0,-2.7520000000000002,0.8533333333333333
85,241,"Lively , Energetic , Challenged , Comfortable , Quiet",2024-09-23T12:37:06.000000,7,true,0.0,1.0,1.7944,1.1871999999999998
85,242,"Tired , Relaxed , Calm , Thoughtful , Safe",2024-09-23T22:24:18.000000,7,true,0.0,0.0,1.488,-0.1936
85,243,"Tired , Busy , Thoughtful , Considerate , Humble",2024-09-24T12:01:03.000000,7,true,0.0,1.0,0.5472000000000001,0.22299999999999998
85,244,"Exhausted , Tired , Calm , Excited , Hungry",2024-09-24T17:55:09.000000,7,true,-2.0,0.0,-0.6176,0.9288000000000001
85,245,"Tired , Exhausted , Calm , Candid , Humored",2024-09-24T22:00:34.000000,7,true,0.0,0.0,0.2304,0.4368000000000001
85,246,"Refreshed , Energetic , Content , Hopeful , Lively",2024-09-25T17:02:37.000000,7,true,2.0,2.0,2.904,1.1664
85,247,"Relaxed , Alert , Amused , Resilient , Excited",2024-09-26T12:45:35.000000,7,true,1.0,1.0,2.514,1.5464
85,248,I am currently working and extremely tired . It is a wet and dreary day . I believe this is affecting my overall mood and energy . I cannot wait to get home and relax . It hasn’t been bad my energy label is just not high .,2024-09-26T17:33:28.000000,7,false,-2.0,0.0,0.5690909090909091,0.7130000000000001
85,260,"I’m bed breaking sleep to take this survey . I’m so tired . I had a pretty long day but it was good , I just need to sleep . After this I’m going right back , I usually have trouble sleeping but not tonight .",2024-09-26T22:00:36.000000,7,false,-2.0,0.0,1.1909333333333334,0.4602105263157895
85,261,Today is a good day . No major complete issues . Almost end of day where I can go home start laundry and relax . I will get all chores out of the way so I can have an easy relaxed weekend after the work week .,2024-09-27T17:23:44.000000,7,false,2.0,2.0,1.7512727272727275,0.4492499999999998
85,262,"I’m exhausted and I cannot understand why . I slept good and had a good day . But after I finish this survey I am going to bed , my eyes are ready to close as I type . Could be the change in weather who knows .",2024-09-27T22:00:31.000000,7,false,-2.0,0.0,0.9648000000000001,0.5577894736842104
85,263,"Cold , Content , Lively , Reluctant , Thoughtful",2024-09-28T12:01:15.000000,7,true,1.0,2.0,0.6784000000000001,1.0512000000000001
85,264,"Relaxed , Mellow , Calm , Optimistic , Hopeful",2024-09-28T22:01:14.000000,7,true,0.0,0.0,2.8784,-0.1412
85,265,"Up starting my day , getting prepared for the work week . I went to bed late , but I slept pretty good , didn’t get the chance to do laundry yesterday that’s my goal today and to make some dinner . I will stay in the rest of the day , it’s damp and rainy !",2024-09-29T12:12:28.000000,7,false,0.0,1.0,1.6126956521739135,0.65456
85,266,I was napping and just woke up . It’s a wet dream day . I am about yo make done dinner and find a movie on Netflix to watch or even a documentary . My granddaughter wants me to come over but I’m not leaving the house today,2024-09-29T17:09:26.000000,7,false,0.0,1.0,1.3972631578947368,0.6143157894736843
85,267,"Folding laundry , ate dinner , and getting ready for bed . After I make my bed , I am exhausted , and I hope to sleep well tonight as I will need to be up by 6am to be to work by 7am . Prepared my lunch and fruits to take for the day . I will need to leave in time .",2024-09-29T22:00:30.000000,7,false,-2.0,0.0,1.5518400000000003,0.5882962962962963
85,268,"Calm , Relaxed , Accomplished , Content , Hopeful",2024-09-30T17:34:00.000000,7,true,2.0,0.0,2.9135999999999997,-0.252
85,269,"Calm , Relaxed , Energetic , Content , Optimistic",2024-09-30T22:00:26.000000,7,true,1.0,0.0,2.928,0.47119999999999995
85,271,"Today is a great day for me . I feel lively energy is in full motion . I’m having a great morning , sleep was exceptionally well ! At times I have difficulty sleeping but I slept and arises early to get my day started .",2024-10-01T12:18:06.000000,7,false,2.0,2.0,2.0309473684210526,0.6702857142857143
85,272,"Calm , Sleepy , Relaxed , Thankful , Grateful",2024-10-01T17:11:59.000000,7,true,0.0,1.0,2.8335999999999997,-0.26639999999999997
85,273,"tired , accomplished , comfortable , clean , blessed",2024-10-01T22:01:31.000000,7,true,2.0,0.0,1.8544,-0.07100000000000017
85,274,"Pretty calm now , waiting to leave for the day . Start was pretty good and busy , but it had slowed down a great deal .\ n All seems good so major things happening nor do I have any complaints . A little tired other than that great !",2024-10-02T17:29:20.000000,7,false,0.0,1.0,1.1327272727272726,0.5883478260869566
85,275,"Tired , Sleepy , Drained , Overworked , Calm",2024-10-02T22:02:11.000000,7,true,-2.0,0.0,-0.7248000000000001,0.2824
85,276,"Busy , Active , Content , Silent , Humble",2024-10-03T12:08:02.000000,7,true,2.0,2.0,1.3584,0.387
85,277,"Tired , Calm , Relaxed , Interested , Thoughtful",2024-10-03T22:03:42.000000,7,true,-2.0,0.0,1.2512,-0.015200000000000102
85,278,"Today is a great day . The sun is out and it’s elevating my mood . Other than that , I slept very well which was much needed . And I feel like my energy has been revived and elevated ! Hoping for an overall peaceful day !",2024-10-04T12:47:23.000000,7,false,0.0,1.0,2.034117647058824,0.5502105263157896
85,287,"Ending of day , looking forward to a satisfying weekend . Need to complete so chores and give back to the community for clothes that I no longer use that are sitting in bins or in my closet . It’s long overdue so I need to start working on it ASAP . I need to purchase something’s off ORG as well . Been off track a little , now I’m back .",2024-10-04T17:35:28.000000,7,false,2.0,0.0,0.8764800000000003,0.5935862068965518
85,288,"Happy , Optimistic , Hopeful , Thoughtful , Excited",2024-10-04T22:51:24.000000,7,true,1.0,1.0,3.1896,1.3144
57,205,"When I came home I felt invigorated after a good gym workout . I cooked and ate lunch . Post meal and shower , I am feeling calm , sleepy and relaxed . I am going to a Halloween party tonight so I am also excited . However , I am anticipating being tired after the party is over .",2024-10-26T17:00:22.000000,7,false,0.0,0.0,1.8901818181818186,0.986086956521739
57,238,"I am feeling somewhat tired currently because last night my friends and I went out to a halloween party and came back home late . However , I am also feeling full after a good lunch and productive post cleaning .",2024-10-27T17:12:00.000000,7,false,0.0,1.0,1.088842105263158,0.7247
57,270,I am feeling somewhat tired . I woke up early this morning so I could get some work done before heading to lectures . I am feeling motivated to get a workout in later . I am looking forward to getting through the week so I can enjoy the weekend events .,2024-10-28T12:05:42.000000,7,false,-1.0,0.0,1.5817999999999999,1.02064
57,289,I am feeling tired but happy that I have gotten through my lectures and quiz and have come home . I am feeling motivated to finish my assignment so that I can take a break and possibly nap . I am somewhat distracted thinking about cooking dinner in some time .,2024-10-28T17:00:20.000000,7,false,-1.0,0.0,1.1946666666666668,0.6345384615384615
57,372,I am currently tired . I am doing a night shift at the hospital . I am anticipating the night ahead . I am feeling full from dinner . I had some popcorn which made me happy . I am somewhat uncomfortable because it is hot here .,2024-10-29T22:00:18.000000,7,false,0.0,0.0,0.8383333333333333,0.931
57,383,I am feeling tired on my night shift at the hospital . I am full from my dinner . I am calm and content . I am anticipating the night ahead and the assignments I need to complete . I am looking forward to my anniversary tomorrow .,2024-10-30T22:05:01.000000,7,false,-1.0,0.0,1.4382857142857142,0.6333333333333333
57,417,I am currently feeling slightly tired and anticipating the rest of the day . In a little while I have to head out to my night shift . I am feeling calm . I feel full from lunch . I am happy because today is my dating anniversary .,2024-10-31T17:39:10.000000,7,false,0.0,1.0,1.6190588235294119,0.5321052631578946
57,589,I am feeling calm and content . I am looking forward to the weekend and visiting my mom back home . I am happy because we had dinner together and had some ice cream . I am somewhat tired from the week . I am glad I don’t have to go back for more nights .,2024-11-01T22:31:47.000000,7,false,1.0,1.0,1.861,0.5962608695652174
57,600,I am feeling calm and content after going out for dinner with my family . We also stopped to get some dessert after dinner . I am feeling peaceful and determined to get some studying done tonight . I am looking forward to tomorrow .,2024-11-02T22:00:22.000000,7,false,2.0,0.0,2.163111111111111,0.5854444444444444
57,634,I am feeling tired and slightly sluggish . I am also feeling accomplished because I have completed my prep for the coming week . I am feeling good because I have also caught up on some studying as well as housework . I am looking forward to going to bed to rest soon .,2024-11-03T22:00:43.000000,7,false,-1.0,0.0,1.535157894736842,0.5627272727272725
57,645,I am feeling neutral and slightly tired . I did not sleep well last night because I slept on the couch . My partner is sick and I am hoping not to get sick . I am feeling motivated to get some studying done today for my exam coming up .,2024-11-04T12:09:25.000000,7,false,0.0,1.0,0.824952380952381,0.6717599999999999
57,646,I am feeling tired after getting home from a long day of lectures . I am anticipating more studying now that I am home . I am looking forward to getting some laundry folded and making dinner later . I am anticipating my day tomorrow on a new unit .,2024-11-04T17:34:59.000000,7,false,-1.0,0.0,1.2482105263157892,0.581
57,648,I am currently feeling tired . I woke up very early for my shift at the hospital and did not have a good night ' s sleep . I am looking forward to see my family tonight in order to celebrate my birthday . I am happy they live nearby and will be able to visit .,2024-11-05T12:02:46.000000,7,false,0.0,0.0,1.8899130434782607,0.96624
57,649,I am feeling tired because I have been on shift since 6am . I am looking forward to go home soon and head out so I can vote . I am excited and happy my family is coming to see me tonight . We are going to celebrate my birthday .,2024-11-05T17:00:20.000000,7,false,0.0,0.0,1.9325,1.0180952380952382
57,650,"I am feeling very happy because my family came to celebrate my birthday with me . They brought me cake , flowers and gifts . I am anticipating going in for my early shift tomorrow . I am somewhat nervous to give a presentation .",2024-11-05T22:31:40.000000,7,false,2.0,1.0,2.0524999999999998,1.2292941176470586
57,659,I am feeling tired . I got to my shift very early in the morning and am looking forward to going home . I am anticipating a presentation during the middle of the day today . I am looking forward to being done with it and getting back to studies .,2024-11-06T12:20:34.000000,7,false,0.0,0.0,1.3222500000000001,0.9404210526315789
57,670,I am feeling tired and ready to go home . I am anticipating my turn to present at work . I am looking forward to getting home and getting some housework done . I have a lot of work to do once I am able to leave . I am looking forward to the weekend .,2024-11-06T17:00:24.000000,7,false,0.0,0.0,1.3375238095238093,0.7492727272727273
57,681,I am feeling tired now that I am home from a long day at work . I am full from a delicious dinner . I am anticipating my day tomorrow because I have a big case in the morning and this will be my last day on the unit . I am looking forward to being done .,2024-11-06T22:00:27.000000,7,false,1.0,0.0,1.3894545454545453,0.47456
57,685,I am feeling somewhat out of sorts . I have been working really early and long hours this month . I am looking forward to being done with this rotation . I am happy that I will get to go out this weekend to celebrate my birthday . I am curious as to where we are going .,2024-11-07T17:01:13.000000,7,false,-1.0,0.0,2.1144999999999996,1.0601904761904761
57,11,"Calm , Excited , Happy , Calm , Calm",2024-10-26T12:00:25.000000,7,true,1.0,0.0,3.2408,0.4528
57,216,"Anticipating , Tired , Excited , Happy , Calm",2024-10-26T22:00:27.000000,7,true,0.0,1.0,1.801,1.033
57,227,"tired , sleepy , calm , tired , sleepy",2024-10-27T12:06:58.000000,7,true,-2.0,0.0,-0.26720000000000005,-0.25280000000000014
57,259,"tired , calm , free , happy , chill",2024-10-27T22:01:50.000000,7,true,0.0,0.0,1.9608,0.30800000000000005
57,302,"calm , full , tired , calm , full",2024-10-28T22:19:40.000000,7,true,1.0,0.0,0.9263999999999999,-0.25839999999999996
57,303,"tired , anticipating , happy , calm , calm",2024-10-29T12:00:13.000000,7,true,0.0,0.0,1.7349999999999999,0.1519999999999999
57,357,"tired , anticipating , full , tired , anticipating",2024-10-29T17:05:53.000000,7,true,-1.0,0.0,-1.728,0.18533333333333335
57,374,"Tired , Calm , Exhausted , Tired , Calm",2024-10-30T12:53:53.000000,7,true,-2.0,0.0,-0.6032,-0.07440000000000002
57,375,"tired , calm , content , tired , calm",2024-10-30T17:00:15.000000,7,true,0.0,0.0,0.4224,-0.17599999999999993
57,399,"tired , hungry , calm , tired , calm",2024-10-31T12:00:56.000000,7,true,0.0,0.0,-0.6672,0.1392
57,428,"tired , calm , content , tired , calm",2024-10-31T22:00:19.000000,7,true,0.0,0.0,0.4224,-0.17599999999999993
57,564,"tired , calm , content , tired , focused",2024-11-01T12:00:18.000000,7,true,0.0,0.0,-0.22199999999999998,-0.020000000000000018
57,578,"Hungry , Content , Calm , Content , Calm",2024-11-01T17:19:59.000000,7,true,0.0,1.0,1.3776,0.10560000000000014
57,623,"Callm , Content , Peaceful , Calm , Content",2024-11-03T12:00:24.000000,7,true,1.0,0.0,2.54,-0.30400000000000005
57,647,"Calm , Content , Tired , Calm , Content",2024-11-04T22:00:24.000000,7,true,0.0,0.0,1.4448,-0.19279999999999986
57,686,"Calm , Tired , Calm , Tired , Calm",2024-11-07T22:02:53.000000,7,true,0.0,0.0,0.6,-0.3728
57,687,"Calm , Content , Rested , Calm , Content",2024-11-08T12:02:11.000000,7,true,0.0,1.0,2.512,-0.25839999999999996
57,688,"calm , content , happy , calm , content",2024-11-08T17:00:33.000000,7,true,1.0,1.0,2.8327999999999998,0.14160000000000006
172,4401,"Calm , Tired , Sleepy , Hungry , Stressed",2024-10-23T12:09:05.000000,7,true,1.0,2.0,-1.0336,0.5376
172,4402,"Lonely , Overwhelmed , Indifferent , Curious , Emotional",2024-10-23T17:07:13.000000,7,true,-2.0,0.0,-0.15839999999999996,0.9016
172,4403,"Calm , Energized , Hopeful , Motivated , Content",2024-10-24T12:18:07.000000,7,true,2.0,0.0,2.839,0.557
172,4404,"If I were to describe how I’m currently feeling , I’d say I’m navigating a mix of emotions . I ' m currently feeling somewhat stressed from work and emotionally drained . It has been a hectic period , and I’ve been juggling several tasks that seem to require more energy than I have right now . The constant deadlines and the pressure to perform have started to take a toll on me , both mentally and physically . I find myself struggling to keep up with the demands , which has left me feeling exhausted at the end of each day . On top of that , it has been harder to find time to unwind or relax properly , and it feels like my energy is being drained without much opportunity for recovery .\ n \ nEmotionally , it has also been a bit overwhelming . I’ve had a lot on my mind lately , and I’m starting to feel like I’m reaching my limit . It’s tough to find the right balance between managing my responsibilities and taking care of my emotional well-being . There are moments when I feel stretched thin , almost like I’m on autopilot just trying to",2024-10-24T17:07:54.000000,7,false,-2.0,0.0,0.9322285714285714,0.7534074074074074
172,4405,"At the moment , I’m feeling drained , both physically and mentally . There’s this overwhelming sense of fatigue that’s settled in , making it hard to stay alert or focus on anything . My body feels heavy , like I’ve been carrying around the weight of the day for far too long . Sleep is all I can think about , but even beyond that , I feel a need for real rest , a break from everything that’s been piling up . \n \ nEmotionally , I’m quiet , almost withdrawn . I’m not really up for conversation or interaction right now , not because I don’t care , but because I don’t have the energy to engage the way I usually would . It feels like my mind has hit a pause button , and all I want is some peace—both around me and within me . My thoughts feel distant , almost muffled by the exhaustion , and I know that only sleep or some true relaxation can clear that fog . \n \ nIn this state , it’s hard to feel motivated to do anything productive , so I’m trying to give myself grace and just let my body and mind rest . Hopefully , with some good sleep and quiet",2024-10-24T22:54:14.000000,7,false,0.0,0.0,1.1970285714285718,0.6824943820224719
172,4406,"I’m feeling incredibly joyful and grateful today , as I received wonderful news last night that my sister gave birth to twins ! This call brought such a sense of excitement and warmth , and I can barely put into words how overjoyed I am for her . Hearing that both the babies and my sister are healthy and doing well has been a huge relief , and it fills me with immense gratitude . The thought of welcoming not just one but two new family members feels like a double blessing and has created such a sense of anticipation in me to meet them . I can already imagine all the moments of laughter , love , and growth that these little ones will bring into our family . The whole experience feels surreal and almost magical , knowing that my family is expanding in such a beautiful way . The excitement from this news has completely lifted my spirits , and I am eager to share in the joy with everyone . Today , I can’t help but feel full of positivity and appreciation , grateful for this wonderful addition to our lives . The thought of holding",2024-10-25T12:12:23.000000,7,false,2.0,2.0,2.1400493827160494,0.8961555555555555
172,4407,"Excited , Overwhelmed , Emotional , Surprised , Blessed",2024-10-25T17:12:37.000000,7,true,2.0,2.0,1.9552,1.7671999999999999
172,4408,"I ' m feeling a mix of happiness and stress right now . The happiness stems from recent joyful events , like welcoming new family member . It’s uplifting to have these positive experiences that bring warmth and smiles , especially when life can get busy . However , I also feel the weight of work stress . Meeting deadlines , handling multiple tasks , and staying productive can be quite intense , and at times , it feels overwhelming . There’s a constant need to balance my workload with personal time , which can be challenging .\ n \ nDespite the stress , I try to stay positive by focusing on small wins and taking breaks when possible . I remind myself that the hard work is for a purpose , which motivates me to keep going . It’s a balancing act that isn’t always easy , but knowing I have supportive people around me helps a lot . Even when things are busy , I’m grateful for the happiness I find in my personal life , as it brings a much-needed sense of peace amid work demands . Overall , I’m doing my best to stay grounded and focused on what ma",2024-10-25T22:07:44.000000,7,false,2.0,2.0,1.4967000000000001,0.9071566265060241
172,4409,"I’m currently feeling a bit overwhelmed and stressed , primarily because we recently had a late-night celebration for my sister’s birth of twins . The news was incredibly joyful , and we all wanted to make the occasion special , so we celebrated late into the night . The energy and excitement were great , as the birth of twins is a rare and wonderful event . However , the lack of sleep and the emotional highs of the celebration have taken a toll on me . While I am genuinely happy for my sister , I’m now left feeling both physically and emotionally drained . The exhaustion is catching up , as I didn’t get enough rest after the festivities . Additionally , the responsibility of planning and being part of the celebration added a bit of pressure , making it harder to relax afterward . It’s a strange combination of emotions—I ' m grateful and excited about the new additions to our family , yet I’m struggling with the stress of having had a late night and the need to get back to my routine . This mixture of joy and fatigue has left me",2024-10-26T12:31:26.000000,7,false,-2.0,0.0,1.2634594594594595,1.099392405063291
172,4410,"I ' m feeling quite exhausted lately . After the celebration of my sister ' s twins ' birth , I haven ' t had the chance to properly rest . It was such a joyful occasion , but work demands didn ' t slow down , and it ' s been tough juggling both responsibilities . The workload has been particularly stressful , and I’ve barely had any time to catch my breath . Despite wanting to get home and unwind , work keeps pulling me in , making it difficult to take a proper break . I’m definitely in need of some good rest , but at the moment , I just don’t see when that will be possible . My body and mind feel drained , and it’s becoming a challenge to maintain the same level of energy . All I really want is a day or two to recharge , but the workload isn ' t showing any signs of slowing down . It’s been a struggle to keep up with everything , and the lack of rest is starting to take a toll .",2024-10-26T22:45:12.000000,7,false,-2.0,0.0,1.0091764705882351,0.7823376623376623
172,4411,"I woke up feeling calm and content this morning , grateful for a restful night after the excitement of celebrating my sister ' s twins . The past few days have been a whirlwind of emotions and activities—joy , laughter , and the inevitable exhaustion that comes from organizing and participating in such a joyous occasion . It was truly special to see everyone come together to celebrate this wonderful moment , but now , I appreciate the peace that follows .\ n \ nLast night , I finally allowed myself to rest , letting go of the stress and busyness that had built up . I felt the weight lift as I drifted into a deep sleep , waking up refreshed and ready to face the day with a clear and peaceful mind . The joy from the celebration still lingers , but it ' s no longer overwhelming ; instead , it’s a warm , comforting memory I can carry with me .\ n \ nThis morning , there ' s a sense of quiet satisfaction and happiness . The house feels calm , and I’m enjoying the stillness after all the noise and excitement . I feel grounded , knowing that the stress o",2024-10-27T12:26:03.000000,7,false,1.0,1.0,1.7038987341772145,0.8319550561797753
172,4412,"Today has been incredibly stressful and exhausting , making me drained . It felt like the tasks and responsibilities just kept coming , with no end in sight . Every time I completed one thing , another challenge seemed to appear , making it hard to catch a break . The constant demands have taken a toll , and I’m finding it difficult to unwind and relax after such a tiring day .\ n \ nFrom early in the morning until late in the afternoon , it was nonstop activity—meetings , errands , and obligations all competing for my attention . I barely had a moment to breathe , and by the time I could sit down , it felt like the day had completely slipped away . Even now , I still feel the weight of the day pressing down on my shoulders , and it’s hard to shake the lingering stress .\ n \ nAll I want is to be able to put this exhausting day behind me , to find some calm and clarity amid the chaos . I know it’s important to rest , but it’s challenging to turn off my thoughts when they’re racing with everything that happened . I’m hoping for a Today has be",2024-10-27T22:02:13.000000,7,false,-2.0,0.0,0.6589743589743591,0.684870588235294
172,4413,"Calm , Recharged , Gentle , Relieved , Content",2024-10-28T12:22:59.000000,7,true,2.0,0.0,2.764,0.013000000000000123
172,4414,"I’m experiencing a mix of calmness and stress that has created a unique emotional state . Although there is a part of me that feels steady and collected , I can’t deny that the stress from work and daily responsibilities has been building up . It’s not overwhelming , but it’s present , like an undercurrent that I’m learning to navigate . Each day brings new tasks , and though the pressure can feel intense at times , I’m committed to taking things step-by-step . \n \ nManaging this stress requires finding a balance , which has pushed me to focus on staying grounded and keeping a level-headed approach , no matter how hectic things get . It’s as if I’m walking a tightrope between peace and tension , constantly adjusting to maintain my equilibrium . I’ve found that even in the midst of these heightened emotions , a calm mindset helps me tackle what’s in front of me without becoming overwhelmed . \n \ nThere are moments when I feel the weight of it all , but I’m choosing to focus on progress rather than perfection . Despite the stress , I f",2024-10-28T17:27:35.000000,7,false,1.0,2.0,0.8166470588235295,0.9302702702702702
172,4415,"I’m feeling utterly exhausted and sluggish after a long , demanding day filled with constant activity and stress . The weight of the day’s work has left me drained , and my energy feels completely spent , making it hard to stay focused or productive right now . Every task seemed to demand a bit more than usual , and by the end of it all , I’m simply running on empty . It’s like my body and mind are signaling that it’s time to pause , unwind , and recharge .\ n \ nThe tiredness isn’t just physical ; it’s mental too , as the stress from earlier feels like it’s lingering even now . Despite wanting to keep pushing forward , I recognize that I need to take a step back and allow myself some time to rest . My thoughts are a bit foggy , and even small tasks seem harder to tackle when feeling this worn out . Right now , I’m just looking forward to a moment to relax , clear my mind , and regain some of the energy I lost throughout this long , taxing day . It’s a reminder that sometimes , the best way to keep going is to simply pause and recuperate",2024-10-28T22:22:41.000000,7,false,-2.0,0.0,0.7290697674418605,0.673078651685393
172,4416,"Calm , Gentle , Happy , Peace , Comfort",2024-10-29T12:24:21.000000,7,true,2.0,0.0,3.2751999999999994,0.15760000000000007
172,4417,"Sad , Drained , Tense , Preoccupied , Distracted",2024-10-29T17:23:24.000000,7,true,-2.0,1.0,-1.7760000000000002,0.844
172,4418,"After a soothing and peaceful night’s rest , I’m feeling remarkably calm and centered this morning . The stress from previous days seems to have faded away , leaving me with a newfound sense of tranquility . Waking up after such a restful sleep feels like a gift , allowing me to fully reset both my mind and body . It’s incredible how the simple act of sleeping well has completely shifted my mood and perspective . I feel clear-headed and refreshed , ready to approach the day with a gentle energy and a lighter heart .\ n \ nAs I woke up , I took a few moments just to appreciate the quiet around me , letting myself ease into the morning . My thoughts weren’t racing , and for the first time in a while , I felt entirely present . It was comforting to feel so at peace , as if all of yesterday’s worries had been lifted , leaving me grounded and ready for whatever comes next .\ n \ nThis calmness feels like a reminder of the importance of rest , a chance to refocus on what matters most . I’m grateful for this morning’s clarity , carrying this feel",2024-10-30T12:40:25.000000,7,false,2.0,2.0,1.671230769230769,0.6748888888888889
172,4419,"Active , Determined , Productive , Resilient , Work",2024-10-30T17:10:57.000000,7,true,0.0,2.0,1.9032,1.4567999999999999
172,4420,"Tonight , I’m feeling quite stressed after a misunderstanding with a coworker that left me feeling unsettled and tense . The conversation didn’t go as planned , and despite my efforts to clarify things , it seemed like we were just talking past each other . I’ve been replaying the situation in my head , wondering if there was something I could have said differently to avoid the friction . It’s frustrating because we’re usually on good terms , and this unexpected tension has weighed on me heavily .\ n \ nThis lingering stress makes it difficult to wind down , as my mind keeps going back to the exchange . I find myself caught up in thoughts of what went wrong and how it might impact our work dynamic moving forward . It’s challenging to let go of these worries and just relax , especially since I care about keeping a positive and collaborative atmosphere with my team .\ n \ nI know I need to find a way to decompress and not let this ruin my night , but right now , I can’t help but feel anxious about the unresolved tension . Hopefully , with",2024-10-30T22:06:54.000000,7,false,0.0,0.0,0.34738888888888897,1.0248235294117647
172,4421,"Sick , Tired , Weak , Exhausted , Drained",2024-10-31T12:16:46.000000,7,true,-2.0,0.0,-2.6528,0.48239999999999994
172,4422,"Sick , Foggy , Weak , Exhausted , Drain",2024-10-31T17:35:37.000000,7,true,-2.0,0.0,-2.3392000000000004,0.5216000000000001
172,4423,"Sick , Tired , Drained , Exhausted , Overwhelmed",2024-10-31T22:02:20.000000,7,true,-2.0,0.0,-2.3952,0.8336
172,4424,"Today , malaria has taken a toll on me , especially in managing everything I needed to accomplish at work . The symptoms have drained my energy significantly , making it hard to stay on top of things . My head feels heavy and foggy , and the constant headache has been making it difficult to focus on even the simplest tasks . Every time I try to concentrate , it feels like the fever sets in even stronger , with waves of chills and sweats leaving me feeling out of sorts . Walking around the office , just moving from one task to the next , feels like I’m dragging myself through mud ; my muscles are sore , and I can’t shake the deep fatigue that has settled in .\ n \ nUsually , I can push through a day , even when it’s rough , but this feels different—like my body’s asking for more rest than I can give it right now . Every task feels like it’s taking double the effort , and keeping up with conversations and projects is challenging because I’m just not feeling present . I’m hoping for relief soon , as today has been a real struggle to get t",2024-11-01T12:46:36.000000,7,false,-1.0,0.0,0.6740298507462688,0.8188421052631579
172,4425,"Tonight has been challenging as the effects of malaria have hit me harder than expected , especially in the middle of my work duties . The fever , chills , and body aches have worn me down , making each task feel like a struggle . Simple activities that I could usually breeze through now feel draining , as though every ounce of energy I have is slipping away . I want to focus and stay on top of everything , but the fatigue is persistent , clouding my mind and slowing me down .\ n \ nEach time I try to push myself to get through a task , I feel my strength fading , and it’s frustrating . Normally , I take pride in my work , but right now , it’s hard to keep up with my responsibilities . The aches make it difficult to sit or even stay on my feet for extended periods , which only adds to the frustration . I can’t help but feel discouraged , knowing that this illness is keeping me from performing at my best . All I want is to feel healthy and strong again . For now , I’m doing what I can to make it through the night , hoping that some rest wi",2024-11-01T22:09:12.000000,7,false,-2.0,0.0,0.6337999999999999,0.9561348314606741
172,4426,"Sluggish , Dazed , Weak , Brighteyed , Lethargic",2024-11-02T12:39:13.000000,7,true,-1.0,0.0,-2.164,0.30699999999999994
172,4427,"Recovering from malaria has been a challenging journey . Physically , I’m still regaining my strength and energy ; simple tasks feel exhausting , and I often find myself needing to rest more than I’d like . There’s a lingering fatigue that makes it hard to concentrate , and my body feels like it’s still in the process of healing , each day bringing small improvements but also moments of frustration .\ n \ nEmotionally , I’m experiencing a mix of relief and vulnerability . I’m grateful to have overcome such a serious illness , but there’s a nagging worry about my health that lingers in the back of my mind . I’ve had to adjust my expectations , reminding myself that recovery takes time and patience . It’s a reminder of how fragile our well-being can be , which has made me more appreciative of the moments I feel better .\ n \ nDespite these challenges , there’s also a newfound resilience in me . I’m learning to listen to my body and give myself the care I need . There’s a growing sense of hope as I notice improvements in my strength and ene",2024-11-02T17:14:37.000000,7,false,-1.0,2.0,1.1988196721311473,0.7687999999999999
172,4429,"This morning , I woke up feeling much better and relieved after days of dealing with the draining effects of malaria . The illness had really taken a toll on me , impacting both my work and my overall well-being . The fever , body aches , and fatigue left me feeling exhausted and unable to keep up with my usual routine . Simple tasks became challenging , and my productivity took a hit as I focused on resting and recovering .\ n \ nHowever , today feels different . I woke up with more energy , and there’s a sense of clarity and lightness I haven’t felt in a while . It ' s such a relief to be able to get up and move around without feeling weighed down by fatigue . This improvement has lifted my spirits and renewed my motivation . I’m now eager to gradually return to my regular activities and catch up on things I had to set aside . Although I’ll still be careful not to overdo it , I’m grateful to be on the mend . Today , I can see myself regaining the strength and energy that malaria temporarily stole from me , and it feels empowering to",2024-11-03T12:29:11.000000,7,false,0.0,1.0,0.7721012658227849,0.9423255813953488
172,4430,"Recovering , Relieved , Hopeful , Thankful , Calm",2024-11-03T17:05:50.000000,7,true,0.0,2.0,3.3739999999999997,0.06499999999999995
172,4431,"Grateful , Thoughtful , Relieved , Strenghthened , Tired",2024-11-03T22:56:41.000000,7,true,1.0,2.0,1.2919999999999998,0.274
172,4432,"This morning , I started the day feeling lively and refreshed , finally free from the lingering effects of malaria . After days of working through the fatigue , it’s a huge relief to wake up feeling more like myself again . The renewed energy has set a positive tone for the day , and I’m thankful for the strength to approach everything with a clear mind and uplifted spirits .\ n \ nWith this fresh mindset , I’m eager to dive into my tasks and make the most of the day . Despite pushing through while feeling unwell , I’m now ready to fully engage and be even more productive . It’s empowering to tackle each responsibility with enthusiasm , and I’m determined to keep the momentum going .",2024-11-04T12:31:23.000000,7,false,1.0,1.0,1.4548888888888896,1.0297959183673469
172,4433,"This afternoon , I’m feeling a steady sense of motivation as I continue with my work , grateful for the energy and focus that’s carried me through the day . There’s a calm satisfaction in knowing I’m making good progress , allowing me to fully engage with each task . I feel more grounded , approaching my responsibilities with clarity and a sense of purpose .\ n \ nThe usual demands of the day feel manageable , and I’m enjoying the rhythm that comes with being productive and staying on track . The boost in my mood has kept me focused , and I’m closing out the day feeling accomplished . It’s rewarding to see the positive impact of consistency and determination , leaving me ready to carry this energy forward into the rest of the week .",2024-11-04T17:58:02.000000,7,false,2.0,2.0,2.0578113207547166,0.9273076923076923
172,4434,"Tonight , I’m reflecting on a productive day , feeling both satisfied and grateful for how everything went . From the start , I felt a positive energy that helped me tackle my tasks effectively , and that momentum carried me through the day . It’s been fulfilling to handle my responsibilities with such focus , and I’ve managed to make real progress on my goals , which leaves me feeling accomplished .\ n \ nWhile the day had its usual challenges , I was able to meet them with patience and resilience , staying grounded and clear-headed . Looking back , I’m proud of how I kept up my pace without getting overwhelmed , and I’m ending the day on a high note . There’s a sense of calm in knowing I gave my best , and I’m looking forward to carrying this energy into tomorrow .",2024-11-04T22:02:46.000000,7,false,1.0,2.0,1.8371764705882356,0.9619285714285715
172,4435,"Calm , Positive , Focused , Refreshed , Confident",2024-11-05T12:19:33.000000,7,true,2.0,0.0,3.018,0.0013333333333335196
172,4436,"Relaxed , Positive , Concentrated , Busy , Determined",2024-11-05T17:31:04.000000,7,true,1.0,2.0,2.0704000000000002,0.30399999999999994
172,4437,"Aching , Restless , Calm , Content , Relieved",2024-11-05T22:04:32.000000,7,true,1.0,1.0,0.4912000000000001,0.88
174,4444,"Achey , Sick , Exhausted , Depressed , Irritable",2024-08-07T17:00:54.000000,7,true,-2.0,1.0,-3.274,1.251
174,4445,I am feeling overwhelmed and I keep crying uncontrollably .   I do not know why . I am emotional for no discernable reason .    I feel like a burden because I am so effusively sad and anxious .   I cannot contain it and am crying in front of others and am unable to stop .,2024-08-07T22:00:53.000000,7,false,-2.0,1.0,0.11913043478260878,1.1705
174,4446,"I am looking forward to being able to see my close friend .   I am working on a crochet project that is a surprise for a different close friend .   These things are lifting my mood slightly .   However , I still feel overwhelmed and anxious , although that is covered up by a general feeling of being numb .",2024-08-08T17:01:27.000000,7,false,1.0,0.0,0.9913600000000004,0.7750833333333333
174,4447,"Sentimental , Tired , Numb , Blank , Loving/caring",2024-08-08T22:05:36.000000,7,true,0.0,0.0,-1.3059999999999998,0.344
174,4448,"Drained , Nervous , Irritable , Moody , Spacey/brain fog",2024-08-09T12:02:15.000000,7,true,-1.0,0.0,-2.2489999999999997,1.5896000000000001
174,4449,"Nauseous , Lethargic , Afraid , Overwhelmed , Sensitive",2024-08-09T17:06:55.000000,7,true,-1.0,1.0,-1.7352,1.2456
174,4450,"Overstimulated , Overwhelmed , Exhausted , Irritable , Fragile",2024-08-10T17:07:09.000000,7,true,-1.0,2.0,-2.244,1.218
174,4451,"I am feeling overstimulated and overwhelmed .   As long as I am alone and nothing is happening , I am okay , but it is fragile .   When anyone talks to me it is too much and I get angry at the sound .   Even the tv on as background noise is too much , but silence is also irritating .   I am crocheting and I am not necessarily enjoying it but it is keeping my mood neutral as opposed to anxious or panicked .",2024-08-10T22:01:24.000000,7,false,1.0,0.0,-0.30483333333333335,0.8734285714285714
174,4452,"I feel fragile again - as in , so long as I am by myself with no outside stumuli I am numb or even okay .   Positive stimuli is able to affect me somewhat .   I am still overly emotional about small things and very easily made irritable or sad .",2024-08-11T12:19:49.000000,7,false,0.0,1.0,0.22870588235294118,0.8625555555555555
174,4453,"I feel very exhausted .   I am hyper focused on crocheting but I am running out of steam .   I am not interested in anything other than crocheting , so I feel anxious about running out of energy .   I might burn myself out crocheting , or I might save my energy and become frustrated due to boredom .",2024-08-11T17:01:58.000000,7,false,-2.0,0.0,0.4733333333333334,1.4708
174,4454,"Triggered (PTSD) , Triggered (eating disotder) , Anxious , Nauseous , Drained",2024-08-11T22:03:43.000000,7,true,-1.0,2.0,-0.8864000000000001,1.7946666666666666
174,4455,"I mostly feel physically and emotionally exhausted .   I have been unable to sleep well .   I do not function well at all when I haven ' t slept well .   I mostly feel numb and lonely , but would feel irritable around people or with any kind of noise . I do not feel capable of doing anything .",2024-08-12T12:06:36.000000,7,false,-1.0,1.0,0.9723636363636367,0.7896296296296297
174,4456,I am feeling very anxious and overwhelmed .   I keep crying for no apparent reason .   I feel very scared and small .   I feel vulnerable and depressed .   I ' m having frequent panic attacks .   I feel lonely despite having social interactions .,2024-08-12T22:16:26.000000,7,false,-2.0,2.0,-0.1866666666666666,1.120235294117647
174,4457,"I am feeling drained and irritable .   I am still very exhausted and I am bored because I am too tired to do anything .   I am irritable perhaps because I am bored , or perhaps because I am still so tired .   I am still having a lot of brain fog and I feel slow .",2024-08-13T22:01:06.000000,7,false,-1.0,1.0,-0.7813333333333331,0.408695652173913
174,4458,"I am exhausted .   I have slept enough but I still feel emotionally drained and tired .   I don ' t know what my issue is at this point .   I feel like since I finally slept , I should be less tired , but I guess life is a never-ending cycle of exhaustion",2024-08-14T12:06:25.000000,7,false,-2.0,0.0,0.2,0.64175
174,4459,"Scared , Sad , Overwhelmed , Exhausted , Anxious",2024-08-14T17:06:05.000000,7,true,-2.0,1.0,-2.2144000000000004,1.5112
174,4460,"Sad , Scared , Overwhelmed , Anxious , Lonely",2024-08-14T22:02:06.000000,7,true,-2.0,1.0,-2.0112,1.3536
174,4461,"Tired , Sad , Scared , Overwhelmed , Small",2024-08-15T12:04:50.000000,7,true,-2.0,0.0,-1.7936,0.8904000000000001
174,4462,I feel overwhelmed .   I feel depressed .   I feel hopeless .   I keep crying and I do not know why I am crying .   I feel scared . I do not feel capable of doing much .   I am less tired than I have been but I feel too overwhelmed to function anyhow .,2024-08-15T17:10:14.000000,7,false,-1.0,2.0,0.17781818181818188,1.08575
174,4463,I keep having scary intrusive thoughts of horrible things happening .   I am overwhelmed .   I am crying a lot .   I am tired and scared .   I feel depressed and hopeless .   I feel unsafe and insecure .   I just want things to feel better and they never do .,2024-08-15T22:02:13.000000,7,false,-2.0,1.0,-0.5008695652173916,1.1095000000000002
174,4464,"Hurt , Sad , Betrayed , Unsafe , Worried",2024-08-16T17:11:41.000000,7,true,-2.0,1.0,-3.0112,1.6088
174,4465,"Hurt , Lonely , Sad , Upset , Scared",2024-08-16T22:04:27.000000,7,true,-2.0,1.0,-2.7936,1.272
174,4466,"I am feeling upset and sad and lonely .   I thought I was known by a person close to me , and now I feel as if they never truly knew me and it feels like a rejection .   How can I still be loved if they never actually knew me ?   You can learn who I am and learn to love that person , but currently , the idea of me is loved because they don ' t actually know me .   I feel scared and I want to be loved for me .",2024-08-17T12:04:46.000000,7,false,-2.0,1.0,0.8384705882352941,0.7709999999999999
174,4467,"Lethargic , Desolate , Exhausted , Sad , Hurt",2024-08-17T22:41:07.000000,7,true,-2.0,1.0,-2.8352,0.6752
174,4468,"Tired , Lethargic , Depressed , Low energy , Sluggish",2024-08-18T12:01:38.000000,7,true,-1.0,0.0,-1.5693333333333335,0.384
174,4469,"Exhausted , Tired , Discouraged , Cranky , Irritable",2024-08-18T22:01:13.000000,7,true,-2.0,1.0,-2.7616,1.2176
174,4470,"I feel like I am suspended within molasses and can move or think only with some effort .   I am exhausted and sluggish .   However , I am more capable than the past couple days , and I have not cried yet .   I am incredibly irritable .",2024-08-19T17:05:56.000000,7,false,-1.0,0.0,0.4482222222222223,0.9609473684210527
174,4471,"Exhausted , Cranky , Irritable , Tired , Overwhelmed",2024-08-19T22:01:13.000000,7,true,-2.0,0.0,-2.5680000000000005,1.5184
174,4472,"Irritable , Angry , Annoyed , Depressed , Cranky",2024-08-20T12:04:17.000000,7,true,-2.0,2.0,-3.1104,2.0288
174,4474,"I am feeling numb and blank , and perhaps somewhat content , so long as I am by myself .   I was able to accomplish some minor things today and am now exhausted and at my limit for the day .   When I am not alone , I become irritable and overstimulated .   I feel extremely exhausted and sleepy .",2024-08-20T17:01:16.000000,7,false,-1.0,0.0,0.2576842105263158,0.6774545454545455
174,4475,"On edge , Irritable , Antsy , Agitated , Restless",2024-08-20T22:43:35.000000,7,true,-1.0,2.0,-1.3392000000000002,1.9376000000000002
103,1492,I’m feeling irritable and annoyed . I feel anxious and just like mad . I feel like I should have slept more but it’s impossible because people are shutting doors . Everyone is annoying cause they talk back and don’t know how to do things right .,2024-10-05T12:02:41.000000,7,false,-1.0,2.0,0.37566666666666676,0.940695652173913
103,1493,"I feel okay . Watching the football game . I have work tomorrow . Drinking my morning coffee and had yogurt . Figuring out what I need to do this week . Planning what to wear and thinking ahead , my youngest child has a picture day so I have to figure out what he’s wearing .",2024-10-06T12:13:36.000000,7,false,0.0,1.0,1.6876521739130437,0.7305217391304348
103,1494,I’m tired . Need a nap . Dreading having to go to work tomorrow . Missing my boyfriend and not looking forward to the full work week . I don’t like one of my coteachers . She’s kind of annoying . She’s lazy and constantly makes excuses for herself .,2024-10-06T17:11:55.000000,7,false,-2.0,0.0,0.5063529411764707,0.7304999999999999
103,1499,"At work , dealing with students , trying to be prepared is annoying . Dealing with different variables like laptops etc . admin keeps telling us what strategies to try and enforcing us to do them is unrealistic based on students’ levels . I have a lazy co-teacher who is super negative and just breathes out sighs a lot . Irritating .",2024-10-08T12:00:19.000000,7,false,-1.0,2.0,0.7123333333333334,0.9821052631578947
103,1504,I have a headache . I’m not feeling well but okay since I’m watching survivor . Took a Tylenol and drank some water so hopefully the headache will go away . Work is annoying because coworkers are lazy and don’t know how to contribute .,2024-10-09T22:01:23.000000,7,false,-2.0,0.0,0.5811111111111111,0.8726315789473684
103,1506,Irritated because my son is driving me Insane . He reads with a funny voice that reminds me of an annoying student at school . He slams his body against my bed . It’s super annoying . I don’t like it when I have to repeat myself . And he doesn’t listen the first second or third time .,2024-10-10T22:05:49.000000,7,false,-1.0,2.0,0.7398181818181816,0.8690434782608696
103,1507,Tired . My boyfriend and his son is over and I made dinner . It was good . His son was doing an essay and finished . I said we should read it but he didn’t want us to read it so lied about it . It was so obvious he was lying though but he insisted he wasn’t .,2024-10-11T22:53:51.000000,7,false,-1.0,0.0,1.2095999999999998,0.80336
103,1508,"Happy it is Saturday . Nice to have a 3day weekend . Going to go with the kids to the dog park . We just had breakfast , eggs , bacon . Made some pancake fish with my boyfriend’s contraption . We’re going to make eggplant later .",2024-10-12T12:01:21.000000,7,false,2.0,0.0,1.8791111111111114,0.9154285714285714
103,1510,"I feel great but tired . Went to the dog park with the kids , played with some dogs , then went to GPE , where it was by a beach with some water and there was buildings in the horizon , it was peaceful and beautiful . Relaxing . Although my oldest was acting miserable because her dogs feet would be dirty and she didn’t want to responsible for giving her dog a bath .",2024-10-12T17:03:41.000000,7,false,-1.0,0.0,1.338,0.7155483870967742
103,1511,Super irritated and mad . My oldest daughter didn’t want to give her dog a bath but she’s the only one who can because he can get growly with anyone else . I was trying to get my middle child to bathe him but he wasn’t having it . I told my oldest to just get him into the shower and I’ll deal with it . She said “it wasn’t fair to her” . She proceeds to bathe him but leaves him in there wet instead of Drying him . I go in there and try to dry him but he’s growling at me .,2024-10-12T22:16:24.000000,7,false,-1.0,2.0,0.7602285714285714,0.8388648648648649
103,1514,"Happy to have a Monday off . Just in bed , watching ORG . Relaxing before having to go Back to work tomorrow . Will probably clean up a bit and work on what I’m doing in my classes for the week . I feel good .",2024-10-14T12:00:56.000000,7,false,0.0,0.0,1.8210000000000002,0.6998823529411764
103,1516,"I have a period called common planning that ORG placed on us because of the superintendent . Ideally , you meet with teachers who teach the same subject and discuss what you’re teaching etc . I’m stuck with a bunch of annoying idiotic teachers who just complain and lie . I find it really annoying and a complete waste of time .",2024-10-15T12:00:51.000000,7,false,-1.0,2.0,0.15692307692307692,0.89856
103,1519,Just taught 3 classes back to back . I feel okay but a bit tired and sore . I have my period but half my day is over so that’s good . Enjoying the Fall weather and half the week is already over so glad about that . Looking forward to the weekend .,2024-10-16T12:36:06.000000,7,false,0.0,1.0,0.9915789473684209,0.7483636363636363
103,1522,"Finally finished classes . Kind of a hectic day . Didn’t even eat my lunch . Just had a clementine . Was go go go all day . Trying to catch up on grading . Tired . Looking forward to tomorrow being Friday . Upside , my coteacher wasn’t here today and class went smoother than when she’s there .",2024-10-17T15:54:43.000000,7,false,0.0,1.0,1.3909473684210527,0.7498181818181818
103,1564,I feel super tired and depleted . I woke up at 4am and checked the time and couldn’t fall back asleep . I feel exhausted . Hoping to go hiking tomorrow . Currently laying in bed and going to watch dateline .,2024-10-18T22:04:29.000000,7,false,-2.0,0.0,0.5588235294117647,0.9611000000000001
103,1495,"Tired , Relaxed , Sleepy , Anxious , Ready",2024-10-06T22:42:41.000000,7,true,0.0,1.0,0.23200000000000004,0.40000000000000013
103,1496,"Annoyed , Irritated , Tired , Defeated , Resigned",2024-10-07T17:11:05.000000,7,true,-1.0,2.0,-2.7472,1.1344
103,1497,"Okay , Good , Tired , Relaxed , Calm",2024-10-07T22:00:58.000000,7,true,0.0,1.0,1.44,-0.09760000000000013
103,1500,"Tired , Relaxed , Regular , Easygoing , Mellow",2024-10-08T17:00:32.000000,7,true,0.0,1.0,0.6096,-0.3059999999999998
103,1501,"Irritated , Tired , Anxious , Annoyed , Ready for bed",2024-10-08T22:02:34.000000,7,true,-1.0,2.0,-1.208,1.2346666666666666
103,1502,"Good , Done , Hopeful , Meh , Regular",2024-10-09T12:31:10.000000,7,true,0.0,0.0,1.3328,0.30400000000000005
103,1503,"Headache , Tired , Exerted , Fatigued , Frustrated",2024-10-09T17:01:26.000000,7,true,-2.0,0.0,-2.9619999999999997,1.156
103,1505,"Good , Content , Complete , Normal , Fine",2024-10-10T17:00:38.000000,7,true,1.0,0.0,2.424,0.15600000000000003
103,1512,"Irritated , Angry , Frustrated , Annoyed , Pissed",2024-10-13T12:31:15.000000,7,true,-2.0,2.0,-3.0112,2.1744
103,1513,"Relaxed , Tired , Okay , Meh , Sleepy",2024-10-13T22:00:56.000000,7,true,0.0,1.0,0.11359999999999999,-0.10319999999999996
103,1515,"Ready for bed , Tired , Relax , Okay , Quiet",2024-10-14T22:30:06.000000,7,true,-2.0,0.0,1.0866666666666667,0.023666666666666614
103,1517,"Okay , Relieved , Fine , Tired , Complacent",2024-10-15T17:01:02.000000,7,true,0.0,1.0,0.9056000000000001,0.3368
103,1518,"Happy , Cheerful , Delighted , Winning , Joyous",2024-10-15T22:01:21.000000,7,true,1.0,0.0,3.791200000000001,1.8904
103,1521,"Tired , Exhausted , Spent , Depleted , Fatigued",2024-10-16T22:01:21.000000,7,true,-2.0,0.0,-2.62,0.4690000000000001
103,1523,"Tired , Exhausted , Foggy , Spent , Fatigued",2024-10-17T22:11:37.000000,7,true,-2.0,0.0,-2.3296,0.4448000000000001
103,1563,"Happy , Excited , Relaxed , Relieved , Friyay",2024-10-18T17:01:11.000000,7,true,1.0,0.0,3.3229999999999995,1.025
91,652,I am feeling relaxed . I am happy i attended homecoming today and was able to hang out with friends and coworkers to have a fun day . I am also feeling ready for tomorrow since I have some stressful projects coming up .,2024-10-26T22:25:57.000000,7,false,2.0,1.0,1.9588888888888887,0.8789411764705882
91,653,"I am currently feeling very calm . I am completing the work I said I would do today , which makes me happy . I am also sad that I couldn’t do my campus job today because of a transport issue , but it’s ok .",2024-10-27T17:00:33.000000,7,false,2.0,1.0,1.0979999999999999,0.871764705882353
91,655,"I am currently feeling tired but I am also very happy . I was able to eat a good breakfast at work today which was nice , and got a decent night’s sleep last night which I am happy about . I am also hungry at the moment .",2024-10-28T17:01:29.000000,7,false,0.0,2.0,1.5122222222222224,0.7852222222222222
91,656,I am currently feeling happy . I am in class helping other students learn and giving them advice about how to solve the problems we are being given in the class . I am glad to be collaborating with them .,2024-10-28T22:09:03.000000,7,false,1.0,0.0,1.8706666666666667,0.8481666666666667
91,660,Currently I am feeling content . I woke up feeling refreshed and am very energized at the moment . I am excited to go to class today because we are going to do some group work today and I have friends in class to see .,2024-10-30T17:08:07.000000,7,false,-1.0,0.0,1.8934000000000002,0.9680952380952381
91,661,"I am feeling very happy right now . I am attending an event that my roommate is hosting on campus . I am helping out with it and having a good time hanging out . I am also feeling kind if tired , I was up late last night .",2024-10-30T22:51:42.000000,7,false,0.0,1.0,1.129777777777778,0.7214736842105263
91,662,I am currently feeling very happy . I am at work helping my boss get through some projects for the day . I am also excited for today since it’s halloween . I will be going to a party with my girlfriend tonight to have a good time and enjoy ourselves .,2024-10-31T12:21:28.000000,7,false,0.0,2.0,1.926736842105263,1.1817
91,663,I am currently feeling very happy . I am excited for Halloween and parties and a lot of other fun activities that are happening tonight . I am also content because I think I did a good job at work today . I was going around helping my boss .,2024-10-31T17:01:24.000000,7,false,0.0,0.0,1.8382222222222222,1.26
91,665,"I am currently feeling very happy . Halloween was fun last night , and I had a good time hanging out with people and going out for the night . I also am glad to have met some new people who were really cool last night .",2024-11-01T17:00:40.000000,7,false,1.0,0.0,1.4316,0.9211
91,667,I am currently feeling very happy but also very tired . I was up late last night and I had to wake up early today for work . My work for the day is a large shift that is a very important conference for the ORG on campus .,2024-11-02T12:23:00.000000,7,false,1.0,0.0,1.1292000000000002,1.027
91,669,I am currently feeling very happy right now because I am watching one of my favorite hockey teams play and they are winning . I am also feeling tired from not sleeping well last night and getting woken up early this morning to loud banging in my dorm .,2024-11-03T17:16:58.000000,7,false,2.0,1.0,1.374086956521739,0.8677391304347826
91,673,"I am currently feeling very annoyed . I missed the survey from this morning so I know I probably won’t be getting that extra bonus for completing all of them . I am otherwise feeling decent , slightly tired .",2024-11-04T22:16:59.000000,7,false,1.0,0.0,0.5790000000000001,0.7293333333333333
91,676,I am currently feeling stressed out because I am late for my class . I woke up late today and took a long time to get ready for class . I am also slightly annoyed because I stopped myself from investing in some stocks last night and now they have all shot up from the election .,2024-11-06T17:30:06.000000,7,false,-1.0,0.0,0.4401818181818182,0.87416
91,677,"I am currently feeling very tired and sluggish . I definitely need to fix my sleep schedule tonight and go to bed early , especially since I have work early in the morning tomorrow and the day after . It would also be nice to wake up before 12pm normally .",2024-11-06T22:12:46.000000,7,false,0.0,0.0,1.191578947368421,0.5067826086956522
91,678,"I am currently feeling very tired . I have not been getting very good sleep the past week or so , and it is getting very annoying having little sleep each night or waking up super late and starting my day late . I had to buy melatonin for this issue .",2024-11-07T12:07:41.000000,7,false,1.0,0.0,0.5088695652173912,0.8063478260869564
91,680,I am currently feeling very tired from today . I drank an energy drink before to keep myself awake to do some work throughout the day and so I can fall asleep easily tonight . It didn’t work too well and I didn’t get much work done .,2024-11-07T22:02:51.000000,7,false,0.0,0.0,1.2052727272727273,0.7328333333333334
91,651,"Happy , Relaxed , Excited , Enthusiastic , Energetic",2024-10-26T17:04:35.000000,7,true,1.0,2.0,3.1959999999999997,1.7576
91,654,"Happy , Energetic , Enthusiastic , Hungry , Focused",2024-10-27T22:03:20.000000,7,true,1.0,1.0,1.6149999999999998,2.161
91,657,"Calm , Relaxed , Hungry , Happy , Enthusiastic",2024-10-29T17:00:51.000000,7,true,1.0,0.0,1.9207999999999998,0.9103999999999999
91,658,"Happy , Joyful , Excited , Content , Hungry",2024-10-29T22:32:59.000000,7,true,0.0,0.0,1.988,1.6176
91,664,"Enthusiastic , Happy , Joyful , Excited , Energetic",2024-10-31T22:04:08.000000,7,true,0.0,0.0,3.404,2.2176
91,666,"Happy , Joyful , Content , Full , Excited",2024-11-01T22:00:59.000000,7,true,1.0,0.0,2.8184,1.2696
91,668,"Happy , Excited , Enthusiastic , Tired , Content",2024-11-02T17:01:00.000000,7,true,1.0,0.0,1.8791999999999998,1.5175999999999998
91,671,"Tired , Happy , Hopeful , Content , Full",2024-11-03T22:13:59.000000,7,true,1.0,0.0,1.4888,0.568
91,672,"Happy , Tired , Enthusiastic , Content , Excited",2024-11-04T17:24:48.000000,7,true,1.0,0.0,1.8791999999999998,1.5176
91,674,"Tired , Exhausted , Quiet , Content , Hungry",2024-11-05T17:15:38.000000,7,true,0.0,0.0,-0.9808,0.4284000000000001
91,675,"Tired , Anxious , Exhausted , Slow , Sluggish",2024-11-05T22:05:56.000000,7,true,0.0,1.0,-2.2239999999999998,0.4204
91,679,"Tired , Hyper , Anxious , Nervous , Exhausted",2024-11-07T17:01:07.000000,7,true,1.0,0.0,-1.9527999999999999,1.4408
91,682,"Tired , Energetic , Full , Happy , Excited",2024-11-08T12:06:16.000000,7,true,1.0,0.0,1.5592,1.4848
91,683,"Tired , Hungry , Happy , Energetic , Hopeful",2024-11-08T17:16:46.000000,7,true,1.0,0.0,0.7911999999999999,1.3736
91,684,"Tired , Anxious , Happy , Doubtful , Excited",2024-11-08T22:03:18.000000,7,true,0.0,1.0,0.0904,1.6583999999999999
45,4572,"Stressed , Happy , Exhausted , Foggy , Drained",2021-05-04T12:38:00.000000,1,true,-2.0,0.0,-0.8856000000000002,1.1408
45,4573,"Nauseated , Tired , Stressed",2021-05-05T15:12:00.000000,1,true,-2.0,0.0,-2.832,1.1139999999999999
45,4574,"Defeated , Loved , Spent",2021-05-06T13:20:36.000000,1,true,0.0,1.0,-0.4613333333333334,0.7733333333333333
45,4575,"Tired , Happy , Love , Motivated , Insightful",2021-05-07T12:14:50.000000,1,true,1.0,1.0,1.7808,1.6112
45,4576,"Exhausted , Stressed , Foggy , Loved",2021-05-08T12:28:39.000000,1,true,-1.0,0.0,-0.858,0.952
45,4577,"Happy , Sick , Tired , Stressed , Jittery",2021-05-09T22:32:52.000000,1,true,-1.0,2.0,-1.2280000000000002,1.4632
45,4578,"Happy , Loved , Excited , Silly",2021-05-10T12:00:36.000000,1,true,2.0,1.0,2.4229999999999996,1.467
45,4579,"Stressed , Hopeless , Sick , Jittery , Exhausted",2021-05-12T22:40:30.000000,1,true,-2.0,0.0,-2.6688,1.1984
45,4565,"Bloated , Foggy , Broke , Stressed , Picked on",2021-05-13T14:57:55.000000,1,true,0.0,1.0,-1.3232,1.26
45,4566,"Angry , Sad , Annoyed , Stressed , Defeated",2021-05-14T19:34:05.000000,1,true,-1.0,0.0,-2.8448,1.6143999999999998
45,4567,"Relieved , Annoyed , Angry , Unheard",2021-05-15T13:49:20.000000,1,true,0.0,1.0,-1.068,1.466
45,4568,"Fat , Disrnchanted , Unheard , Joking , Rushed",2021-05-16T19:32:58.000000,1,true,-1.0,0.0,-0.4853333333333332,1.308
45,4569,"Validated , Excited , Nervous , Anxious , Sweaty",2021-05-17T17:49:16.000000,1,true,2.0,0.0,-0.643,2.166
45,4570,"Sunny , Warm , Happy , Light , Ambitious",2021-05-18T17:57:31.000000,1,true,0.0,2.0,2.527,1.0288
45,4571,"Annoyed , Discouraged , Loved",2021-05-21T16:41:53.000000,1,true,-1.0,0.0,-0.6640000000000001,1.052
45,4593,Very stressed out about money and my bills . I feel very disenchanted . I feel tired and depressed and stuck and unsure what to do next . I feel uneasy about the future and uncertain about everything .   I don’t know how many words you are looking for here but it won’t let me send my feelings .,2022-01-25T11:06:44.000000,2,false,0.0,1.0,-0.013333333333333313,1.000888888888889
45,4594,"I am feeling calm and relaxed .   Still stressed about money and jobs , but tomorrow is a new day .   Maybe I’ll take control of my life instead of letting it control me .   But we will see .    Also , why are these sentences so long ?   Sheesh . I keep adding on so it will accept my 200 characters . \n",2022-01-25T17:33:05.000000,2,false,2.0,0.0,1.3800000000000001,0.6407692307692308
45,4595,I am currently pretty tired .   I was cleaning my room and my entire metal rolling rack snapped into pieces .   And I don’t have enough clothes to warrant that .   Stupid cheap shit .   Now I have a giant mess in my room and not a spot to put it .,2022-01-25T20:02:34.000000,2,false,-2.0,0.0,0.1466,0.8399166666666666
45,4596,I am feeling like it is super duper cold out and that probably means that I won’t have a lot of customers at the bar tonight .   But I hope I am wrong because I desperately need that cash . And I am going to keep my fingers crossed .,2022-01-26T10:03:21.000000,2,false,-1.0,0.0,0.5791428571428572,0.9426363636363636
45,4597,I am currently at work and there is not a customer in sight .   This makes me feel super concerned as to whether or not I will be able to put gas in my car this evening when I leave work .   And that is stressful .,2022-01-26T15:15:37.000000,2,false,-1.0,0.0,0.7,0.9041176470588235
45,4598,I am feeling pretty ok because all of my customers were very kind to me when tipping me .   That made me feel better .   I made everyone laugh which made me smile .   But it’s still difficult to think about money .,2022-01-26T21:08:31.000000,2,false,-1.0,0.0,1.9545714285714288,1.2018823529411764
45,4599,"I am currently feeling tired .   I went to bed and slept well until my dog , PERSON , decided it was playtime at five in the morning .   That was fun . Little bugger .   Haha .   I mean , he always gets his way . That’s how it’s supposed to be .",2022-01-27T10:22:26.000000,2,false,-1.0,0.0,0.9247058823529412,0.6887826086956521
45,4600,I am in a humongous fight with my fiancé .   He is incarcerated and has not called .   It is super stressful to have limits on times of important conversations .   It definitely has added so many layers of stress and frustration .   I love him .   But he can be a very evil human with his words .   I can too .   But not this time .,2022-01-27T20:01:21.000000,2,false,-2.0,2.0,0.4707272727272727,1.0680952380952382
45,4601,I am feeling very nervous about driving in the snow .   It is about to be a blizzard and I drive an hour to get to work .   I am sitting here with a coworker bitching about the weather and we both are feeling ready to leave .,2022-01-28T15:05:58.000000,2,false,0.0,1.0,0.9424444444444444,0.8043529411764706
45,4602,"I am feeling very defeated .   Today work was busy for the servers but slow for me .   I ended up leaving in the middle of the snow storm .    I got home just fine , but I am just feeling very awful .    Nothing seems to be going right .",2022-01-28T20:45:45.000000,2,false,-2.0,0.0,0.46869565217391296,0.8842
45,4603,I am feeling tired and cold .   Today is a blizzard and I was supposed to work a double .   So that means no money for me .   This is the fifth Saturday in a row something has happened to make it so that I was unable to work .   Sucks .,2022-01-29T11:48:07.000000,2,false,-2.0,0.0,0.19899999999999995,0.8577142857142857
45,4604,Well it is still snowing so I am feeling a little bit homebound .   My neighbor came over on his four wheeler and plowed me out and I helped shoveling but the snow is over my knees so it was a bit taxing .   I feel accomplished though .   And now my dad doesn’t have to worry .,2022-01-29T16:14:22.000000,2,false,0.0,2.0,0.7258000000000001,0.4801052631578947
45,4605,I am feeling exhausted .   I have been shoveling and making things with my neighbor for the majority of the day .   I am currently watching a new show and I think I may become obsessed .   So that’s fun .   A purpose is always fun .,2022-01-29T20:01:15.000000,2,false,-1.0,0.0,1.243529411764706,0.9875294117647059
45,4606,"I am feeling like I really need to get some things accomplished today .   I should have used yesterday , while being snowed in , as an excuse to do stuff .   But I did not .   So today I need to get my ass in gear .",2022-01-30T10:30:19.000000,2,false,1.0,2.0,1.3363076923076922,0.8547058823529412
45,4607,"I am currently feeling extremely frustrated .   I am being accused of things that are not true , and then having to argue my way out of them being fact .   It is the weirdest situation .   I am literally arguing a version of me that is not actually real .    My fiancé thinks I am a heathen .   And that is just not ever going to be the truth .",2022-01-30T16:39:18.000000,2,false,1.0,2.0,0.332,0.9459
45,4608,I am feeling frustrated because my fiancé is still calling me out of my name .   It is impossible to defend oneself over nonsense that someone else is portraying as fact .   He’s an asshole .   And I feel like punching him in the probates .   But he’s in jail .   So I can’t .,2022-01-30T20:01:05.000000,2,false,-1.0,1.0,-0.09325,0.9489411764705882
45,4609,I am feeling a little tired .   I could not sleep last night at all .   I think I finally fell asleep around 6 in the morning and got up at 8 : 30 .   Not all that ideal .   Today I am going to consign some clothes and hit the bank .,2022-01-31T10:35:59.000000,2,false,0.0,1.0,0.508888888888889,0.6561739130434783
45,4610,"I am feeling extremely defeated .    I drive almost an hour away to sell my brand new clothing , hoping to make maybe like $50 .    They took one hoodie , a pair of sweats and a jacket and gave me seven dollars and sixty three cents .   That’s not even enough to cover the gas it took one way !   Ugh .   I am so broke .",2022-01-31T15:15:15.000000,2,false,-1.0,1.0,0.41896296296296287,0.6209285714285714
45,4611,"I am currently feeling defeated .   Like , not one thing can ever go my way .   I think that’s why I just am so defeatist - because - when I try my best - I am always always always disappointed .   I am such a positive human to the rest of the world - I wish that they could see how badly I truly struggle daily .",2022-01-31T20:41:52.000000,2,false,-2.0,0.0,0.6908333333333334,0.7424
45,4580,"I am feeling very tired today .   It is a rainy day and it’s melting the blizzard down to a manageable level , but it is foggy and the air is thick .   It is one of those chicken soup and a book type of days .   But I have to work .   Hopefully I make one million dollars .",2022-02-03T10:22:03.000000,2,false,-2.0,0.0,0.8489999999999999,0.4656923076923075
45,4581,I am getting ready to walk into work .   It is still raining .   Apparently it is not supposed to stop until Saturday but turn into ice sleet and snow .   I hate winter .   Hopefully tonight will be lucrative .   Sayin a prayer to the bartender gods .,2022-02-03T15:14:54.000000,2,false,0.0,1.0,0.5937142857142859,0.6505714285714286
45,4582,I am feeling exhausted .   It was an ok night but the customers were so needy !   Hahah .   I am never satisfied .   My fiancé hasn’t called me all day - and the one time he did i had 4 customers sit and like 3 drink tickets come thru so I had to be brief and that sucked .   Waiting for him to call me back at present .   Just pulled into my driveway .   I’m beat .   All encompassing .,2022-02-03T22:04:06.000000,2,false,-2.0,0.0,0.41936,0.61744
45,4583,I am currently at work and I am feeling ok .   I really am ready to go home .   It is icky out and I only have two customers .   I guess it could be worse .   I could have none .   I am feeling ready to go .   I am feeling broke .   But tomorrow is another day .   Full \ nOf promise .   (Insert sarcasm here),2022-02-04T15:05:06.000000,2,false,1.0,0.0,0.8629090909090906,0.5737777777777778
45,4584,"I am about to have a video chat with my incarcerated fiancée .   He always uses leaving me as an option .   I am over it .   I am feeling sad , overwhelmed , empowered and totally fucking useless .   It’s an impossible situation all of a sudden - and it’s just him trying to make me feel like I am wrong…and me not agreeing .   \n \ nI feel like this is my daily journal entry and I should say : thank you for coming to my ted talk .   \nSo there .   I did .",2022-02-04T20:02:21.000000,2,false,-2.0,2.0,0.7976969696969699,0.7950666666666667
45,4585,I am working a private event and it is very boring .   I picked up the night shift and I am hoping it will be busy and I will make a bunch of money .   I’m very optimistic because we have many reservations and it seems like we are about to be popping .,2022-02-05T15:16:14.000000,2,false,0.0,1.0,1.3078260869565217,0.95256
45,4586,I   am feeling exhausted .   I worked 15 hours yesterday .   The restaurant was bought out during lunch for a private event which was super boring .   But the . We opened up to the public again at dinner time .   We were so busy it was ridiculous .   I felt super accomplished last night after we were busy and came home and counted my tips and felt even better .,2022-02-06T10:20:40.000000,2,false,-2.0,0.0,0.9680000000000001,0.8951428571428572
45,4587,I am feeling tired .   I am feeling hungry .   I am feeling cold .   I am feeling like I hate winter .   I am feeling like I need to clean my room today because I m living in a messy room and it is driving me crazy .,2022-02-07T10:18:30.000000,2,false,0.0,0.0,0.6703157894736842,0.7571818181818182
45,4588,It is a really crummy day so I am just beat .   I am so not a winter person .   I have seasonal affective disorder so the lack of sun makes me depressed and dull .   How many more weeks until summer ?   Because I am feeling like it can be that time any time now .,2022-02-07T16:02:31.000000,2,false,0.0,1.0,0.5958260869565217,0.62392
45,4589,It’s been a long day .   I have spent the majority waiting in other people .   Which becomes frustrating when their technology malfunctions and you have to spend three hours waiting for a mic o soft teams meeting because you don’t know how to troubleshoot .,2022-02-07T21:17:59.000000,2,false,-2.0,0.0,0.5925,0.6332631578947369
45,4590,I am very tired and would like to take a nap .   I am going to spend today cleaning my room once I get some motivation .   Haha .   I have been saying this for Months . One of these days though .   Will today be the day ?,2022-02-08T11:03:47.000000,2,false,-2.0,0.0,1.322736842105263,0.6998181818181818
45,4591,My bank account went negative overnight .   Unsure how .   I am feeling very defeated after having an awesome Saturday shift .   I don’t even go out so I am unsure what has happened .   I guess creditors were trying continuously to hit my account ?   Unsure .   But I’m back to being broke .   Again .,2022-02-08T16:04:28.000000,2,false,-2.0,2.0,-0.41740000000000005,1.0708
45,4592,I am just pretty tired .   Ran around to all sorts of banks .   Fucking ORG   I am still so pissed about .   What bank charges you to cash their checks ?   And eight   mother fucking dollars ?    I think that is absolutely criminal .   And I will be getting that mi why PERSON  . Watch me work .,2022-02-08T20:15:40.000000,2,false,-1.0,0.0,0.43279999999999996,1.0245714285714285
150,3816,"Relaxed but in anticipation of a upcoming work meeting . Self assured but a little shaky in the knees . This upcoming meeting feels like an athletic event . I can acknowledge that my job has drained me more than it has compensated me , and that is just an indicator that it ' s not a good fit . I ' m relieved to be leaving .",2024-06-13T12:00:28.000000,7,false,1.0,1.0,1.4309230769230767,0.8018620689655173
150,3818,"A little disheartened over an argument with my partner where I once again failed to communicate anything other than rage when he made an ass backwards racist comment with the conviction that race and IQ are intrinsically related . I ' m disappointed , dejected , and disinterested in resolving this through conversation .",2024-06-14T12:00:29.000000,7,false,-1.0,0.0,-0.3928,0.8595238095238095
150,3819,"After resolving a disagreement with my partner through mindful and patient communication , I am again relieved and freshly receptive to new opportunities and possibilities that I can harness for myself through persistence , confidence , and embracing challenging situations .",2024-06-14T17:13:21.000000,7,false,1.0,1.0,1.7708235294117647,0.9121333333333334
150,3821,"Felt energized this morning and practiced yoga , played guitar and had a light breakfast until my partner woke up . Took a relaxing walk , processing recent events and emotions surrounding career and society . Then I played Bee Simulator and had great sex with my partner . Going to a birthday party soon with free barbecue . Life is good .",2024-06-15T17:57:43.000000,7,false,2.0,1.0,2.139703703703704,1.1526666666666667
150,3822,"Just got back from a birthday party and it was a lot of free food which is always nice . Having a good bowel movement at this moment , and settling in for a calm and relaxing night with my partner . Content overall .",2024-06-15T22:52:13.000000,7,false,1.0,1.0,1.8195789473684212,0.7082105263157894
150,3839,I feel a bit lethargic due to excessive sleep and am beginning to question whether or not I am exhibiting the preliminary symptoms of what I could identify to be acute hypo-depressive episode . However this is to be expected since I am experiencing a number of changes in my life that include having more leisure time to sleep . I have a tendency to be very self critical .,2024-06-24T12:59:07.000000,7,false,-1.0,0.0,0.8877241379310346,0.5672142857142856
150,3814,"Content , Relieved , Optimistic , Principled , Loved",2024-06-12T17:00:28.000000,7,true,1.0,1.0,3.2055999999999996,0.4616
150,3815,"Satiated , Energized , Content , Optimistic , Creative",2024-06-12T22:00:58.000000,7,true,1.0,2.0,3.0933333333333333,0.752
150,3817,"relaxed , Rushing , Time crunched , Anxious , Annoyed",2024-06-13T17:00:26.000000,7,true,0.0,1.0,-0.39680000000000004,1.2496
150,3820,"Sore , Tired , Greasy , Warm , Sticky",2024-06-15T12:01:06.000000,7,true,-1.0,0.0,-1.1792,0.832
150,3823,"Calm , Indifferent , Present , Mindful , Chill",2024-06-16T12:00:24.000000,7,true,0.0,1.0,1.7551999999999999,-0.0808000000000002
150,3824,"Happy , Comforted , Pampered , Loved , Joyful",2024-06-16T17:14:26.000000,7,true,1.0,1.0,3.772,1.4093333333333333
150,3825,"Tired , Sore , Sleepy , Heavy , Groggy",2024-06-18T12:08:16.000000,7,true,-2.0,0.0,-1.9072000000000002,0.4488
150,3835,"Aware , Antsy , Impatient , Gassy , Full",2024-06-22T17:34:04.000000,7,true,-1.0,2.0,-0.3024,0.861
150,3836,"Peaceful , Calm , Warm , Fluid , Curious",2024-06-23T12:08:54.000000,7,true,-1.0,0.0,2.096,0.13840000000000008
150,3837,"Warm , Tired , Unmotivated , Puddle , Full",2024-06-23T17:48:36.000000,7,true,-1.0,0.0,-0.7208,-0.051200000000000134
150,3838,"Calm , Refreshed , Introspective , Enriched , Meager",2024-06-23T22:13:18.000000,7,true,1.0,1.0,0.962,0.17600000000000005
150,3840,"Chill , Calm , Satisfied , Warm , Leisurely",2024-06-24T17:40:54.000000,7,true,2.0,0.0,2.7792000000000003,-0.18199999999999994
150,3841,"Energized , Active , Mobile , Motivated , Happy",2024-06-24T22:24:04.000000,7,true,0.0,2.0,2.576,1.888
150,3842,"Motivated , Proud , Settled , Talented , Fitted",2024-06-25T17:23:25.000000,7,true,0.0,1.0,3.142666666666667,1.593
108,1878,"Happy , Calm , Excited , Good , Active",2024-10-14T12:31:38.000000,7,true,2.0,1.0,3.2967999999999997,1.2511999999999999
108,1879,"I am currently feeling active , good and happy . Without feeling weak , I have been working and feeling active lately and with the help of my brother around working together , it has been fun and have not been feeling down so I have good",2024-10-14T17:02:04.000000,7,false,2.0,1.0,1.8908571428571428,0.649076923076923
108,1880,"Feeling good and active . I am not feeling emotional , physical and mentally drained because I am currently working and going about my daily business which nothing is intervening with it and not stresses or nervous about anything",2024-10-14T22:02:17.000000,7,false,2.0,1.0,0.7840000000000001,1.0855294117647059
108,1881,"I am feeling calm and relax . I am on the sofa resting , telling good and not worried of anything around just focusing on the positive things I can get done and contribute . So I am good and fine and optimistic about my work .",2024-10-15T12:03:00.000000,7,false,2.0,1.0,2.1251764705882357,0.5340000000000003
108,1882,"Calm , Cool , Relaxed , Reserved , Gentle",2024-10-15T17:23:33.000000,7,true,2.0,0.0,2.5056000000000003,0.043200000000000016
108,1883,"Happy , Active , Calm , Relax , Lovely",2024-10-16T12:04:30.000000,7,true,2.0,1.0,3.2936,0.7767999999999999
108,1885,I am feeling good and active . I am not down or feeling depressed . I have a strong mind and I am happy right now . I have been smiling and wondering how blessed I am which brings joy to my heart and that makes me feel good,2024-10-16T17:01:28.000000,7,false,2.0,1.0,2.062,0.9112380952380952
108,1886,"Happy , Active , Strong , Lovely , Calm",2024-10-17T12:02:24.000000,7,true,2.0,1.0,3.2695999999999996,1.1727999999999998
108,1887,"Calm , Relax , Active , Alert , Happy",2024-10-17T17:06:09.000000,7,true,2.0,1.0,3.283,1.068
108,1888,"Calm , Relax , Happy , Active , Strong",2024-10-18T12:11:39.000000,7,true,2.0,1.0,3.2856,1.008
108,1889,"Excited , Calm , Lovely , Happy , Active",2024-10-18T17:09:05.000000,7,true,2.0,1.0,3.2632,1.3216
108,1890,"I am currently feeling good and calm , happy . This is because I am off from work today so I will be chance to rest and get lot of things done and also do my chores , little cleaning and so on . So I am relaxed of not having to think of anything",2024-10-19T12:01:49.000000,7,false,2.0,1.0,1.8501052631578947,0.4469000000000001
108,1891,"Happy , Calm , Active , Excited , Relaxed",2024-10-20T12:06:50.000000,7,true,2.0,1.0,3.1799999999999997,0.9927999999999999
108,1892,I am currently happy and good to go . I have no worries and I am feeling refreshed and relaxed even with the situation around . I never back down been happy . I am currently active also and willing to go miles to get with so ever I want to get,2024-10-20T17:01:29.000000,7,false,2.0,1.0,1.4729411764705878,0.8420952380952381
108,1893,"Happy , Calm , Excited , Relaxed , Joyful",2024-10-21T12:06:28.000000,7,true,2.0,1.0,3.4168,0.9047999999999999
108,1894,"I am fine , happy and good . And I am currently active and doing activities gladly . I am currently excited with the way things are going , I not nervous or emotionally affected in any way because I did not allow anything to affect my joy and I have keep things that too",2024-10-21T17:04:28.000000,7,false,2.0,1.0,2.236,1.290909090909091
108,1896,I am currently happy and feeling calm because everything is going as plan and having control of things around . I am happy because even at my work place things are working well with no complications . I feel strong and healthy because I eat well and feel health I ' m and out,2024-10-22T12:07:48.000000,7,false,2.0,1.0,2.6790588235294113,0.8546956521739131
108,1897,"Happy , Calm , Strong , Lovely , Active",2024-10-22T17:01:28.000000,7,true,2.0,1.0,3.2695999999999996,1.1728
108,1898,"I am feeling super good because I had a good news from my cousin , therefore I am feeling active and happy . I have been good and going out tonight to celebrate with a few friends on the good news . I am excited about the people around me and what I have been enjoying since the month began too",2024-10-23T12:36:32.000000,7,false,2.0,1.0,2.3463636363636367,0.9113333333333333
108,1899,"I feeling active and good . I   not nervous about anything , no stress . I am not emotional   drained at all but I am active and strong . No reason to think negatively or be depressed and feeling okay and to crown it all I am very happy",2024-10-23T17:58:33.000000,7,false,2.0,1.0,0.9501052631578947,1.1357777777777778
108,1900,"Happy , Excited , Active , Joyful , Good",2024-10-23T22:47:05.000000,7,true,2.0,1.0,3.4888000000000003,1.7072
108,1901,"Happy , Active , Strong , Excited , Good",2024-10-24T12:05:17.000000,7,true,2.0,1.0,3.3559999999999994,1.8072
108,1902,"I am currently happy and good . I am excited and joyful . I am not nervous or sad about anything , talkless of been depressed . I am feeling good and active with no complain about anything . I am up and grateful about life and I am not down with any thought whatsoever",2024-10-24T17:09:38.000000,7,false,2.0,1.0,1.2254117647058826,1.0737777777777777
108,1903,"I am currently feeling good and active . I am not bothered about thing around , I am feeling excited and happy . I am not depressed or feeling ill toward anyone or coworkers I am strong and feeling good .",2024-10-25T12:02:35.000000,7,false,2.0,1.0,1.4984000000000002,0.86025
108,1904,I am currently fine and good . No form of depression or stress . I am feeling happy and active . I don ' t feel down in any way or thinking about any thing . I am not sad but happy with the things going on in my life currently .,2024-10-25T17:27:57.000000,7,false,2.0,1.0,1.1045333333333331,0.8944444444444444
108,1905,"At the moment and right now I feel excites because I get to have amazing and wonderful time with family , friends we get to talk about amazing things and doing fun stuffs together like playing games and watching series together which always mke me happy and less worried about life hitches",2024-10-26T17:23:30.000000,7,false,1.0,0.0,1.94976,1.09152
108,1911,"Happy , Calm , Excited , Joyful , Rejoicing",2024-10-26T22:08:17.000000,7,true,2.0,1.0,3.3303999999999996,1.3784
108,1912,"I am happy and currently active without any form of depression or nervous . I am currently excited and calm , I am not nervous and worried about anything I am good and not depressed at all . I am not thicking about anything bad and not feeling sad",2024-10-27T12:01:42.000000,7,false,2.0,1.0,-0.26714285714285724,1.179142857142857
79,5156,"I presently have mixed feelings - tipsy , euphoria and enthusiastic . A perfect combo for the Sunday unwinding . The whole week was mentally and psychologically draining though . It ' s been quite a fun day with family and friends outside enjoying the cool evening breeze .",2024-09-08T17:57:16.000000,7,false,2.0,2.0,1.887111111111111,0.82024
79,5157,"Feeling neutral , no special feelings at all . Hoping to keep up with the new week ahead . Being an optimistic I wish and pray for the best . My optimism is at a all time high right now with great lookouts ahead .",2024-09-09T12:06:37.000000,7,false,0.0,1.0,2.1515789473684213,0.776625
79,5158,"Currently feeling neutral , no emotional , psychological or mental stress available at the moment with no anxieties or stresses clouding my thoughts , a clear sense of mind and clear sense of purpose . Nothing more nothing less",2024-09-09T17:18:07.000000,7,false,1.0,1.0,0.7829473684210525,0.5893333333333334
79,5163,"Today , I feel grateful and appreciative because God gave me another day to live , and I ' m happy because of it . I realize that we should not always let the day pass without thanking our creator . And also to my family for always supporting me and keeping me motivated . I knew my journey to the dream and goals in my life would not be an easy .",2024-09-12T17:25:31.000000,7,false,1.0,1.0,1.8488000000000002,0.8258709677419355
79,5164,"I currently feel okay , a little bit hooked up with work chores and getting to   settle down for the day is taking more than I initially expected . I expectedly a warm day with great emotions unfortunately the atmosphere isn ' t as welcoming as it supposed to .",2024-09-13T12:19:32.000000,7,false,2.0,0.0,1.0283809523809524,0.7289
79,5167,"I feel now that I am a person worthy of attention , the I have knowledge and capabilities that are needed in the world , that I can support an intelligent conversation and negotiate like a pro . Notwithstanding the nature of the conversation , I feel so powerful right now after defending a very crucial project in front of guests and VIPs .",2024-09-14T12:16:20.000000,7,false,2.0,1.0,1.6458666666666668,0.9199285714285714
79,5174,"Feelings are messages from your body and mind about how you are experiencing something emotionally . They are not right or wrong , good or bad , but are instead a reflection of what is happening in the moment . I am feeling lost . I am not satisfied with myself . I have seen the best version of myself and try to keep it consistent",2024-09-17T22:59:19.000000,7,false,1.0,1.0,1.036,0.8516842105263158
79,5175,"I am feeling much better now , though tired and sluggish but I consider my current situation and feelings not worst as compared to others . There isn ' t much to do now and nothing stressful . Though tired , fatigued and calm , I experience much inner peace at the moment with less worries over some things I cannot control .",2024-09-18T12:23:41.000000,7,false,-2.0,0.0,-0.012319999999999949,0.5227407407407408
79,5177,"My initial feelings right about now is that I think the day is going to be hard but at the same time easy . I say its going to be hard because , of the level that the work I ' ve got to do . I say its going to be easy because if I focus and complete all of my assignments right then the day will go by easy",2024-09-19T12:44:04.000000,7,false,2.0,1.0,1.25152,0.7295882352941176
79,5178,"Honestly not too well , I feel less affectionate to the the things I used to like , just today I got a text from my sister with a not too good content . It actually feels so horrible to have received such news few hours ago . I ' m just all by myself , quite , calm and composed so as not to draw unnecessary attention and sympathy to myself .",2024-09-19T17:39:00.000000,7,false,0.0,0.0,1.364740740740741,0.5821481481481481
79,5159,"Positive , Optimistic , Calm , Energetic , Quite",2024-09-10T17:17:10.000000,7,true,-2.0,0.0,2.456,0.716
79,5160,"Happy , Contentment , Gratitude , Love , Pride",2024-09-11T12:36:27.000000,7,true,0.0,2.0,3.1672000000000002,1.4696
79,5161,"Calm , Optimistic , Light , Aspirational , Nervous",2024-09-11T17:02:23.000000,7,true,2.0,2.0,2.1336,1.066
79,5162,"Nervous , Jittery , Active , Optimistic , Calm",2024-09-12T12:49:30.000000,7,true,-2.0,2.0,1.2056,1.4287999999999998
79,5165,"Dismay , Homesick , Neutral , Nervous , Jittery",2024-09-13T17:14:35.000000,7,true,-1.0,1.0,-1.1656,1.276
79,5166,"Happy , Calm , Joyful , Observational , Truthful",2024-09-13T22:59:17.000000,7,true,2.0,1.0,2.8792,0.872
79,5168,"Happy , Enthusiastic , Optimistic , Fun , Agile",2024-09-14T17:57:59.000000,7,true,2.0,2.0,3.3192,1.9464000000000001
79,5169,"Exhausted , Tired , Down , Refueling , Made",2024-09-15T12:05:03.000000,7,true,-1.0,2.0,-2.7840000000000003,0.9035
79,5170,"Happy , Anxious , Cslm , Suspense , Nervous",2024-09-15T17:12:46.000000,7,true,2.0,2.0,-0.464,2.205
79,5171,"Quiet , Calm , Observant , Optimistic , Happy",2024-09-16T12:59:53.000000,7,true,0.0,0.0,3.0056000000000003,0.47719999999999996
79,5172,"Lively , Enthusiastic , Calm , Inspiration , Hope",2024-09-16T17:15:11.000000,7,true,2.0,2.0,3.1552,1.1159999999999999
79,5173,"Calm , Focus , Optimistic , Nervous , Tired",2024-09-17T17:22:44.000000,7,true,0.0,1.0,0.6040000000000001,0.7192
79,5176,"Lively , Nervous , Calm , Proud , Glad",2024-09-18T17:08:18.000000,7,true,2.0,2.0,2.0392,1.512
81,5207,I ' m currently feeling a little down because I ' m sick but I have to keep on going to raise my children . I ' m also hopeful that I can get rid of this by the end of the day . I ' m also feeling unsupported because I ' m a single mother .,2024-09-23T17:23:30.000000,7,false,0.0,1.0,0.6506666666666666,0.6915454545454545
81,5208,I ' m feeling a little aggravated and unsupported . Being a single mother is hard and having to co-parent makes it even harder when you ' re not on the same page . I ' m also feeling sluggish due to being sick .,2024-09-23T22:22:43.000000,7,false,0.0,1.0,-0.5085714285714286,0.5517333333333334
81,5209,"Exhausted , Overwhelmed , Unsupported , Annoyed",2024-09-24T12:08:24.000000,7,true,-2.0,0.0,-2.3440000000000003,1.3359999999999999
81,5210,"Exhausted , Annoyed , Unheard , N/a , N/a",2024-09-24T17:26:25.000000,7,true,-2.0,0.0,-2.4773333333333336,1.3266666666666667
81,5211,"Determined , Hopeful , Content , N/a , N/a",2024-09-24T22:03:28.000000,7,true,0.0,1.0,2.521333333333333,0.5746666666666667
81,5212,"Content , Indifferent , Neutral , Level , N/a",2024-09-25T12:12:46.000000,7,true,1.0,0.0,0.502,-0.08600000000000008
81,5213,Currently I ' m feeling tired due to staying up with the children last night . I ' m also grateful my baby ' s cold seems to be getting better . Work is going well so I ' m content with the day . It ' s getting closer to the end of the month and I ' m hoping unexpected money comes from somewhere so that I can make ends meet .,2024-09-25T17:06:26.000000,7,false,1.0,0.0,1.169185185185185,0.8817931034482759
81,5214,"Annoyed , Overstimulated , Overwhelmed , N/a , N/a",2024-09-25T22:00:40.000000,7,true,0.0,1.0,-2.22,1.926
81,5215,I am feeling kind of lethargic . I am currently exhausted . I can never get a break from these children . I just need to get a good night ' s rest . I wish I had support to ease this feeling of being overwhelmed .,2024-09-26T12:18:10.000000,7,false,0.0,1.0,1.3557894736842104,0.6749473684210526
81,5216,"Calm , Content , Neutral , Leveled",2024-09-27T12:05:24.000000,7,true,1.0,0.0,1.6213333333333333,-0.2933333333333332
81,5217,"Grateful , Joyful , Thankful , N/A , N/A",2024-09-27T17:09:53.000000,7,true,1.0,1.0,3.7920000000000003,0.756
81,5218,"Calm , At peace , Satisfaction , N/a , N/a",2024-09-28T17:00:54.000000,7,true,1.0,0.0,3.4226666666666667,0.020000000000000018
81,5219,"Calm , Content , Leveled , At peace",2024-09-28T20:38:51.000000,7,true,2.0,0.0,2.956,-0.43466666666666676
81,5220,"Sad , Unsuccessful , Failure , Disappointed",2024-09-29T12:07:39.000000,7,true,-2.0,1.0,-2.794,0.698
81,5221,I am currently feeling leveled . I don ' t have any bad or good emotions I just feel based line . Neutral would be the best way to describe it . The day is just getting started . I am starting to have a problem with this 200 word minimum .,2024-09-30T12:31:19.000000,7,false,0.0,1.0,0.9871999999999999,0.5894999999999999
81,5222,"Annoyed , Regretful , Tired , N/a , N/a",2024-09-30T17:08:31.000000,7,true,0.0,1.0,-2.9440000000000004,1.2
81,5223,It is the end of my day and i am worn out . I did not get to take a nap today . I wish my babies will just go to sleep right away so that I can get more than 4 hours of sleep . I ' m feeling very sluggish .,2024-10-01T22:16:36.000000,7,false,-2.0,0.0,1.243428571428571,0.5852380952380953
81,5264,"Exhausted , Withdrawn , Socially drained , N/a , N/a",2024-10-02T22:42:54.000000,7,true,0.0,0.0,-1.52,0.878
81,5265,This morning has been without stop since the children has woken up so I ' m feeling very rushed . I have just been going through the motions feeling numb . I feeling I am in a dream that I can control . I do not have 200 words worth of feelings .\ n,2024-10-03T12:03:05.000000,7,false,0.0,2.0,1.2937999999999998,0.616952380952381
81,5266,"Overstimulated , Exhausted , Overwhelmed , Resentment , N/a",2024-10-03T22:06:47.000000,7,true,-2.0,0.0,-2.328,1.464
180,4548,"I am feeling sluggish because of the cloudy weather . My eyelids feel a bit heavy but the rest of me feels awake . I’m feeling anxious from an interaction with another car I had while driving . He almost hit me when driving around me and when he got in front of me he flipped the bird . I’m also feeling irritated from an interaction I had with her this morning . I was leaving for work and she stopped me to get me to bring my sister her backpack . My sister is currently at my dad’s and she forgot her school work at my mom’s . I offered to bring the backpack last night but my mom told me not to worry about it , so i’m frustrated that there was a whole song and dance about this simple task that I could have done with no fuss . I miss my girlfriend as well , so I’m sad . They go out with their friends very weekend and I usually get FOMO since I just moved back home and I don’t have a friend group yet , so there’s loneliness in there too .",2024-09-28T12:17:48.000000,7,false,-1.0,1.0,0.9477101449275361,0.7933066666666666
180,4549,"content , awake , slightly achy , cheerful , anxious",2024-09-29T12:01:08.000000,7,true,1.0,0.0,0.4586666666666666,1.2453333333333334
180,4550,"tired , angry , sad , achy , hungry",2024-09-29T17:02:15.000000,7,true,-1.0,0.0,-2.8448,1.408
180,4551,"happy , content , full , tired , relaxed",2024-09-29T22:18:46.000000,7,true,2.0,2.0,1.3576,0.3183999999999999
180,4552,"alert , productive , excited",2024-09-30T12:00:54.000000,7,true,1.0,0.0,3.0199999999999996,2.237333333333333
180,4553,"happy , calm , chilled out , na , na",2024-09-30T17:32:30.000000,7,true,2.0,0.0,3.4699999999999998,0.5
180,4554,"calm , neutral , tired , na , na",2024-09-30T22:13:28.000000,7,true,1.0,1.0,-0.08266666666666674,-0.2653333333333334
180,4555,"relaxed , excited , well rested , na , na",2024-10-01T12:29:09.000000,7,true,2.0,0.0,3.13,0.5814999999999999
180,4556,"alert , neutral , social , na , na",2024-10-01T17:39:04.000000,7,true,0.0,1.0,1.1,0.832
180,4557,I am currently feeing a mix of feelings because my birthday is tomorrow and I usually dread my birthday . I am feeling excited for the future but also dreading the amount of emotional labor that will go into my interactions with my family tomorrow . I am also feeling a bit sad that my year did not go as I had hoped .,2024-10-01T22:48:38.000000,7,false,0.0,1.0,1.2821052631578944,1.10752
180,4558,"content , anxious , weird , na , na",2024-10-02T12:28:46.000000,7,true,0.0,1.0,-0.5199999999999999,1.4413333333333334
180,4559,"tired , content , full , na , na",2024-10-03T22:08:55.000000,7,true,1.0,1.0,-0.023999999999999983,0.15733333333333333
180,4560,"frustrated , clean , achy , na , na",2024-10-04T22:11:56.000000,7,true,0.0,1.0,-1.136,1.2146666666666666
180,4561,"I am currently feeling a bit tired just because I’ve been at work for the past few hours . I feel content since the store has been mostly empty so I got to read my book . It centered me somewhat , contributing to my mood .",2024-10-05T17:05:13.000000,7,false,0.0,1.0,0.9759999999999999,0.4853333333333334
180,4562,"I have been sitting at work and there has not been much to do , so I am a bit tired and my brain feels like mush . I have also been making a lot of small talk and that made me more tired . Overall I feel content .",2024-10-06T17:39:02.000000,7,false,-1.0,0.0,0.9014117647058825,0.4485454545454546
180,4563,"happy , stressed , tired , na , na",2024-10-08T17:11:36.000000,7,true,0.0,1.0,-0.5746666666666668,1.3893333333333333
180,4564,"I created a plan to get a part of my applications done , which made me feel calmer than I did this morning . I also had some nice conversations which made my mood better . I still have some residual stress",2024-10-10T17:33:37.000000,7,false,1.0,1.0,1.4080000000000001,1.12825
163,4172,"relaxed , worried , happy , determined , stressed",2024-12-06T12:02:15.000000,7,true,-1.0,0.0,0.5647999999999999,1.2976
163,4173,"motivated , content , overwhelmed , invigorated , neutral",2024-12-06T17:00:40.000000,7,true,1.0,0.0,1.452,1.4112
163,4174,"tired , worried , unmotivated , tired , disappointed",2024-12-07T17:46:56.000000,7,true,0.0,1.0,-3.0696000000000003,0.5439999999999999
163,4175,"I feel motivated , encouraged , and looking forward to having a more positive outlook on my day . I also feel lucky and fortunate to be where I am today because I’ve reflected on my priorities and actions . feeling slightly stressed , but I know that I can overcome the feeling .",2024-12-08T17:05:21.000000,7,false,1.0,1.0,2.170095238095238,0.9566315789473684
163,4176,"grounded , neutral , relaxed , tired , relaxed",2024-12-08T22:25:52.000000,7,true,1.0,0.0,0.568,-0.0464
163,4177,"happy , relaxed , rested , calm , content",2024-12-09T12:50:21.000000,7,true,2.0,0.0,2.8616,0.08879999999999999
163,4178,"congested , tired , aches , sleepy , tired",2024-12-09T22:18:57.000000,7,true,-1.0,0.0,-1.7226666666666668,0.0119999999999999
163,4179,"relaxed , congested , sick , tired , content",2024-12-10T17:45:56.000000,7,true,1.0,1.0,-0.28400000000000003,0.08899999999999997
163,4180,"relaxed , happy , comfortable , calm , restless",2024-12-10T22:50:30.000000,7,true,1.0,0.0,2.2055999999999996,0.4423999999999999
163,4181,"After a week of not getting quality sleep aka sleep deprivation , I unfortunately am coming down with a cold . I feel sluggish , tired , congested , dizzy , and downtrodden . I don’t feel motivated to do anything at the moment .",2024-12-11T12:32:46.000000,7,false,-2.0,0.0,-0.12839999999999993,0.7121052631578947
163,4182,"sleepy , relief , content , carefree , nervous",2024-12-12T12:27:42.000000,7,true,0.0,0.0,1.0808,0.3912000000000001
163,4183,"tired , sleepy , happy , sore , excited",2024-12-16T12:56:56.000000,7,true,-1.0,0.0,0.35759999999999986,1.2064
163,4184,"calm , rested , healthy , sleepy , motivated",2024-12-16T17:00:43.000000,7,true,1.0,0.0,2.468,0.26639999999999986
163,4185,"Came back to school , returned to my room . Feeling content but nervous about upcoming assessments that I should’ve studied for . Currently slightly anxious but looking forward to being busy today and getting back into the groove .",2024-12-19T12:21:09.000000,7,false,1.0,0.0,0.7146666666666667,0.8275
163,4186,"happy , content , relaxed , free , productive",2024-12-19T21:59:17.000000,7,true,1.0,1.0,2.9832,0.7529999999999999
125,2673,"Feeling neutral is a calm , measured emotion that can mean feeling indifferent , impartial , or unbiased , feeling neutral may not always be adaptive . For example , feeling neutral when speaking to a difficult boss might not help you assert yourself .",2024-11-14T17:43:47.000000,7,false,0.0,1.0,0.9576296296296296,0.6625185185185187
125,2872,"Being active can release chemicals in your brain that make you feel good , such as energy , vigor , and joy . It can also help you sleep better , concentrate , and boost your self-esteem This term describes someone who has lots of energy and enthusiasm . It can also refer to a powerful , focused effort to achieve something",2024-11-17T12:26:33.000000,7,false,0.0,2.0,2.0900800000000004,1.0849333333333333
125,2873,"a general state of fatigue that involves a lack of energy and motivation for physical and mental tasks . People may also describe this as “feeling lethargic” . Some simple causes , such as overexertion or not getting enough sleep , can leave a person feeling lethargic .",2024-11-18T12:30:35.000000,7,false,-2.0,0.0,0.5225454545454545,0.7128181818181818
125,2874,"There are many reasons why you might feel off , weird , or empty , including :\ nPhysical needs : You might be tired , sore , or need to eat or drink might be experiencing depression , bipolar disorder , generalized anxiety disorder , or post-traumatic stress disorder",2024-11-18T22:55:38.000000,7,false,0.0,0.0,-0.9733913043478261,1.6015454545454544
125,2879,"A neurotransmitter that increases alertness and attention , and can make you feel active and aroused . It ' s released during times of stress or anxiety , and can cause your heart rate to increase , your pupils to dilate , and your senses to heighten",2024-11-21T12:10:18.000000,7,false,0.0,2.0,1.0755294117647058,1.3695
125,2880,There is nothing good about yourself anymore . You are tired of living . Everyday is just struggle . Fighting the same demon every time . You don’t know what happened to you . everything you cared about is gone . ruined . Turned to shit . Right is all gone .\ nit feels like you are stupid and worthless and never right and you think its not your fault .,2024-11-21T17:18:45.000000,7,false,2.0,0.0,-0.35371428571428576,0.77352
125,2883,"There are many reasons why you might feel ""off "" or ""weird "" from time to time , and it ' s normal to have an ""off "" day . However , if you ' re experiencing feelings of emptiness , numbness , or other symptoms that are lasting more than a day or two , you can try to reflect on what ' s going on and reach out for support",2024-11-22T17:22:06.000000,7,false,0.0,0.0,0.7497391304347828,0.7799999999999999
125,2884,"If you ' re having trouble identifying or expressing your emotions , you might have alexithymia . This condition makes it difficult to process emotions , and people with alexithymia may not be able to label or describe their emotions . Alexithymia can occur with certain conditions , such as depression , neurological conditions , and brain injury",2024-11-23T12:03:07.000000,7,false,0.0,0.0,0.13711111111111113,0.9531428571428571
125,2885,"general state of fatigue that involves a lack of energy and motivation for physical and mental tasks . People may also describe this as “feeling lethargic” . Some simple causes , such as overexertion or not getting enough sleep , can leave a person feeling lethargic .",2024-11-24T12:50:45.000000,7,false,-2.0,0.0,0.5225454545454545,0.7128181818181818
125,2887,"Feeling sad is a normal human emotion that can occur in response to difficult life events or losses . Sadness can make you feel disappointed , glum , or hopeless . You might react to sadness by crying , listening to sad music , or spending more time alone .",2024-11-25T12:10:58.000000,7,false,-2.0,1.0,-0.10492307692307684,0.8652307692307692
125,2888,"Sometimes I am just very deep in thought or going off into my own little world . Other times , I just don ' t have much to say or just feel like enjoying silent time . In my home I have a very chatty wife and 2 young kids , a lot of neighbors , and I have to talk a lot at work . Some days I just want to sit in silence and watch Lost Girl or Arrow",2024-11-26T12:01:47.000000,7,false,0.0,0.0,1.1928888888888887,0.6030322580645161
125,2890,"Usually , when people suppress a lot they bottle up emotions as a coping mechanism which may come from trauma etc . Which means when they are presented with an emotional situation they cannot exactly explain what they feel/ shutdown or door slam . It is completely okay to feel overwhelmed in stressful situations . However , you will need to self- reflect and figure out how and what caused you to feel that way . In that manner you will feel better and be more conscious . Sometimes , I’d say most people would cry which is easier to express stress , sadness and loneliness . Since it’s more wiser than speaking words to people who wouldn’t understand . You need to ask them and be around them not for interrogation but for hearing them out , which acts as comfort to them .\ n",2024-11-27T12:33:46.000000,7,false,0.0,0.0,0.6585762711864404,0.7667301587301587
125,2672,"Active , alive , Ready , Prepared , On point",2024-11-14T12:04:16.000000,7,true,0.0,2.0,2.165,0.948
125,2674,"Neutral , Lowkey , No feelings , Down , Just myself",2024-11-15T12:13:06.000000,7,true,0.0,1.0,-0.30599999999999994,0.08133333333333326
125,2675,"Sluggish , Slow , Dull , Down , Tired",2024-11-15T17:02:33.000000,7,true,-1.0,0.0,-2.2272000000000003,-0.258
125,2676,"Sluggish , Slow , Dull , Down , Sad",2024-11-16T12:06:32.000000,7,true,-1.0,0.0,-2.0672000000000006,-0.24520000000000008
125,2871,"Happy , Grateful , Excited , Lively , Joyous",2024-11-16T17:01:52.000000,7,true,2.0,1.0,3.4616,1.7271999999999998
125,2875,"Active , Alive , At alert , On point , Ready",2024-11-19T12:24:17.000000,7,true,0.0,2.0,2.3266666666666667,1.2144000000000001
125,2876,"Sad , Down , Not happy , Low , Bad",2024-11-19T17:59:11.000000,7,true,-2.0,1.0,-1.052,0.7944
125,2877,"Sluggish , Slow , Tired , Down , Not happy",2024-11-20T12:03:27.000000,7,true,-2.0,0.0,-0.9496000000000002,0.2340000000000001
125,2878,"Calm , Cool , Chilled , Lowkey , Calm",2024-11-20T17:13:23.000000,7,true,2.0,0.0,1.98,0.021599999999999953
125,2882,"Happy , Exicted , Joyous , Loving , Good",2024-11-22T12:07:37.000000,7,true,2.0,1.0,3.465,1.295
125,2886,"Neutral , Normal , No feeling , ORG , Soft",2024-11-24T17:03:43.000000,7,true,0.0,1.0,1.55,-0.18100000000000005
125,2889,"Tired , Sluggish , Dull , Down , Sad",2024-11-26T22:19:12.000000,7,true,-2.0,0.0,-2.4384,-0.02079999999999993
131,3044,"chill , enthusiastic , snacky , thirsty , clean",2024-10-01T22:05:57.000000,7,true,1.0,2.0,1.6600000000000001,0.904
131,3045,"tired , uncomfortable , hungry , neutral , content",2024-10-02T12:00:49.000000,7,true,-2.0,0.0,-1.3936,0.6776
131,3046,I’m dreading checking the produce at my job and I’m drained being at work even though I haven’t been here since Sunday . I don’t look forward to this shift or getting home at 3 am when my fiancé is already asleep .,2024-10-02T22:29:27.000000,7,false,0.0,1.0,0.9892307692307691,0.8133333333333334
131,3048,"full , uncomfortable , tired , dread , unwell",2024-10-03T12:46:50.000000,7,true,-1.0,0.0,-2.0624,1.0912
131,3049,"tired , excited , dread , focused , worried",2024-10-03T17:06:05.000000,7,true,0.0,1.0,-1.44,1.864
131,3050,"about to drive an hour home with my yelling cat . she hates the car but hopefully there’s no traffic , i really wanna get home and see my girlfriend before i have work at 6 . why 200 words that seems like a lot",2024-10-04T17:00:57.000000,7,false,0.0,0.0,1.3319999999999999,0.886421052631579
131,3051,i’m on a break at work and excited to eat my mac n cheese . i wanna go home it’s slow today and this shift is completely dragging . i don’t have the motivation to be energetic so im just skating by and doing the bare minimum,2024-10-04T22:24:26.000000,7,false,-1.0,0.0,1.3433333333333333,0.9573333333333333
131,3052,i’m at work again . this shift is dead compared to the ones i usually work . i always kinda regret picking up extra shifts and my girlfriend doesn’t like it but i really need the money so im toughing it out . at least i like my coworkers a lot and i can kinda do whatever i want,2024-10-05T17:27:13.000000,7,false,1.0,2.0,0.6215555555555555,0.9956363636363637
131,3053,upset because i think i missed the 3pm survey (and possibly the 12) but i had this open in my browser so im filling it out anyway . i was just three minutes late to work and im also upset w myself about that bc every minute and every cent counts right now . i really wanted to have a good day and be pumped for this shift because sundays are always busy but my day didn’t end up how i wanted,2024-10-06T20:03:24.000000,7,false,0.0,1.0,0.573925925925926,0.7235333333333334
131,3054,i’m disappointed in myself for sleeping so much today but can’t do anything about it so i’m just trying to get stuff done that i meant to do earlier . i’m feeling a little manic too . but honestly content like im not devastated,2024-10-07T22:12:07.000000,7,false,0.0,0.0,0.5490526315789475,0.6679999999999999
131,3055,"content , talkative , neutral , chill , relaxed",2024-10-08T12:28:33.000000,7,true,1.0,1.0,1.5952000000000002,0.12319999999999998
131,3056,"excited , happy , high , focused , healthy",2024-10-08T17:23:00.000000,7,true,2.0,1.0,3.045,1.6466666666666665
131,3057,"drunk , happy , worried , mischievous , PERSON",2024-10-08T22:34:31.000000,7,true,2.0,2.0,-0.21520000000000006,1.8208
131,3059,"full from breakfast , enthusiastic about the day in front of me , nervous for a doctors appointment that i have , grateful for my family and my girlfriend , unsure about the timeline of events today , worried about money",2024-10-10T12:37:16.000000,7,false,1.0,1.0,1.26625,1.0205882352941176
131,3060,"uncomfortable , tired , weary , done , annoyed",2024-10-10T17:01:54.000000,7,true,-2.0,0.0,-2.0096000000000003,0.9376
131,3061,"dismayed that this one is a box and not five words . tired , have to pee , want to go home , dragging , annoyed at ORG , wanting to sit down and not have to get up for a while (about to take my break) extra words here",2024-10-10T22:25:56.000000,7,false,0.0,1.0,0.49809523809523804,0.81175
131,3062,a little nervous because my shift lead intimidates me and i don’t work with her often so i feel like kind of rigid and like everything i do is intentional because i don’t want her to think badly of me since im still relatively new . i was really hoping it would just be me and the guys so i could kick back and do less work but she’s leaving at 10 so its fine . i’m bummed i won’t get home til 3 am and won’t see my girlfriend until monday but idek if ill see her because ORG isn’t even closed for the public holiday so she’ll have to cut class to see me,2024-10-12T22:13:15.000000,7,false,0.0,1.0,0.5397209302325583,0.6936595744680851
131,3063,"sweaty , excited , chill , idk , neutral",2024-10-13T22:42:09.000000,7,true,0.0,2.0,0.5088000000000001,0.8592
131,3064,"high , hungry , happy , good , good",2024-10-14T17:15:13.000000,7,true,1.0,1.0,1.8168,1.161
131,3065,"heavy , focused , relaxed , chill , happy",2024-10-14T22:25:44.000000,7,true,1.0,1.0,1.889,0.44000000000000006
179,4529,"I’m not bursting with energy but I’m waking with a gentle enthus , My senses are heightened , I want to laugh , I’m alive and I’m feeling it , I feel calm",2024-09-22T22:58:00.000000,7,true,1.0,1.0,2.41,0.9367272727272727
179,4530,"Not really feeling good , Feeling like something is wrong but can’t figure out what , I wish I’m not experiencing this at the moment , Hate it when I can’t reach something I wish to get done , I feel bad",2024-09-23T12:06:34.000000,7,true,-1.0,1.0,0.5510588235294119,0.982
179,4531,I ' m feeling pretty neutral about a lot of things I don ' t have strong feelings either way .\ nI’m not really interested in the outcome . I ' m just okay with whatever happens .\ nI’m really bothered and trying to make it look natural,2024-09-23T22:15:05.000000,7,false,0.0,1.0,1.3425,0.472
179,4532,"Understanding , Calm , Lively , Calmness , Balance",2024-09-24T12:15:47.000000,7,true,0.0,1.0,2.7279999999999998,0.18520000000000003
179,4533,"Feeling lost in thoughts with a little touch of sadness , a bit disappointed but not devastated .\ nFeeling mildly nostalgic , happiness mixed a touch of sadness .\ nLonging for someone dearly to me and feeling withdrawn at same time .",2024-09-24T22:45:19.000000,7,false,-1.0,1.0,-0.18760000000000007,0.4772631578947367
179,4534,I’m feeling neither particularly happy or unhappy at the moment just going about my daily routine .\ nEverything seems fairly manageable at the moment with no emotional intensity .\ nMy feelings are neither decidedly positive or negative,2024-09-25T12:08:35.000000,7,false,0.0,1.0,1.1295,0.9985714285714286
179,4535,I’m currently feeling the quietness in form of a river flowing through me like a calm ocean .\ nThe quietness has brought me a sense of peace .\ nI might say I Feels so calm and collected in the serene moments,2024-09-25T22:32:57.000000,7,false,0.0,0.0,2.010666666666667,0.16149999999999998
179,4536,"Indifferent , No opinion , Undecided , No strong feelings , It’s fine",2024-09-26T17:34:52.000000,7,true,0.0,1.0,0.8176,0.575
179,4537,"Calm , Unbiased , Composed , Stable , Balance",2024-09-26T22:29:36.000000,7,true,0.0,1.0,1.7488,0.025600000000000067
179,4538,"Awaken , Active , Lively , Bold , Vigorous",2024-09-27T12:02:33.000000,7,true,0.0,2.0,2.5599999999999996,1.3944
179,4539,"As I settled into the couch , surrounded by th comfort familiarity of home my sluggish body finally began to relax , surrendering to the exhaustion .\ nStruggling to shake of the sluggish tiredness away from my body",2024-09-28T17:55:13.000000,7,false,-1.0,0.0,0.31200000000000006,0.40826666666666667
179,4540,"Neutral , Calm , Unbiased , Stable , Compose",2024-09-29T12:58:32.000000,7,true,0.0,1.0,1.3328,-0.0016000000000000458
179,4541,"The warm atmosphere seems to enveloped me in a Damp hug , leaving me feeling somewhat sluggish and lethargic , leaving me unable to summon the energy to tackle even the simplest of task .\ nFeels like hitting a wall",2024-09-29T17:14:35.000000,7,false,-1.0,0.0,0.08124999999999993,0.6717894736842106
179,4542,"I feel the quiet atmosphere enveloped me calming my racing thoughts , soft whispering fills the room calming my disturbed nerves .\ nMy mind feels calm like still pond , flowing to and fro and peaceful like a calm ocean",2024-09-30T12:47:46.000000,7,false,0.0,0.0,1.6575555555555552,0.29389999999999994
179,4543,"Quiet , Calm , Reserved , Compose , Relaxed",2024-09-30T17:54:05.000000,7,true,0.0,0.0,2.024,-0.278
179,4544,"I’m feeling quiet in the quiet hours of the morning , as the world awakens , I found solace in the silence , my thoughts awakened and my spirit renewed .\ nThe quiet rhythm of playing sound creates a calming melody washing away my worries and anxiety , my soul feels peaceful",2024-10-01T12:41:02.000000,7,false,0.0,0.0,1.3779047619047615,0.3858095238095237
179,4545,"Somber , Sad , Pensive , Wistful , Unhappy",2024-10-01T22:47:51.000000,7,true,-1.0,1.0,-1.7856,0.4129999999999999
179,4546,"Neutral , Unbiased , Detached , Preserve , Unbothered",2024-10-03T12:32:16.000000,7,true,0.0,1.0,0.8712,0.126
179,4547,"Neutral , Impartial , Serene , Calm , Stable",2024-10-03T17:47:01.000000,7,true,0.0,1.0,1.4432,-0.21920000000000006
15,802,"Hot , Tired , Happy , Active , Friendly",2021-06-09T20:12:27.000000,1,true,1.0,2.0,1.763,1.336
15,803,"Happy , Active , Hot , Tired , Motivated",2021-06-10T13:56:17.000000,1,true,2.0,1.0,1.5959999999999999,1.7008
15,804,"Tired , Active , Motivated , Exhausted , Fun",2021-06-11T13:10:56.000000,1,true,1.0,1.0,0.5544,1.5336
15,805,"Tired , Active , Friendly , Happy , Over worked",2021-06-12T16:27:18.000000,1,true,-2.0,0.0,1.763,1.18
15,806,"Anxious , Tired , Annoyed , Happy , Exhausted",2021-06-13T19:27:24.000000,1,true,1.0,1.0,-1.3992,1.5064
15,807,"Happy , Loving , Motivated , Busy , Fun",2021-06-14T16:02:56.000000,1,true,2.0,1.0,2.3839999999999995,2.044
15,808,"Active , Hot , Tired , Busy , Fun",2021-06-15T17:08:05.000000,1,true,1.0,1.0,0.5839999999999999,1.63
15,809,"Tired , Happy , Relaxed , Loving , Friendly",2021-06-16T17:34:55.000000,1,true,1.0,1.0,1.9896,0.6856
15,810,"Happy , Busy , Motivated , Tired , Fun",2021-06-17T20:17:26.000000,1,true,1.0,1.0,1.2335999999999998,1.749
15,801,"Busy , Active , Tired , Happy , Hot",2021-06-18T13:50:21.000000,1,true,1.0,1.0,0.7329999999999999,1.522
71,4960,"I feel good . Very calm also . Maybe somewhat tired emotionally . I ' m not angry , just not completely excited . I feel exhausted mentally . Sometimes maybe tensed too . Like a cold feeling within , maybe sadness . But definitely not completely happy . It ' s just majorly a feeling of exhaustion and emotional distress and most likely physical tiredness .",2024-08-29T12:00:46.000000,7,false,2.0,2.0,0.8407142857142859,0.9613076923076923
71,4961,"Sad , Heartbroken , Empty , Tired , Anger",2024-08-29T17:03:35.000000,7,true,-1.0,1.0,-2.7408,0.7991999999999999
71,4962,"Sleepy , Tired , Sad , Anger , Empty",2024-08-29T22:11:16.000000,7,true,-1.0,1.0,-1.9056000000000002,0.4583999999999999
71,4963,"Happy , Fulfilled , Calm , Excited , Elevated",2024-08-30T12:03:49.000000,7,true,2.0,1.0,3.0008,1.31
71,4964,"Calm , Tired , Happy , Relaxed , Tired",2024-08-30T22:41:09.000000,7,true,2.0,0.0,0.7719999999999999,0.17120000000000002
71,4965,"I feel tired . I feel extremely sad . I feel heartbroken . I feel empty . I feel like I ' m always causing problems . I feel unhappy . I feel really down , and emotionally unsatisfied . I feel left out . \nI feel not enough . I feel like I don ' t belong . I feel used , and I feel angry a lot . I ' m so angry",2024-08-31T12:00:44.000000,7,false,-2.0,1.0,0.2682580645161291,1.0777999999999999
71,4966,"This Sadness feels like a heavy , hollow ache in the chest , weighing you down . Emptiness , hopelessness , and longing mix with a sense of loss , making everyday tasks feel overwhelming and pointless . Tears , sighs , and silence accompany the emotional pain .",2024-08-31T17:00:43.000000,7,false,-2.0,1.0,-0.91,0.9055454545454545
71,4967,"Sleepy , Tired , Exhausted , Sober , Calm",2024-09-01T12:04:32.000000,7,true,0.0,0.0,-0.07040000000000006,-0.09519999999999995
71,4968,"Normal , Unbothered , Numb , Quiet , Calm",2024-09-01T17:00:38.000000,7,true,0.0,1.0,1.3576000000000001,-0.45999999999999996
71,4969,"Sleepy , Tired , Neutral , Numb , Calm",2024-09-01T22:05:54.000000,7,true,0.0,1.0,-0.5104000000000001,-0.1232000000000002
71,4970,"Active , Aware , Alive , Eager , Enthusiastic",2024-09-02T12:35:45.000000,7,true,0.0,2.0,2.287,1.7096
71,4971,"Alive , Chill , Calm , Relaxed , Focused",2024-09-02T17:05:44.000000,7,true,0.0,1.0,2.665,-0.062000000000000055
71,4972,"Silent , Calm , Relaxed , Focused , Sleepy",2024-09-03T17:41:13.000000,7,true,0.0,0.0,1.626,-0.655
77,5114,"I feel emotionally drained , nervous and stressed which is leading to physical and mental exhaustion , fears , anxiety and other physical symptoms like rapid heart beats , sweating which is as a result of work pressure , financial constraints , relationship conflicts and lastly my drinking problems .",2024-11-09T12:05:19.000000,7,false,-1.0,0.0,0.3228571428571429,1.3833333333333333
77,5117,"Currently i feel stressed both emotionally , financially and physically . I am currently drained and looking forward to the day maybe something might happen . In short I’m anxious of what is to come even though I’m just here",2024-11-12T12:04:05.000000,7,false,0.0,2.0,0.36499999999999994,1.2203333333333333
77,5118,"I have an overwhelming feeling of being emotionally drained , nervous and stressed which is leading to physical and mental exhaustion . I have lack of motivation , energy and enthusiasm which is caused by a lot of factors which i guess are stress , trauma and maybe overcommitting",2024-11-12T17:37:52.000000,7,false,-2.0,0.0,0.18442105263157896,1.4341111111111111
77,5122,"I have an overwhelming feeling of being emotionally drained , nervous and stressed which is leading to physical and mental exhaustion . I have lack of motivation , energy and enthusiasm which is caused by a lot of factors which i guess are stress , trauma and maybe overcommitting . Like i said in the earlier studies this is how i feel most of the time",2024-11-17T17:03:13.000000,7,false,-2.0,0.0,0.56096,1.327304347826087
77,5123,"It’s still a new day . I’m at work , I’m still active not yet drunk , but I’m still unhappy , nervous , anxious and worried about my life and every other thing surrounding me . I’m hopeful nonetheless about my situation . Any small provocation today I might find solace in my bottles here",2024-11-18T12:43:20.000000,7,false,0.0,2.0,0.436,0.8875454545454546
77,5125,"I have an overwhelming feeling of being emotionally drained , nervous and stressed which is leading to physical and mental exhaustion . I have lack of motivation , energy and enthusiasm which is caused by a lot of factors which i guess are stress , trauma and maybe overcommitting .",2024-11-19T17:01:43.000000,7,false,-2.0,1.0,0.18442105263157896,1.4341111111111111
77,5126,"I have an overwhelming feeling of being emotionally drained , nervous and stressed which is leading to physical and mental exhaustion . I have lack of motivation , energy and enthusiasm which is caused by a lot of factors which i guess are stress , trauma and maybe overcommitting . I was triggered by a lot of things today . I hope it gets better though",2024-11-19T22:04:29.000000,7,false,-2.0,0.0,0.5533913043478261,1.1433600000000002
77,5128,"I feel emotionally drained and stressed . I’m currently facing pressure from all angles (family , friends , workplace , myself) i kind of owe it to them to be successful . I have a lot to achieve and most times i find myself at the bottom of the bottles drowning my emotions and looking for a way out of these responsibilities",2024-11-20T17:02:53.000000,7,false,0.0,1.0,1.4577777777777774,0.8756190476190476
77,5129,"I have an overwhelming feeling of being emotionally drained , nervous and stressed which is leading to physical and mental exhaustion . I have lack of motivation , energy and enthusiasm which is caused by a lot of factors which i guess are stress , trauma and maybe overcommitting , as i have said in the previous survey this is how i feel most of the time",2024-11-21T12:31:38.000000,7,false,1.0,2.0,0.5071304347826088,1.2853636363636365
77,5130,"I have this feeling of being emotionally drained , nervous and stressed which is leading to physical and mental exhaustion . I have lack of motivation , energy and enthusiasm which is caused by a lot of factors which i guess are stress , trauma and maybe overcommitting to a particular thing , person or project . I feel this way almost everyday , I’m hoping for a change but I don’t know when it will commence",2024-11-21T22:21:18.000000,7,false,-1.0,0.0,0.6749333333333333,1.0605806451612905
77,5115,"Stressed , Drained , Unbothered , Tired , Quiet",2024-11-09T17:01:38.000000,7,true,-1.0,0.0,-0.43600000000000005,0.26080000000000003
77,5116,"Exhausted , Tired , Worried , Nervous , Anxiety",2024-11-10T17:31:51.000000,7,true,-2.0,0.0,-2.8856,1.5992
77,5119,"Drained , Vexed , Angry , Worried , Sad",2024-11-14T17:03:01.000000,7,true,-2.0,0.0,-2.6144,1.584
77,5120,"Drained , Tired , Nervous , Stressed , Unhappy",2024-11-15T12:01:52.000000,7,true,0.0,1.0,-2.524,1.318
77,5121,"Tired , Down , Drained , Unhappy , Unstable",2024-11-15T17:11:14.000000,7,true,-1.0,0.0,-2.5248,0.675
77,5124,"Unbothered , Relaxed , Neutral , Active , Hopeful",2024-11-19T12:46:05.000000,7,true,0.0,2.0,2.3384,0.0676
77,5127,"Unbothered , Lively , Hopeful , Jovial , Emotionally unavailable",2024-11-20T12:05:22.000000,7,true,1.0,2.0,2.0376,0.778
77,5131,"Unbothered , Unhappy , Tired , Down , Emotional",2024-11-22T12:06:14.000000,7,true,0.0,2.0,-0.708,0.37949999999999995
77,5132,"Drunk , Pain , Emotional , Drained , Tired",2024-11-22T17:03:34.000000,7,true,-2.0,0.0,-1.6816,1.4296
77,5133,"Drunk , High , Unbothered , Tired , Numb",2024-11-22T22:03:05.000000,7,true,-2.0,0.0,-0.8888,0.5555
39,2947,"Energetic , Content , Calm",2021-03-30T12:07:34.000000,1,true,0.0,1.0,2.6293333333333333,0.6186666666666667
39,2948,"Happy , Nuetral , Comfortable",2021-03-31T12:07:03.000000,1,true,0.0,1.0,3.678,0.7959999999999999
39,2949,"Energetic , Happy , Content",2021-04-03T13:01:19.000000,1,true,1.0,0.0,2.9426666666666663,1.532
39,2950,"Sad , Unmotivated , Content",2021-04-06T13:17:16.000000,1,true,-1.0,1.0,-0.9186666666666667,-0.16133333333333333
39,2951,"Happy , Content , Motivated",2021-04-07T12:19:09.000000,1,true,1.0,1.0,2.9066666666666663,1.5133333333333332
39,2943,"Happy , Content , Motivated",2021-04-08T12:20:43.000000,1,true,1.0,1.0,2.9066666666666663,1.5133333333333332
39,2944,"Tired , Content , ORG",2021-04-09T12:30:02.000000,1,true,-1.0,0.0,-0.44399999999999995,0.22599999999999998
39,2945,"Calm , Content , Little tired",2021-04-11T12:28:16.000000,1,true,2.0,0.0,0.29800000000000004,-0.17700000000000005
39,2946,"Happy , Motivated , Content",2021-04-12T12:01:51.000000,1,true,1.0,2.0,2.9066666666666667,1.5133333333333332
52,5135,"Ill , Anxious , Sad , Overwhelmed , Scared",2021-06-09T12:05:43.000000,1,true,-2.0,0.0,-2.2944000000000004,1.5008000000000001
52,5136,"Sick , Tired , Nervous , Stressed , Fearful",2021-06-10T12:01:54.000000,1,true,-2.0,0.0,-2.9,1.308
52,5137,"Tired , Uncomfortable , Lightheaded , Anxious , Dull",2021-06-11T15:02:57.000000,1,true,0.0,1.0,-2.184,1.0336
52,5138,"Lonely , Depressed , Stressed , Anxious , Bored",2021-06-12T12:04:12.000000,1,true,0.0,1.0,-2.6,0.9623999999999999
52,5139,"Surprised , Happy , Content , Special , Confused",2021-06-13T12:45:07.000000,1,true,0.0,2.0,1.7672,1.5104
52,5140,"Surprised , Happy , Loved , Anxious , Wired",2021-06-14T12:18:57.000000,1,true,2.0,1.0,1.4120000000000001,1.6696
52,5141,"Apprehensive , Grateful , Talkative , Tired , Dehydrated",2021-06-15T12:48:12.000000,1,true,1.0,1.0,-0.22240000000000001,1.096
52,5142,"Tired , Dehydrated , Sluggish , Sick , Numb",2021-06-16T12:07:39.000000,1,true,-2.0,0.0,-2.6064,0.5816
52,5134,"Stressed , Happy , Excited , Talkative , Content",2021-06-18T12:21:01.000000,1,true,1.0,2.0,1.4296,1.7
28,1790,"optimistic , passionate , creative , anxious , tired",2021-03-25T12:42:57.000000,1,true,1.0,0.0,1.2752,1.496
28,1791,"Happy , Creative , Tired , excited , productive",2021-03-26T12:28:44.000000,1,true,2.0,0.0,2.0631999999999997,1.66
28,1792,"excited , rested , joyful , homie , proactive",2021-03-30T12:03:34.000000,1,true,2.0,1.0,2.2687999999999997,1.509
28,1793,"satisfied , happy , hopeful , cheerful , sleepy",2021-04-01T15:03:05.000000,1,true,2.0,2.0,3.196,0.831
28,1794,"sleepy , optimistic , excited , spontaneous , proud",2021-04-02T12:11:32.000000,1,true,2.0,1.0,2.6832000000000003,1.3312
28,1787,"Sleepy , Enthusiastic , Creative , Affectionate , Joyful",2021-04-05T12:47:17.000000,1,true,2.0,0.0,2.96,1.035
28,1788,"Happy , Content , Rested , Creative , Motivated",2021-04-07T18:16:20.000000,1,true,2.0,2.0,2.8784,1.1199999999999999
28,1789,"Tired , Sleepy , Calm , Relaxed , Careless",2021-04-10T16:28:41.000000,1,true,-1.0,0.0,0.35839999999999994,-0.22560000000000002
4,279,"Motivated , Friendly , Attentive , Anxious , Overwhelmed",2021-06-11T13:42:03.000000,1,true,1.0,0.0,1.0199999999999998,1.807
4,280,"Active , Competitive , Nostalgic , Sociable , Nervous",2021-06-12T19:43:30.000000,1,true,1.0,1.0,0.5032,1.4624000000000001
4,281,"Anxious , Nervous , Tired , Overwhelmed , Positive",2021-06-13T14:06:41.000000,1,true,1.0,0.0,-0.9367999999999999,1.692
4,282,"Stressed , Overtired , Overworked , Impatient , Hungry",2021-06-14T14:01:15.000000,1,true,2.0,0.0,-2.6512000000000002,1.532
4,283,"Frustrated , Stuck , Unfulfilled , Angry , Anxious",2021-06-15T12:03:56.000000,1,true,0.0,1.0,-2.7016,1.7408
4,284,"Nervous , Anxious , Overwhelmed , Over worked , Tired",2021-06-16T12:24:40.000000,1,true,-2.0,2.0,-2.089,1.692
4,285,"Relaxed , Outgoing , Cheerful , Attentive , Aware",2021-06-17T14:02:11.000000,1,true,0.0,1.0,2.2895999999999996,0.471
4,286,"Stressed , Overwhelmed , Anxious , Fearful , Confused",2021-06-18T13:58:56.000000,1,true,0.0,1.0,-2.2527999999999997,1.9449999999999998
138,3466,"Tired , Nervous , Content , Happy , Productive",2024-11-08T12:36:57.000000,7,true,0.0,1.0,0.6992,1.276
138,3467,I feel tired . I also feel overworked and burnt out . I have 2 children under the age of 3 and I work 3 jobs and it’s a lot . The outcome of the elections stresses me as a women and immigrant . I’m worried about people being more racist and xenophobic and I’m worried about raising my children in this climate,2024-11-08T17:37:14.000000,7,false,0.0,1.0,-0.05982608695652175,1.177
138,3468,"Hungry , Tired , Happy , Hungry , Drained",2024-11-08T22:02:17.000000,7,true,2.0,1.0,-1.4504000000000001,1.2984
138,3469,"I’m overworked and underpaid and I feel so burned out .   Working 3 jobs and having 2 under 3 aged kids is so tiring , I’m constantly dropping the ball and letting someone down . I just need a break or a vacation . I think about wanting a drink often but I feel like I can’t because I can’t afford being drunk or having a hangover .",2024-11-09T17:04:04.000000,7,false,-2.0,0.0,-0.015999999999999983,1.0388333333333333
138,3470,I just ate dinner with the in-laws and now I’m trying to set up their dinner . It’s a very frustrating process as I keep hitting snags . I am sad because I’m missing time with my kids . They are happy and I’m happy that they are happy but I miss them .,2024-11-09T22:12:08.000000,7,false,1.0,0.0,1.1369411764705881,1.194
138,3472,"Tired , Disappointed , Anxious , Tired , Content",2024-11-10T12:37:37.000000,7,true,2.0,0.0,-1.8144000000000002,0.8216
138,3473,"Tired , Content , Happy , Nervous , Tired",2024-11-10T17:07:53.000000,7,true,-2.0,0.0,-0.45599999999999996,0.988
138,3474,It’s been a super long day and I’m going to bed early . I’m very very tired from not sleeping well and just a long day all together . The kids got new beds so they are having a hard time which is making me feel even more tired and burnt out .,2024-11-11T22:27:26.000000,7,false,-2.0,0.0,1.073,0.6929473684210526
138,3475,"I’m exhausted . The little one bumped her head and had to rush to urgent care to evaluate whether she needs stitches so I feel nervous and worried for my child . And because she’s my child , my anxiety is through the roof .",2024-11-12T22:05:26.000000,7,false,-2.0,0.0,-0.0762500000000001,1.1493333333333333
138,3476,"I’m happy because I’m home with my family , I’m just so exhausted and tired . But my daughter called me her hero so I’m just so happy and feeling loved . I’m tired from working and lack of sleep but my babies make me so incredibly happy .",2024-11-13T17:02:09.000000,7,false,-2.0,0.0,1.8059999999999998,0.9471578947368421
138,3477,I’m sad because my library card expired and I just realized . This is also the first moment I’m getting to myself in days so it’s nice to just sit in the quiet . I feel content and motivated to get some laundry put away .,2024-11-13T22:02:50.000000,7,false,0.0,0.0,1.200842105263158,0.591
138,3478,"angry , frustrated , tired , tired , tired",2024-11-14T12:10:44.000000,7,true,0.0,1.0,-3.0768,0.9456
138,3479,"Im sad because I heard one of my friends will be leaving . Im tired from working so much and my children make me feel so happy whenever I’m even just looking at them . So I’m happy , tired , exhausted , stressed , and anxious .",2024-11-14T17:01:55.000000,7,false,-2.0,0.0,0.45919999999999994,0.9782105263157895
138,3480,I’m feeling super tired because I have not had a break from teaching class and back to back meetings all day . Fridays is my busiest and most stressful day . It’s also my happiest day as I’m maximizing my student interaction . I can’t wait to spend the weekend with my kids so I’m also happy . Happy and tired and content .,2024-11-15T17:26:15.000000,7,false,2.0,1.0,1.1159999999999999,0.8016666666666666
138,3482,"Tired , Content , Happy , Exhausted , Happy",2024-11-15T22:03:37.000000,7,true,2.0,0.0,0.7952,1.0048
138,3483,I’m home with the children and they are a lot but I’m also happy because I get to spend time with them . My mother in law is also trying my patience is running thin so I’m trying to hard to feel patient but I am getting frustrated .,2024-11-16T12:42:07.000000,7,false,0.0,1.0,1.2903529411764705,1.0284444444444445
138,3484,Im so exhausted after running after my kids for 4 hours at ORG    . Im so run down and feel like I’m gonna get sick which would suck because I have 3 jobs . I’m happy my kids had fun but I’m just extremely exhausted .,2024-11-16T22:02:31.000000,7,false,-2.0,0.0,0.8254736842105265,1.3491764705882352
138,3485,"Tired , Happy , Content , Excited , Exhausted",2024-11-18T12:13:32.000000,7,true,1.0,2.0,0.6599999999999999,1.1616
138,3486,"Tired , Quiet , Loved , Happy , Happy",2024-11-21T17:11:39.000000,7,true,0.0,0.0,2.1264,0.8388
126,2892,"Content and relaxed . I just ate dinner (two grilled cheese sandwiches with turkey) and am winding down for the day . I’m calm and ready for the upcoming week . I’m on the phone with my boyfriend , and we are simply relaxing and spending time with each other . There is nothing too stressful going on in my life so I’m rather laid back right now .",2024-09-22T22:28:07.000000,7,false,2.0,0.0,0.9874482758620694,0.43658064516129036
126,2893,"I feel okay .   Not too excited or happy for anything in particular but not drained or upset .   I feel very neutral , but slightly upbeat .   I ' m almost done with classes for today and am not stressed out over any homework or assignments .   I feel fine at work , nothing is bothering me , but I do feel bored sometimes .",2024-09-23T17:35:34.000000,7,false,1.0,0.0,0.6110399999999998,0.9181666666666667
126,2894,"I ' m about to take the first half of my Spanish quiz .   I ' m a little nervous , but trying not to let it get to me .   I really want to do well , so I ' m feeling a bit anxious about my performance .   I ' m trying not to work myself up and remain calm by grounding myself .   I know that after this class , I will feel much better , regardless of how I do .   This is the only thing that ' s really on my mind , I ' m really focused on my performance .",2024-09-24T12:13:04.000000,7,false,-1.0,2.0,1.2412857142857145,0.8782758620689655
126,2895,"I’ve calmed down a bit from earlier today . Now I just feel sad . Not super stressed or deeply hopeless . Just sad . I’m trying to not get lost in my mind and am just distracting myself . I have things to keep me busy and people I can talk to , I just feel a lingering bit of blueness .",2024-09-24T22:00:55.000000,7,false,-1.0,1.0,0.5947142857142856,0.7236153846153845
126,2896,"I still feel very neutral . I’m in class right now , trying to stay engaged . Nothing urgent or pressing is coming up but I am feeling burdened ( ? ) by some physical pains right now . They are mild but persistent which makes me feel a bit worse for wear , but not entirely awful .",2024-09-25T17:01:28.000000,7,false,0.0,0.0,0.32340740740740737,0.856
126,2897,"Neutral , Pleasant , Okay , Meh , Fine",2024-09-25T22:38:01.000000,7,true,0.0,1.0,1.1328,0.09439999999999993
126,2898,"I’m about to take a quiz so I’m a bit nervous as to how I’ll do on it . It’s not too intimidating , but I think just a natural case of the jitters that comes with taking tests and quizzes . I woke up with a bad headache too so I feel a bit sluggish from that , but luckily I still feel focused for my quiz .",2024-09-26T12:22:53.000000,7,false,-1.0,2.0,0.2012173913043478,1.0895833333333333
126,2899,"I feel neutral . I’ve gotten part of my Spanish quiz back and I’m content with my grade . I have a bit of a headache which is bothering me , but it’s not affecting my mood or activity too much . I feel fine and okay .",2024-09-26T17:00:53.000000,7,false,0.0,1.0,0.6348235294117647,0.8049411764705883
126,2901,"I’m spending time with my friends . I feel very happy , light of heart . I feel safe and comfortable and am having a great time . I don’t have anything stressful on my mind or anything weighing me down . We’re all having a good time .",2024-09-26T22:42:56.000000,7,false,2.0,1.0,1.5112000000000003,0.7887058823529411
126,2902,"Plain , Okay , Neutral , Pleasant , Good",2024-09-27T12:00:51.000000,7,true,0.0,1.0,1.8860000000000001,0.10160000000000013
126,2903,"Happy , Full , Relaxed , Pleasant , Good",2024-09-27T17:00:43.000000,7,true,1.0,1.0,2.9384,0.37039999999999995
126,2904,I feel okay . Not particularly enthusiastic about anything but also not feeling down over anything . I’m in a good mood but just neutral . Very lazy Saturday feelings . Just existing . I don’t have any homework to worry about at the moment and am doing okay academically/socially .,2024-09-28T17:16:49.000000,7,false,1.0,1.0,1.0715999999999999,0.7106666666666667
126,2905,"I feel okay . I woke up feeling about the same , which sucks but it’s good I don’t feel worse . I hope whatever I’m sick with is minor . I’m excited for some events in the coming weeks and am on top of my work . I feel pleasant with the exception of whatever has me sick .",2024-10-01T12:15:15.000000,7,false,0.0,1.0,0.6600000000000001,1.0873636363636363
126,2906,"Okay , Fine , Meh , Tired , Pleasant",2024-10-01T17:26:05.000000,7,true,0.0,1.0,0.5824,0.2008000000000001
126,2907,"Okay , Chill , Relaxed , Fine , Pleasant",2024-10-02T12:42:32.000000,7,true,1.0,0.0,2.4976000000000003,-0.08079999999999998
126,2908,"I feel okay . I’m definitely tired and my head feels like it’s full of sand (clogged sinuses) but emotionally I’m fine . I don’t have any homework for the rest of the week and no pressing concerns or projects . I’m just going to focus on taking it easy for the next few days to get rid of what I have , but I’m at a nice steady neutral right now .",2024-10-02T22:27:32.000000,7,false,0.0,1.0,0.8673846153846152,0.5584137931034483
126,2909,"Sick , Down , Meh , Tired , Drained",2024-10-03T12:18:13.000000,7,true,-2.0,0.0,-2.1967999999999996,0.44399999999999995
126,2910,"I feel okay . Nothing exciting is going on , I’m just trying to relax and rest to purge my sickness out . I feel a bit of FOMO watching all of my friends hang out while I just rest , but it’s fine I guess . It’s just a bit sucky .",2024-10-04T17:44:00.000000,7,false,-1.0,0.0,1.1234,0.7272941176470588
141,3576,I feel tipsy very stressed and tired today I feel so sick and tired but I’m gonna be fine just a little bit drunk too took a few bottles i don’t really know what’s wrong with me right now am just stressed out but I’m gonna be okay \n,2024-08-26T22:37:35.000000,7,false,1.0,1.0,0.08956521739130432,0.8667826086956522
141,3578,I feel stressed out but at the same time a little bit happy and I took a few bottles of alcohol outside in my garage today so am stressed out and a little bit drunk not that drunk I just feel really tired and stressed out,2024-08-30T22:14:36.000000,7,false,1.0,1.0,-0.3251428571428571,0.926952380952381
141,3580,"I feel so empty and lost right now ,I do not have the right words I need to explain this kinda feeling but I feel lost and confused ,I am hopeful anyways hoping it all get better and I get to know what’s going on",2024-09-01T12:41:00.000000,7,false,-1.0,1.0,1.1588000000000003,0.9392727272727273
141,3581,"It’s Monday and PERSON got no time to slack or feel down ,I am happy about this new week and hope all goodness comes with it .\ nI am active ,cheerful ,happy about the new week and of course PERSON gat to win my bosses heart This week .",2024-09-02T12:55:43.000000,7,false,0.0,2.0,2.412,0.87
141,3582,I am so glad that my work got acknowledged today \nThis happened several months back and now it feels like I am on top of the world \nI know this means I gat to push harder go further and do stuffs right \nBut yes am not stopping I keep pushing,2024-09-02T22:11:27.000000,7,false,1.0,1.0,0.9944761904761906,0.86648
141,3583,"I feel glad about today and all that u have seen and heard so far ,I am hopeful and excited for great news and greatness today I would say that has made me positive and somewhat happy too \nI should do a great job at work to feel even better",2024-09-03T12:32:15.000000,7,false,0.0,1.0,2.256363636363637,1.15656
141,3572,"Normal , Calm , Reserved , Nil , Nil",2024-08-24T17:29:36.000000,7,true,0.0,1.0,0.44960000000000006,-0.3767999999999998
141,3573,"Unhappy , Feeling natural , Stressed , Tired , Nothing else",2024-08-24T22:01:03.000000,7,true,0.0,0.0,-0.8033333333333333,0.20320000000000005
141,3575,"Active , Tipsy , Lively , Drunk , Drained",2024-08-25T22:04:51.000000,7,true,0.0,2.0,0.3959999999999999,1.7248
141,3577,"Happy , A bit joyful , Glad , Impressed , Joyful",2024-08-30T12:49:30.000000,7,true,1.0,2.0,2.8713333333333337,1.5433333333333334
141,3579,"Sad , Tired , Stressed , Annoyed , Nervous",2024-08-31T22:22:53.000000,7,true,-1.0,1.0,-2.6728,1.3944
141,3584,"Stressed , Tired , Downcast , Sad , Annoyed",2024-09-03T22:05:17.000000,7,true,-2.0,0.0,-2.8928,1.173
173,4442,"I’m feeling good , happy , and accomplished at this moment . I’ve had a good day with loved ones and have been relaxing and just enjoying the day . Its refreshing to have a day without too many plans or too much going on . I’m really enjoying the day so far .",2024-11-01T17:50:48.000000,7,false,2.0,1.0,2.158200000000001,0.6486315789473682
173,4438,"Excited , Hopeful , Tired , Annoyed , Optimistic",2024-10-26T12:13:33.000000,7,true,1.0,1.0,0.9007999999999999,1.3744
173,4439,"Tired , Annoyed , Sick , Frustrated , Exhausted",2024-10-27T17:01:19.000000,7,true,-1.0,0.0,-3.1424,1.084
173,4440,"Tired , Rested , Sick , Content , Ready",2024-10-27T22:57:53.000000,7,true,0.0,1.0,0.088,0.3336
173,4441,"Tired , Content , Accomplished , Frustrated , Hopeful",2024-10-28T22:01:21.000000,7,true,0.0,1.0,0.45760000000000006,0.621
173,4443,"Tired , Proud , Stressed , Excited , Nervous",2024-11-04T12:07:31.000000,7,true,1.0,0.0,-0.2968,1.8064
44,4057,"Sunburned , Tired , Busy , Content , Happy",2021-06-11T14:09:06.000000,1,true,2.0,0.0,0.5670000000000001,0.7973333333333333
44,4058,"Tired , Itchy , Sick , Neutral , Calm",2021-06-15T17:48:01.000000,1,true,0.0,1.0,-0.9488000000000001,0.36639999999999995
44,4059,"Stressed , Tired , Busy , Irritated , Overwhelmed",2021-06-17T13:05:42.000000,1,true,0.0,2.0,-2.008,1.553
44,4060,"Stressed , Tired , Content , Happy , Annoyed",2021-06-18T13:56:38.000000,1,true,1.0,0.0,-0.5559999999999999,1.2968
87,379,I am a bit jittery and anxious . I am feeling pretty awake and focused but anxious about other life events currently . I did get a full night ' s of sleep . I don ' t have anything else to add but it ' s telling me I need more charactera,2024-11-14T12:47:33.000000,7,false,-1.0,2.0,1.0726666666666667,0.9776666666666667
87,381,I am currently very happy and content . Slightly sleepy but solely because I am relaxed and at ease . I am excited about my plans for tonight and currently feeling productive . I am in a positive mindset,2024-11-16T17:01:50.000000,7,false,2.0,1.0,2.1599999999999997,0.6435384615384615
87,382,I am currently feeling fairly calm and content . I am not overly anxious or stressed . I am a bit sleepy but feel happy about how I spent my day . Overall i have a positive mindset and am in a good place .,2024-11-17T22:15:12.000000,7,false,2.0,0.0,1.2473684210526315,0.6821111111111111
87,376,"Tired , Sluggish , Unmotivated , Drained , Sleepy",2024-11-13T12:10:24.000000,7,true,-2.0,0.0,-1.7128,-0.1943999999999999
87,377,"Tired , Drained , Unfocused , Anxious , Unmotivated",2024-11-13T17:30:28.000000,7,true,-1.0,0.0,-2.3216,0.4588
87,378,"Anxious , Antsy , Bored , Sleepy , Tired",2024-11-13T22:11:38.000000,7,true,-1.0,2.0,-1.4208,0.6335999999999999
87,380,"Sleepy , Hungry , Happy , Relaxed , Bored",2024-11-15T22:37:49.000000,7,true,1.0,1.0,0.316,0.40959999999999996
72,4976,I am jet lagged and happy to be home .   My cat is also very happy to have me home .     Although I am sluggish I feel good and motivated for a productive weekend .    Hopefully to enjoy some Fall activities and drinks,2024-09-27T17:13:57.000000,7,false,1.0,0.0,1.7270909090909088,1.1209473684210525
72,4977,I feel great .   Got a good sleep and got in some walking .    Have not had any alcohol since Saturday night .    Perfect fall weather .   Xcxxxxxxxxxxxxxxxxxxxxxxxxxxxxxxccccccccccccc \ n \ nXxxxxxxxxxccccccccccccccccccccccccc,2024-09-28T12:33:12.000000,7,false,1.0,0.0,1.6126666666666667,1.0766153846153845
72,4973,"Tired , Stress , Concerned , Happy , Motivated",2024-09-19T12:04:03.000000,7,true,0.0,1.0,-0.13439999999999985,1.7576
72,4974,"Tired , Concerned , Focused , Determined , Lackluster",2024-09-24T17:22:36.000000,7,true,-1.0,0.0,-1.197,0.854
72,4975,"Happy , Relaxed , Focused , Full , Inquisitive",2024-09-25T12:08:34.000000,7,true,1.0,2.0,1.521,0.6719999999999999
166,4226,"I ' m currently feeling a sense of contentment and tranquility , like a warm cup of tea on a cozy afternoon . My mind is at ease , and I ' m feeling grateful for the opportunity to connect with others and make a positive impact in their lives . I ' m also feeling a hint of curiosity and excitement , eager to engage in meaningful conversations and learn more about the people I interact with .",2024-09-11T22:20:17.000000,7,false,0.0,2.0,2.108266666666667,0.8703571428571428
166,4227,"Happy , Grateful , Expressive , accomplished , Accommodative",2024-09-19T12:27:05.000000,7,true,1.0,2.0,3.0208,1.0025
166,4229,"Disengagement has become a coping mechanism , a way to temporarily escape the overwhelming pressure and expectations . However , this detachment has also led to feelings of isolation and disconnection from others . Social interactions , once enjoyable , now feel forced and exhausting .",2024-09-19T17:26:23.000000,7,false,-1.0,0.0,-0.15094736842105258,1.111904761904762
1,200,"I feel good .   I caught up on some sleep . Work went well for me . I’m very relaxed and happy . I did have sone alcoholic beverages , but i spread them out throughout the day . I was never overly intoxicated .",2021-06-09T12:41:57.000000,1,false,2.0,1.0,0.9466666666666667,1.1188
1,201,I’ve been feeling good for days and days . I really have a normal Routine .   I probably am happy because if my meth usage . Yea I smoke up a fat bowl of crystal then fuck my girlfriend . Oh yea baby oh yea !!!,2021-06-11T12:01:45.000000,1,false,2.0,1.0,1.2642222222222221,0.6828421052631579
1,202,"I’ve been feeling fine personally . I’ve been trying to stay positive , but because of the tragedic events of yesterday it’s been very hard to do . Business at the bar sucked because sone many ppl didn’t come out last night . I feel like I’m cursed because there has been one event after another that has severely effected business .",2021-06-13T13:15:07.000000,1,false,0.0,1.0,0.6061818181818182,0.6508148148148147
1,203,"I feel great . I’ve had a day off . I’m going to go to my mom’s birthday . I love having dinner with my mom . She always treats me , but tonight I think I’ll treat her .   So I’m not sure if that maters . I’m just say that because it makes me feel happy to be having dinner with my mom .",2021-06-16T12:03:12.000000,1,false,2.0,1.0,1.9810000000000003,0.9380833333333334
1,204,"I feel great today . I am well rested . I have a positive attitude about how the rest of the day will go . I feel energized , so work today should be great .    I don’t think that my mood will change . I’m very stable right now .",2021-06-17T12:38:38.000000,1,false,2.0,2.0,2.1225600000000004,0.7059130434782608
36,2492,I am doing well . Getting ready for work . It is going to be a good day .   Other than it being cold .   But I am working inside today until 8 pm \ nThen I get to go home to my best friend whom I love dearly . Everyday is a good day,2022-01-22T11:03:16.000000,2,false,0.0,0.0,1.953818181818182,0.7200799999999999
36,2493,"I am feeling OK .   A little anxious because I have to move , but dealing with it and staying positive ..   everything will work out well .   200 characters ia a lot to say how I feel though . Still not enough",2022-01-22T16:22:38.000000,2,false,0.0,1.0,1.2296000000000002,0.632
36,2494,I am feeling pretty good right now and only getting better .. I am trying to stay very   positive on everything that is going on in my life .. I am making the best out of what I can ..   that is all that any of us can do ..,2022-01-22T20:32:50.000000,2,false,1.0,1.0,2.04525,0.98375
36,2495,At this very moment I am feeling very content and pretty happy .   I have made some choices and decisions and I am quite satisfied in the choices and decisions that I have made today .   Also the buccaneers are on television .,2022-01-23T15:08:37.000000,2,false,1.0,1.0,1.8286153846153848,0.8978333333333334
36,2496,I just got home from a very long day of work and can now relax .   I an very happy I have the next two days off and I can try to take care of certain situations therefore I am quite happy and content right now ..,2022-01-23T20:03:16.000000,2,false,2.0,1.0,1.7140000000000002,0.684608695652174
36,2497,At this current moment I am feeling currently happy .   It is my day off and I am relaxing and this always makes me happy .   It is very cold in GPE this week but I am dealing with that and staying warm and happy .,2022-01-24T15:02:19.000000,2,false,1.0,1.0,1.7114285714285717,0.7362666666666666
36,2498,I am very content and calm right now .   I was just sitting by the bon fire enjoying the night even though it is pretty cold out for GPE .   Life is good and it is only gonna get better from here on out .,2022-01-24T20:01:49.000000,2,false,2.0,0.0,1.7216470588235295,0.8548235294117648
36,2499,I am feeling pretty happy today just like most days .   I am content and satisfied with my life right now .   I am hoping for everything to move in a very positive direction and keep my life on track which I think should happen .,2022-01-26T16:04:09.000000,2,false,1.0,1.0,2.1078260869565217,0.83925
36,2500,I am feeling somewhat content today .   It is kind of gloomy and cold outside today but I am trying to still keep my spirits up .   Life is good at the moment and it is only going to get better as the year goes on .,2022-01-28T15:04:27.000000,2,false,1.0,0.0,1.439777777777778,0.8189565217391304
36,2490,"I am currently feeling Okay and somewhat content .   Life keeps throwing me curveball but I have to hang in there and stay strong .   Things will have to get better soon .   Still not enough words , uou really need to lower the limit .",2022-01-31T20:01:03.000000,2,false,1.0,0.0,1.101777777777778,0.6774285714285715
36,2491,I am very happy today although things are not in line I am feeling positive that they will be .   As long as we keep a positive attitude positive things will happen .   So therefore things are good right now .,2022-02-02T21:17:18.000000,2,false,2.0,1.0,1.9800000000000006,0.6199999999999999
31,1961,"over the weekend , my friends dad and dog both died so i have been feeling sorry for him and helping him book travel to GPE to be with his family . It’s pretty much all i have spent time or energy on .",2021-03-30T12:35:54.000000,1,false,0.0,0.0,1.7275294117647058,0.633
31,1962,i am still feeling the same as i was yesterday ; sad for my friend . i had a nice meal last night and was able to spend some time on myself yesterday which made me happy . i would like to be more productive on my days off .,2021-03-31T12:03:38.000000,1,false,1.0,1.0,1.381333333333333,0.655142857142857
31,1963,i ran my fastest 5k ever yesterday ! i have been doing a running workout program for one week and am proud of myself for sticking to it . i usually lose interest/drive in workout programs pretty quickly but i have done the workouts every day so far,2021-04-01T12:21:54.000000,1,false,2.0,2.0,1.3903999999999999,0.8899
31,1964,i did not have restful sleep last night . i had “server nightmares” and woke up in a panic this morning . i had a good night at work last night but i really did not want to be there for some reason ; despite working with my favorite people,2021-04-02T12:14:39.000000,1,false,-1.0,0.0,0.8509565217391305,0.99656
14,724,"In the past twenty four hours I have been feeling very very tired , and a little stressed . I am in my first semester of nursing school , and just started a new job . I just feel tired all the time and have a lack of social life .",2021-06-08T18:11:57.000000,1,false,-1.0,0.0,0.8654545454545456,0.5726000000000001
14,725,I have been feeling very happy . I have also been feeling very high energy . I have also been feeling more positive . Overall I am feeling very very good . I have been making sure to drink a lot more water which I believe helps,2021-06-15T16:29:45.000000,1,false,2.0,1.0,2.0171200000000002,0.39542857142857146
14,723,I fell asleep early and forgot to set my alarm for for . So then I woke up late and I was already supposed to be at work the time I had woke up . So then I had to rush to work and was one hour late thank goodness my boss is nice and let me slide on this one,2021-06-17T13:11:30.000000,1,false,-2.0,0.0,0.5584615384615386,0.9152413793103449
32,2069,I was feeling quite anxious and nervous . I drank some alcohol to help it . Then i was very tired all day And fell asleep quite early . I woke up deciding i would take a break from drinking for about a month .,2021-03-29T15:35:44.000000,1,false,-2.0,0.0,0.191,0.8184347826086956
32,2070,"I have been feeling pretty good but quite busy . I have not drank in 3 days and I am hoping to continue this for a few weeks . I may admit I have been tempted a few times in the past few days , However , I will work hard to keep it going .",2021-03-31T13:34:24.000000,1,false,0.0,1.0,0.9310476190476189,0.55856
32,2071,Yesterday I was feeling amazing ! I was productive all day and worked very hard and accomplished a lot . However I drank once I was done and today I feel a bit sluggish and tired . However I will get up and begin my day soon .,2021-04-05T17:58:39.000000,1,false,-2.0,0.0,0.7601739130434781,0.77032
32,2072,I have been feeling very positive and happy . I haven’t been drinking today and I have been doing great in my school work and had a productive day . I am excited to have a positive day tomorrow ! I have plans to get stuff done before I go to work .,2021-04-06T19:00:13.000000,1,false,1.0,1.0,2.0493333333333332,0.7315384615384616
32,2068,I had a great day yesterday . I got a lot of school work done and spent time with a very close friend which was great . I feel good today just pretty calm and have been resting before I head to work tonight .,2021-04-09T17:30:10.000000,1,false,0.0,1.0,1.740761904761905,0.6353333333333333
26,1537,"I feel worried more than nervous . I worry due to financial situations . I feel disappointed that I don’t make good decisions . I feel want more stability financially and emotionally , I spend much time day dreaming of my life in the future . I suppose I’m discontent with my current position in life .",2022-03-06T10:18:28.000000,2,false,-1.0,0.0,1.1133846153846156,1.1028799999999999
26,1538,I am feeling happy in general at the moment . I am with family and my mind is taken off of my worries . It’s been a busy day which has helped take my mind off things . I am looking forward to a busy week that will keep my mind occupied .,2022-03-06T16:18:51.000000,2,false,1.0,1.0,1.0991578947368421,0.7358947368421053
26,1539,Right now I’m feeling content . I did have a few drinks and ate some lasagna so that could’ve helped . Tomorrow I begin a busy week since it is spring break the next couple weeks will be pretty busy . I also have an exam in school but I’ll deal with that later .,2022-03-06T20:00:26.000000,2,false,0.0,1.0,1.2561739130434786,0.7372142857142857
26,1540,I am at work today and it will be busy so I don’t have much time to think about how I feel . I feel indifferent at the moment and am hopeful that it will be a good day . I have to focus on work and school and can’t let my mental state distract me too much .,2022-03-07T11:11:02.000000,2,false,0.0,1.0,1.2534399999999999,0.6033076923076922
26,1541,I’m happy at the moment . I get to go see my girlfriend after work and I work with fun people today so it’s not bad . Tomorrow is going to be busy with school . It’s cold today which sucks because we had 2 days of 80 degree weather . I’m ready for summer because there’s a lot of outdoor activities that take place . I feel like I don’t get out enough .,2022-03-07T15:02:23.000000,2,false,1.0,1.0,1.3346666666666671,0.9898888888888889
26,1542,I have to stay late at work so I’m not happy about that . I also have been looking for new jobs but I don’t know what I want to do and am not qualified for anything . I do not have a passion I feel like I can’t afford to have any passions or hobbies .,2022-03-07T20:01:12.000000,2,false,-1.0,1.0,1.6236000000000002,1.0082105263157894
26,1543,I actually feel pretty good today . I have school but I only have two classes and next week is spring break although I’ll have to work a lot . I could use the hours though . All in all I’m optimistic about today .,2022-03-08T10:03:50.000000,2,false,1.0,1.0,1.6080000000000003,0.5114736842105264
26,1544,I feel restless and not that happy . I just want to be in a good place financially and mentally . I try and be positive but it doesn’t work usually . I wish I could just know what to do to improve my mood .,2022-03-08T16:09:48.000000,2,false,-1.0,1.0,1.8695555555555556,0.9011578947368422
26,1545,My day is coming to a close with a few drinks . I shouldn’t drink that much it makes me feel fat . I need to work out more and I have time it’s just a motivation thing . I want to but I just can’t bring myself to do it . I feel stuck .,2022-03-08T20:20:04.000000,2,false,-1.0,1.0,0.9419999999999998,0.900090909090909
26,1546,Today is busy work wise . I have a lot to do and can’t really focus on my mental state . I do feel restless though but that’s probably because I’m so busy . Tomorrow will be busy too . I do like when it’s busy since it keeps my mind occupied .,2022-03-09T12:22:46.000000,2,false,-1.0,2.0,0.7603478260869564,0.7245
26,1547,I didn’t get enough sleep last night so I’m feeling tired at the moment . Work is busy due to spring break so that could be where my stress is coming from at the moment . I won’t have another day off for 10 days so that’ll be fun .,2022-03-09T15:59:11.000000,2,false,-2.0,0.0,0.5628333333333332,0.5954166666666667
26,1548,I got to leave work early so that makes me happy . I ate some good food so that makes me happy too . Overall today was not that bad . I wish all days could at least feel like this or better . Maybe it’s just a matter if mindset .,2022-03-09T22:09:52.000000,2,false,1.0,1.0,1.6574117647058826,0.9144166666666667
26,1549,It’s a nice day out so I’m happy . I ate a good lunch with my girlfriend so today has been good . I do work later but it is what it is . Hopefully it’s not super busy because I don’t want people at work to ruin my good mood . People can be so intolerable .,2022-03-10T11:13:58.000000,2,false,1.0,1.0,1.5366666666666664,0.8045384615384615
26,1550,I’m happy right now because I don’t have to go into work which is good . I did have a few drinks I don’t feel like that was smart but it’s okay . I’ve pretty much just accepted that this is a part of life for now that I’ll deal with later .,2022-03-10T17:22:04.000000,2,false,1.0,1.0,1.6550476190476198,0.9366153846153846
26,1551,I’m tired right now . Not sure why . I was day drinking so that probably would do it . Anyway I’m not necessarily unhappy . I am tired though . I go to work early tomorrow and it’s Friday so it’ll be busy . Hopefully the day goes fast .,2022-03-10T20:00:28.000000,2,false,-2.0,0.0,0.6166,0.7585833333333334
26,1552,I don’t feel great this morning . I don’t want to go to work and deal with people . Some people are so entitled and don’t care how they make you feel as long as they get their way . Other people are great and are no problem but I don’t understand why some have to be so bad .,2022-03-11T10:07:33.000000,2,false,-1.0,1.0,1.1201904761904764,0.98552
26,1553,"It hasn’t been a bad day but it’s moving slowly . Today is the first day of nine straight days I have to work . It’s also cold today and cloudy , I wish the sun would come out . I get off in about 2 hours so hopefully it goes fast .",2022-03-11T16:05:51.000000,2,false,-1.0,0.0,0.7484,0.6992727272727273
26,1554,Im doing okay . I’ve felt better and felt worse so overall not that bad . I wish I could just be content all the time . I don’t know how to improve my state of mind . Anyway tomorrow is a new day but also kind of the same in every way .,2022-03-11T20:52:26.000000,2,false,0.0,1.0,1.1621818181818182,0.5738260869565217
26,1555,My girlfriend seems off and I’m not sure if it’s because my mood or not . I’m sure it’s nothing but if it is me I didn’t do it in purpose . When I ask her she says it’s not but I still don’t believe her . Sounds like a me problem .,2022-03-12T11:02:09.000000,2,false,-2.0,2.0,0.776923076923077,0.6352
26,1556,Work is busy but not that bad . The people have been nice . I’m doing better than earlier today and actually feel a bit happy . I wish I enjoyed my job everyday . Maybe once I move on to something better I will .,2022-03-12T15:15:32.000000,2,false,1.0,1.0,1.4162105263157898,0.8783
26,1557,My girlfriend is leaving for a few days which sucks because we usually spend today together . Also the time changes tomorrow and I’m going to lose an hour of sleep so that’s not fun . Anyway it is what it is .,2022-03-12T21:13:11.000000,2,false,-1.0,1.0,0.6264000000000001,0.8804
26,1558,Busy day at work hopefully it’s not too bad . I’m tired from the time change . I don’t really know what to say for this right now . Sometimes I don’t really feel like anything so sorry if this entry isn’t that helpful .,2022-03-13T11:45:30.000000,2,false,0.0,1.0,0.7701176470588236,0.664125
26,1559,Today has been long . A lot of people are getting sick that I know . Also at work the printer isn’t working and I can’t figure out what’s wrong with it and it’s super annoying because I’m not an IT guy .,2022-03-13T16:18:35.000000,2,false,-2.0,0.0,0.18828571428571422,0.8120999999999999
26,1560,"I’m running late to work , someone almost hit my car and my shift is like 10 hours today . People have been leaving bad reviews on ORG  as well . My staff and I are trying our best to make these people happy but all they can do is leave bad reviews .",2022-03-14T11:13:55.000000,2,false,-2.0,2.0,0.7678260869565218,0.90904
26,1561,Work has been busy today . They day has gotten better from earlier . The sun is out and the weather is nice which is nice but I wish I could go enjoy it . Today has not been awful like I thought it was gonna be .,2022-03-14T16:56:01.000000,2,false,0.0,1.0,1.8141176470588238,0.6732800000000001
26,1562,Today has been long but all in all it hasn’t been bad . The time change has made me tired but I’m making it . Still have a long week ahead of me but I’m sure it’ll be fine and then I have a break Saturday which will be nice .,2022-03-14T20:46:00.000000,2,false,0.0,1.0,0.906,0.3746666666666667
26,1524,Work was long yesterday so I’m pretty tired today but today is going smoothly . I’m not stressed and the people I’ve had today have been nice . The sun is out and it’s getting warmer . I only have 4 more days until my next day off .,2022-03-15T15:00:13.000000,2,false,1.0,1.0,1.473176470588235,0.6735
26,1525,I get to spend time with my girlfriend tonight which makes me happy . We made pizza and watched a movie . This week has been long but it’s almost half way done . I could use a break from work . It’s been so busy I haven’t had time to think .,2022-03-15T20:48:39.000000,2,false,1.0,1.0,1.1632941176470588,0.75256
26,1526,"I have a headache , I usually get between 3 and 4 headaches a week . No telling what this one is from . I don’t work until later today so I’m happy about that . I’m stressed though because my dog has a hot spot and he’ll need to go to the vet so that’s another thing I have to deal with .",2022-03-16T10:49:41.000000,2,false,-1.0,0.0,0.3162222222222222,0.9083076923076923
26,1527,On day 6 in a row with having to go to work with 3 more still to go . It’s not a physically demanding job but when you’re dealing with people it gets tiring . And people are never satisfied . They act like they’re talking to a machine and not a person .,2022-03-16T15:25:21.000000,2,false,-1.0,1.0,0.8310000000000001,0.68025
26,1528,Today has not been as bad as I thought it would be . The guests have been nice and easy to deal with . Only two more days until my next day off . I’ve been feeling better in general lately . Hopefully it continues .,2022-03-16T20:36:04.000000,2,false,1.0,1.0,1.8728000000000002,0.3560000000000001
26,1529,I have two more days of work and then a day off . My girlfriend and I are going down town and definitely going to drink but not in a “today sucked I’m sad” way . So I’m not sure if that will skew your results . Anyway today I’m optimistic a rare feeling for me .,2022-03-17T10:54:54.000000,2,false,1.0,1.0,0.9527999999999999,0.8215454545454546
26,1530,Todays been busy and I’m ready to leave . The person replacing me today is always late so I’m sure it’ll happen today . I’m impatient today and all I can think about is going home . Today hasn’t been totally bad but it could’ve gone better .,2022-03-17T16:27:32.000000,2,false,-1.0,2.0,0.7457142857142858,0.5740000000000001
26,1531,I had a good dinner and time with my family . Tomorrow is my last day of work before I have off . The past few days my mood has been improving I’ve been happier and more energetic overall . Things are on the up and up .,2022-03-17T21:18:32.000000,2,false,1.0,1.0,1.939789473684211,0.7394000000000001
26,1532,I have off tomorrow so I’m happy . I just have to make it through one more shift . I definitely could use the break . This spring break has been so busy and I’ve worked 9 days in a row . I’m going to remain positive today .,2022-03-18T11:50:47.000000,2,false,1.0,1.0,1.4581052631578948,0.6057894736842105
26,1533,Today has been a busy day . I have 3 more hours before I can go home so I’m excited about that . Work hasn’t been terrible today so I think I’m gonna make it through . I can’t wait for a day off tomorrow .,2022-03-18T15:29:05.000000,2,false,0.0,2.0,0.8741052631578947,0.6904545454545454
26,1534,"I am relieved that I’m off from work for a couple of days . It’s nice to have a break after working for 10 days straight . It’ll be good to have some time to catch up with friends and family , and I’m going to take my dog on a walk .",2022-03-18T21:09:33.000000,2,false,2.0,0.0,1.9632,0.8857777777777778
26,1535,"I was stressed this morning because I had a lot to get done . I’m doing much better now because I finished all of my tasks , and now I get to enjoy my day off with my family and girlfriend . We are spending the day outside .",2022-03-19T12:36:19.000000,2,false,0.0,2.0,1.1093333333333335,0.9005714285714286
26,1536,I’m sorry I missed my 3 o’clock survey . Today has been busy I’ve been on a “staycation” with my girlfriend and family . But I am happy and I’m not stressed for once and it’s been a good day . I also have tomorrow off I’m good for a bit .,2022-03-19T20:12:34.000000,2,false,2.0,1.0,1.2634666666666667,0.52925
